subreddit,word,num_words,avg_score,lower_95,median,upper_95,score_rank,relative_vector_x,relative_vector_y,relative_vector_z,absolute_vector_x,absolute_vector_y,absolute_vector_z
3DS,bros,1185,32.243,0,1,281,1,2.8224127,0.3636778,2.335444,0.1500464,-0.6736158,-1.189475
3DS,super,1377,28.482,0,2,229,2,1.3729535,-1.7819421,-0.16985074,-0.9203502,-2.7287827,-0.009699114
3DS,zelda,1259,27.093,0,1,239,3,4.607412,1.8981942,-0.9716596,1.922477,-0.92023623,-1.2469869
3DS,smash,1547,26.365,0,1,275,4,1.9713744,-0.30684975,3.5522947,-0.04316069,-1.0350449,-0.8347062
3DS,now,1397,25.833,0,1,219,5,-1.7002789,0.41792753,0.8047053,-2.8247273,-0.011966664,0.30824298
3DS,all,1114,24.538,0,1,184,6,-2.1711135,0.5379414,0.48286176,-3.2166746,-0.068885975,0.47858277
3DS,nintendo,6553,24.44,0,1,194,7,4.392415,0.6848449,-0.98919916,1.4279279,-1.1871264,0.60797685
3DS,x,1426,24.085,0,1,188,8,0.06499515,-3.5956972,-1.3898259,-1.1175205,-3.2103586,-0.32081115
3DS,has,1705,23.012,0,1,188,9,-1.2224692,1.3531051,-2.0155008,-2.2448533,-0.0649025,0.4776435
3DS,r,1467,22.902,0,4,171,10,-0.07287253,-4.6307826,-1.1164322,-1.3318741,-2.923924,0.8412996
3DS,us,1174,22.601,0,2,146,11,-1.5279244,0.30324647,1.0129005,-2.3342493,0.076385766,1.4165329
3DS,3d,2652,22.079,0,2,150,12,None,None,None,None,None,None
3DS,time,1049,21.891,0,1,172,13,-1.2836248,-0.30084234,0.2897388,-2.5689878,-0.6856868,0.21413173
3DS,at,2040,21.677,0,2,162,14,-2.2937672,0.5943648,1.2717088,-2.569361,-0.56025684,0.48392066
3DS,in,6524,21.637,0,1,179,15,-2.7821898,0.74759865,-1.2840714,-2.8785682,-0.5683023,1.1003566
3DS,free,1080,21.17,0,1,163,16,-0.93754935,-0.6212522,1.5526315,-1.461445,-0.7716073,1.2995393
3DS,your,2005,21.053,0,3,156,17,-2.6107306,1.6083606,-0.18209492,-3.7252882,0.5087585,0.337032
3DS,of,7916,20.92,0,2,159,18,-2.4655297,1.5279763,-1.5678306,-2.9982007,0.07186476,1.1668499
3DS,4,1219,20.804,0,1,179,19,None,None,None,None,None,None
3DS,pokemon,1832,20.542,0,1,182,20,3.836486,1.200129,-1.6158204,0.7088404,-1.2812434,-0.9237376
Advice,his,1068,3.037,0,2,17,1,2.207633,-0.1545317,2.5959632,-2.9064577,0.89347196,-0.6014442
Advice,been,1301,2.925,0,1,14,2,-0.7263343,1.9246585,0.69523776,-2.828824,1.065512,-0.18167289
Advice,has,1879,2.88,0,1,15,3,-1.8370597,-0.06362438,2.817587,-2.2448533,-0.0649025,0.4776435
Advice,him,1098,2.879,0,1,17,4,1.3845158,0.030597901,0.6519608,-3.1272774,0.7650703,-0.98501414
Advice,years,1353,2.795,0,1,14,5,0.0330732,0.8592426,-0.48535177,-2.0438457,0.7118587,0.2206025
Advice,was,1617,2.632,0,1,14,6,-0.26605874,2.0383198,0.55062366,-3.1935225,0.4661826,-0.7393948
Advice,old,1674,2.593,0,1,15,7,0.5169607,0.21857159,-0.74904394,-2.1879292,0.23916592,-0.89891815
Advice,serious,1170,2.578,0,1,12,8,-0.45531937,-0.8433913,-2.5837517,-1.5186927,0.38940623,-0.079886325
Advice,mom,1008,2.566,0,1,12,9,1.2108734,-1.7337779,-1.4737918,-2.4358513,0.32242885,-1.5319763
Advice,her,2544,2.511,0,1,14,10,3.7177207,-1.5031768,1.6999875,-3.1888888,0.1947253,-1.2958006
Advice,she,1185,2.507,0,1,15,11,1.0005122,-0.8865421,0.2790865,-3.4891548,0.56836784,-1.3699143
Advice,no,2029,2.503,0,1,11,12,-5.054322,-3.4317195,1.514323,-1.9434946,-2.7007306,0.513746
Advice,just,2812,2.488,0,1,12,13,-0.580495,1.1070105,-0.7424391,-3.5247202,0.3733556,-0.45759273
Advice,now,1911,2.473,0,1,12,14,-0.9262079,1.2223656,-1.2878878,-2.8247273,-0.011966664,0.30824298
Advice,by,1183,2.466,0,1,13,15,-0.74694604,2.3186119,-0.65427864,-1.9502953,-0.116353825,0.59982204
Advice,girlfriend,1827,2.459,0,1,13,16,1.0242991,-3.3687534,-1.7425053,-1.6343548,0.27033776,-1.6099055
Advice,got,1499,2.399,0,1,12,17,-0.20708118,0.68452764,-0.0011550025,-2.9497821,0.37691778,-0.89768565
Advice,know,3463,2.395,0,1,10,18,-0.697579,0.020972766,-1.1979378,-3.2192173,0.42974424,-0.24964502
Advice,and,15689,2.386,0,1,11,19,-0.23151802,1.2120622,-0.02839113,-3.4310362,0.294699,0.15188493
Advice,my,24216,2.384,0,1,11,20,0.63333166,0.3485794,0.14176586,-3.730388,-0.22782871,-0.46035725
AdviceAnimals,daughter,2407,200.405,0,3,2780,1,-2.377232,-0.24635185,-0.16165979,-1.1851778,1.2682079,-1.8982751
AdviceAnimals,grandfather,1078,188.742,0,4,2277,2,-1.1035725,1.8605363,-1.6417223,0.9024167,1.617522,-1.7829925
AdviceAnimals,comcast,1057,175.463,0,3,2904,3,4.4762087,0.3318463,-1.4880207,1.8418663,0.98849374,0.8786375
AdviceAnimals,married,2868,158.269,0,3,2254,4,-1.8575631,-2.4219706,0.8812747,-1.1832893,0.68308395,-1.2261817
AdviceAnimals,wife,1322,156.497,0,3,2436,5,-2.5966504,-1.2512211,0.7854708,-1.4575951,0.8743942,-1.3490343
AdviceAnimals,gentlemen,2039,156.29,0,3,2417,6,0.58657545,-1.2862672,1.4601183,0.50062495,0.7408413,-0.97426367
AdviceAnimals,grandpa,1767,155.28,0,3,2281,7,-1.3915759,1.9144647,-1.6366767,-0.20930295,0.9929,-2.385135
AdviceAnimals,retail,2756,153.782,0,4,2172,8,4.5571556,-1.4503199,-0.40998548,1.080354,0.49098057,2.4431362
AdviceAnimals,uncle,2138,152.646,0,3,2252,9,-1.5985972,1.2975891,-1.981167,-0.8371146,0.3108187,-2.0043092
AdviceAnimals,coworker,4371,150.61,0,3,2319,10,1.107488,2.742461,1.7285213,0.979958,1.5352628,-1.2158076
AdviceAnimals,hospital,1327,150.522,0,3,2451,11,0.8091368,-2.8299851,-3.1706264,-0.34732327,-0.8003351,0.6842908
AdviceAnimals,overheard,2957,149.332,0,3,2209,12,1.5275688,2.1873136,1.6438353,1.4143001,1.5530423,-1.3260823
AdviceAnimals,husband,3371,148.916,0,2,2254,13,-2.2459483,-0.9543335,0.82097477,-1.1296413,1.1388563,-1.3821201
AdviceAnimals,former,1307,148.864,0,3,2299,14,0.82143354,-1.0541382,-1.8193696,0.5256534,0.7777838,1.054178
AdviceAnimals,girlfriend,1700,145.43,0,3,2075,15,-2.0018346,-1.4402387,1.9712555,-1.6343548,0.27033776,-1.6099055
AdviceAnimals,neighbor,2411,144.964,0,3,2210,16,-0.6884503,2.0208685,0.82276064,-0.055770796,1.8041536,-1.4329123
AdviceAnimals,parent,1474,144.872,0,3,2014,17,0.19630682,-0.44846106,0.61306065,-0.08993698,0.73716414,0.14350629
AdviceAnimals,aunt,1047,142.157,0,3,2348,18,-1.7488965,1.818628,-1.5629362,-0.5977191,0.975275,-2.1920102
AdviceAnimals,expecting,1352,140.632,0,3,2246,19,0.36208722,-1.1589124,1.1097766,-0.5093507,1.667629,-0.95224506
AdviceAnimals,cashier,1476,137.816,0,3,2180,20,3.1663563,0.3684908,2.035114,0.8668842,1.2481526,-0.63007766
Android,chromecast,1113,112.458,0,1,1100,1,4.2709737,2.6089427,1.9996301,3.2971973,0.258728,0.52780056
Android,psa,1081,101.784,0,3,994,2,-0.053892493,1.184198,0.07418344,1.7375541,-0.10821458,0.41093138
Android,says,1314,96.596,0,1,1064,3,-1.7650912,-1.211462,2.1149018,-1.4983666,1.1672487,0.63161117
Android,material,1486,92.516,0,1,856,4,-1.482032,1.5896926,-2.6593857,0.30711237,-0.82239425,0.5464387
Android,microsoft,1085,91.725,0,1,996,5,2.7577047,-2.0913067,-0.46268,1.4053435,-0.79853916,2.6357322
Android,project,1254,86.774,0,2,769,6,-1.3438957,-0.7718688,-1.0843462,-0.32902253,-0.71208954,1.4409052
Android,announces,1367,81.367,0,2,787,7,0.71273303,-0.82166594,1.5967399,1.4819396,0.5748059,1.8532023
Android,thread,1049,80.105,0,46,376,8,-0.8814096,3.7358785,-1.756674,1.2676537,0.21588847,-0.08971784
Android,here,1041,79.211,0,2,587,9,-2.5925715,0.09643976,1.2842017,-2.6188154,0.12210431,0.24904615
Android,glass,1258,78.477,0,1,954,10,0.1521678,-0.21014166,-1.8984525,-0.0054672835,0.15273462,-0.21719357
Android,design,2456,74.029,0,1,690,11,-0.9948007,-0.723991,-3.452429,0.122852676,-0.73724777,1.8233107
Android,google,1534,73.7,0,1,731,12,2.7172832,-1.9185845,-0.13445751,0.10840304,-1.6534,2.4000084
Android,oneplus,1831,70.733,0,1,717,13,None,None,None,None,None,None
Android,wear,1206,70.65,0,1,622,14,-3.8739069,0.9546763,0.9614177,-1.7547228,0.8839018,-0.9594812
Android,maps,1569,69.982,0,1,691,15,2.4985433,-0.49749625,-0.41716152,1.230036,-0.5255116,1.9110703
Android,apple,4210,69.461,0,1,758,16,1.9537631,-3.1004167,-0.96622455,0.11965286,-1.0582948,1.7052493
Android,big,1158,68.161,0,1,677,17,-2.2970707,-1.6418519,1.2781408,-2.0308697,-0.9441441,-0.031145213
Android,year,1694,67.045,0,1,677,18,-2.8688738,-0.78237665,1.8448933,-2.3330073,0.2867338,0.3811472
Android,updated,2998,66.538,0,2,581,19,0.21651728,1.0705037,0.37686223,0.2797747,0.43308687,1.3350458
Android,hangouts,2107,66.319,0,1,743,20,2.873858,2.5308318,1.3008411,2.664404,-0.027248994,0.4161993
AndroidQuestions,why,2363,4.285,0,2,21,1,-0.22737646,-0.3339374,-1.0878506,-2.7720356,0.5529339,-0.0028814145
AndroidQuestions,your,1016,3.971,0,2,19,2,-1.1270053,0.24555662,-0.17479423,-3.7252882,0.5087585,0.337032
AndroidQuestions,has,1554,3.88,0,2,17,3,0.39772266,-1.8874835,3.927543,-2.2448533,-0.0649025,0.4776435
AndroidQuestions,google,5957,3.873,0,2,16,4,4.1214724,-4.6473913,-1.4921871,0.10840304,-1.6534,2.4000084
AndroidQuestions,now,2285,3.862,0,2,16,5,0.008594057,0.31623712,-0.20433526,-2.8247273,-0.011966664,0.30824298
AndroidQuestions,you,2131,3.825,0,2,17,6,-1.4054717,0.43404263,-1.1749228,-4.033075,-0.037475616,-0.28735858
AndroidQuestions,are,2423,3.806,0,2,16,7,-1.6000785,-0.012527793,0.328669,-3.1324968,0.5529448,0.6463594
AndroidQuestions,so,1192,3.782,0,2,17,8,-0.27011564,0.10271383,-1.0001901,-3.1185777,-0.6882985,-0.21709311
AndroidQuestions,what,4830,3.76,0,2,16,9,-0.664357,0.042296503,-0.3435666,-3.2040205,0.28209987,-0.0018237375
AndroidQuestions,of,5635,3.72,0,2,15,10,-0.77994376,-0.44936433,2.21526,-2.9982007,0.07186476,1.1668499
AndroidQuestions,lollipop,1571,3.711,0,3,13,11,5.8882027,3.7093499,0.70661455,1.409024,-0.10701028,-2.0788834
AndroidQuestions,just,1806,3.7,0,2,14,12,-0.61639065,0.306146,0.13155974,-3.5247202,0.3733556,-0.45759273
AndroidQuestions,like,1226,3.671,0,2,16,13,-0.17921431,0.52890867,-0.49703678,-3.2754328,-0.06366012,-0.74290675
AndroidQuestions,that,3631,3.656,0,2,15,14,-1.0521302,0.2926473,0.4734146,-3.7552161,0.8998972,-0.031067893
AndroidQuestions,does,2444,3.64,0,2,16,15,-0.22660406,-0.073917225,0.11985214,-2.6269302,1.2335058,-0.051058374
AndroidQuestions,all,1564,3.602,0,2,15,16,-0.8956982,0.27975938,0.26914167,-3.2166746,-0.068885975,0.47858277
AndroidQuestions,make,1099,3.601,0,2,14,17,-0.0841963,0.27832347,-1.7397411,-2.8032298,0.14797789,0.20531139
AndroidQuestions,i'm,1430,3.598,0,2,15,18,None,None,None,None,None,None
AndroidQuestions,if,1534,3.592,0,2,14,19,-0.96143645,0.48996854,-0.8676103,-3.4172652,0.6949564,0.07018097
AndroidQuestions,only,1119,3.568,0,2,16,20,-0.32597232,0.37867278,0.41018197,-2.7601547,0.60493195,0.26616576
AnimalCrossing,was,1186,69.596,0,19,483,1,-1.3613093,0.75154287,1.7454215,-3.1935225,0.4661826,-0.7393948
AnimalCrossing,made,1175,66.779,0,23,391,2,-0.7196051,0.5043344,0.27350995,-2.28509,0.5075963,-0.4901376
AnimalCrossing,this,3602,65.117,0,14,436,3,-0.14012283,0.9675629,-0.31068754,-3.423039,0.12052153,0.25829396
AnimalCrossing,when,1028,52.964,0,6,399,4,-0.56533724,-0.2128851,-0.8853668,-3.621951,1.0671849,-0.3380017
AnimalCrossing,like,1222,51.677,0,6,395,5,-0.85938716,-0.3083825,-0.9810525,-3.2754328,-0.06366012,-0.74290675
AnimalCrossing,my,8266,50.619,0,7,383,6,0.54864293,0.7284721,-1.8763117,-3.730388,-0.22782871,-0.46035725
AnimalCrossing,at,1269,48.657,0,5,389,7,2.7758203,-3.6366408,0.6520471,-2.569361,-0.56025684,0.48392066
AnimalCrossing,i'm,1288,48.109,0,7,410,8,None,None,None,None,None,None
AnimalCrossing,not,1055,47.97,0,6,372,9,-0.97911245,-0.5366221,1.0112842,-3.244656,0.52007806,0.40083283
AnimalCrossing,i,11329,47.624,0,5,366,10,-0.30936322,-2.1179047,-2.4528842,-3.6094012,-1.000925,-0.32947692
AnimalCrossing,all,1093,47.458,0,7,336,11,0.19129752,0.17021933,-0.82598543,-3.2166746,-0.068885975,0.47858277
AnimalCrossing,of,5050,46.546,0,7,349,12,2.6879334,1.9913706,0.6609842,-2.9982007,0.07186476,1.1668499
AnimalCrossing,it,2537,46.497,0,6,341,13,-0.956355,0.34752017,-0.24620104,-3.6389697,0.21471155,0.22040805
AnimalCrossing,so,2028,45.418,0,8,336,14,-2.3602674,-0.22870311,0.3407341,-3.1185777,-0.6882985,-0.21709311
AnimalCrossing,today,1197,44.744,0,7,344,15,0.31386876,-0.20427507,1.2305641,-2.7574947,0.25998557,0.34778124
AnimalCrossing,that,1548,43.896,0,6,301,16,-0.77868277,0.9744407,-0.4581014,-3.7552161,0.8998972,-0.031067893
AnimalCrossing,from,1718,43.858,0,5,349,17,2.1185424,0.5702279,0.35949647,-2.6115398,0.27107444,0.51758957
AnimalCrossing,got,1325,42.133,0,7,318,18,-0.73288214,0.01456827,-0.26198545,-2.9497821,0.37691778,-0.89768565
AnimalCrossing,the,9057,41.861,0,5,333,19,1.8870114,1.4558617,-0.2152498,-3.2426047,-0.24358808,0.80810684
AnimalCrossing,be,1241,41.597,0,6,324,20,-0.7606944,-1.2307103,2.2397854,-3.2174866,0.08383241,0.17779635
Anxiety,today,1114,19.455,1,4,144,1,-0.10023858,-1.3634973,0.279486,-2.7574947,0.25998557,0.34778124
Anxiety,else,1891,17.608,1,4,119,2,0.8051094,2.4621634,-1.3968935,-2.3998125,1.1771288,-0.3504384
Anxiety,this,4440,16.583,0,3,140,3,-0.8389622,-1.0496675,0.20597723,-3.423039,0.12052153,0.25829396
Anxiety,people,1286,16.551,0,4,130,4,0.071150206,0.9636655,0.8855999,-3.1653438,1.1312002,0.8718072
Anxiety,all,1052,16.427,0,3,140,5,-1.0357702,-0.7215215,1.3320836,-3.2166746,-0.068885975,0.47858277
Anxiety,that,2498,15.526,0,3,109,6,-1.2026252,0.06410263,0.27708107,-3.7552161,0.8998972,-0.031067893
Anxiety,does,1782,15.379,1,4,114,7,0.1819775,1.402403,-0.20499766,-2.6269302,1.2335058,-0.051058374
Anxiety,you,4032,14.633,0,3,122,8,-1.4810894,0.5471175,0.53580546,-4.033075,-0.037475616,-0.28735858
Anxiety,depression,1066,14.598,0,3,89,9,6.6667185,-0.8264109,1.6175785,0.24992757,1.33822,0.16264002
Anxiety,when,1817,14.39,0,3,114,10,-0.510332,0.94680953,0.49606547,-3.621951,1.0671849,-0.3380017
Anxiety,like,2348,14.125,1,3,106,11,-0.88364047,0.06226217,0.0052071945,-3.2754328,-0.06366012,-0.74290675
Anxiety,feel,2600,13.589,1,3,112,12,0.60456055,0.7930265,-0.17710951,-2.9205418,0.6213269,-0.8857981
Anxiety,anyone,3331,13.572,1,3,107,13,1.004503,2.1555157,-1.2697686,-2.2393775,1.1760718,0.051271945
Anxiety,the,7229,13.402,0,3,112,14,-1.2630292,-2.3464081,0.89056754,-3.2426047,-0.24358808,0.80810684
Anxiety,from,2287,13.264,0,3,113,15,-0.32962593,-1.9959654,1.2972788,-2.6115398,0.27107444,0.51758957
Anxiety,it,4134,12.998,0,3,115,16,-0.9566432,-0.45041272,-0.1207295,-3.6389697,0.21471155,0.22040805
Anxiety,just,2962,12.966,0,3,99,17,-0.82258016,-0.06985572,0.15071587,-3.5247202,0.3733556,-0.45759273
Anxiety,think,1300,12.639,0,3,97,18,-0.2277025,1.0666043,-0.0030617735,-3.0465298,0.9089453,-0.4417823
Anxiety,an,1842,12.245,0,3,96,19,0.9308171,-3.0140254,-4.3527594,-2.1368263,-0.7357933,0.54226786
Anxiety,if,1350,12.018,1,3,88,20,-0.61259854,1.3740972,-0.44812536,-3.4172652,0.6949564,0.07018097
Aquariums,he,1040,37.696,0,13,251,1,-1.5807297,0.1428678,-4.0568748,-2.7646928,-0.82008827,-0.5936299
Aquariums,his,1229,37.694,0,13,228,2,-2.687107,1.1673131,-2.6238966,-2.9064577,0.89347196,-0.6014442
Aquariums,today,1103,35.915,1,12,221,3,-0.8670829,0.38872042,1.4962021,-2.7574947,0.25998557,0.34778124
Aquariums,at,2184,34.938,0,10,227,4,-0.73189676,0.9684491,1.5924889,-2.569361,-0.56025684,0.48392066
Aquariums,was,1317,33.469,0,10,240,5,-2.0001435,0.11451285,-1.0476466,-3.1935225,0.4661826,-0.7393948
Aquariums,little,1395,33.391,0,11,198,6,0.054140683,-0.47063094,0.32866284,-2.4438357,-0.40357372,-1.0860568
Aquariums,x,1098,29.805,0,7,218,7,3.469443,-1.7818211,-1.9147667,-1.1175205,-3.2103586,-0.32081115
Aquariums,r,1977,29.656,0,7,229,8,3.834397,-3.0671103,-1.0148695,-1.3318741,-2.923924,0.8412996
Aquariums,got,2067,29.197,0,9,197,9,-1.4981166,0.2454515,-0.0302836,-2.9497821,0.37691778,-0.89768565
Aquariums,post,1456,29.143,0,7,218,10,1.4661775,0.73677015,0.32863277,-0.96799123,-0.9700228,1.1414212
Aquariums,after,1103,28.318,0,9,186,11,-0.91566527,1.1147641,0.04404768,-2.4006298,0.6087824,0.34676394
Aquariums,guys,1314,27.899,0,8,172,12,0.48395512,-0.32671311,2.040169,-2.5332708,0.02028608,-0.34945717
Aquariums,all,1348,27.375,0,7,210,13,-0.5076076,-0.77207726,1.299111,-3.2166746,-0.068885975,0.47858277
Aquariums,reef,1111,27.182,0,9,153,14,4.107494,5.2222853,-0.35013258,2.2941022,0.30375156,-0.3529238
Aquariums,one,2032,27.168,0,8,170,15,0.12692434,-0.97447354,-0.19911137,-2.7863765,-0.7878009,0.0035640583
Aquariums,time,1056,27.007,0,7,202,16,0.3553103,-0.49680707,0.76066864,-2.5689878,-0.6856868,0.21413173
Aquariums,like,1726,26.9,0,7,186,17,-0.95264596,-0.5707405,0.5486984,-3.2754328,-0.06366012,-0.74290675
Aquariums,here,1070,26.31,0,7,171,18,-0.41833705,0.09801458,1.5808967,-2.6188154,0.12210431,0.24904615
Aquariums,so,2005,25.961,0,8,161,19,-0.57323766,-1.6880429,0.6797976,-3.1185777,-0.6882985,-0.21709311
Aquariums,the,10785,25.815,0,7,181,20,-1.1652766,-0.05073382,0.5382068,-3.2426047,-0.24358808,0.80810684
Art,collection,2180,60.924,0,1,626,1,-1.4966626,1.4635046,2.0915534,0.2763002,-0.28919336,0.21068509
Art,2012,1255,54.458,0,1,482,2,None,None,None,None,None,None
Art,wood,1849,53.698,0,2,490,3,0.61800194,2.1615522,-1.1466731,0.39645427,0.3918757,-0.77553743
Art,a4,1066,53.303,0,2,498,4,None,None,None,None,None,None
Art,pencils,1070,52.861,0,2,562,5,3.8912423,-4.215617,-0.34923646,1.434227,1.5970892,-0.9673969
Art,finished,1423,51.653,0,2,650,6,-1.7272142,-0.48991087,-0.5659932,-0.99145347,0.9136633,-0.64287114
Art,graphite,1956,51.57,0,3,476,7,3.7392309,3.2494836,0.89484537,3.2364776,0.5214987,-0.3961195
Art,self,2457,48.149,0,2,425,8,-2.4553838,-1.5232693,-1.1813071,-1.470014,0.8366384,-0.06987787
Art,pen,4239,46.795,0,2,482,9,0.42789245,-1.131656,0.9628145,0.333628,-1.3780096,-0.3806068
Art,done,1679,46.517,0,1,391,10,-2.8533702,-1.849706,-1.7860518,-2.2952251,0.3088358,-0.34343135
Art,watercolor,3904,46.411,0,2,485,11,2.190719,0.91611654,1.226471,2.83175,0.89884543,-1.0564513
Art,album,2145,46.132,0,1,510,12,-3.6137793,-0.04631544,3.5088522,-1.0127494,-1.6028835,-0.10733312
Art,oil,7243,45.143,0,2,409,13,-0.53310007,2.2751453,-3.9547236,0.4372456,0.872759,1.385897
Art,colored,1593,44.793,0,2,434,14,1.8674359,-0.48969755,-0.7156012,0.78251904,1.2043978,-1.4685583
Art,ink,5560,44.737,0,2,396,15,0.5381324,-0.12390279,0.5742387,0.6744795,-0.20020996,-0.44394112
Art,by,21204,44.586,0,1,355,16,-3.3570292,0.2575779,0.08682352,-1.9502953,-0.116353825,0.59982204
Art,charcoal,2111,43.886,0,2,458,17,2.647771,1.4875486,-0.020663213,2.1968338,0.780579,-1.2697147
Art,space,1004,43.622,0,1,274,18,-2.279097,0.57284117,-0.17687395,-0.42436913,-0.23902121,0.89018553
Art,pencil,5822,41.689,0,1,412,19,2.3952148,-2.5136933,0.55152404,0.46587712,0.80711335,-1.2806745
Art,2013,2733,41.337,0,1,340,20,None,None,None,None,None,None
AskHistorians,still,1183,60.976,0,5,585,1,-1.3303874,0.27022648,0.25907606,-2.8936749,0.5518433,-0.28754175
AskHistorians,he,2195,59.109,0,5,752,2,-1.5205871,-3.0079136,-1.637168,-2.7646928,-0.82008827,-0.5936299
AskHistorians,while,1026,56.388,0,6,581,3,-0.39137498,0.13040096,-0.11157051,-2.3084924,1.1693336,-0.08994783
AskHistorians,they,7120,53.018,0,6,544,4,-1.384481,1.3533148,1.2850167,-3.5051446,1.4383961,0.38971087
AskHistorians,my,1962,52.621,0,5,626,5,-1.9496895,-0.7962061,-0.19859529,-3.730388,-0.22782871,-0.46035725
AskHistorians,times,1411,52.4,0,5,547,6,0.86121374,0.2831871,-0.17379078,-1.8259547,0.5680162,0.51176506
AskHistorians,romans,1204,51.802,0,9,396,7,4.902046,-2.5387063,4.018292,1.4778676,1.0367733,-0.44104552
AskHistorians,actually,1972,51.781,0,6,463,8,-0.85589796,0.6301201,0.38856012,-2.6438062,1.169981,-0.5281807
AskHistorians,his,2868,51.576,0,5,514,9,-1.5472962,-2.8087955,-1.2979251,-2.9064577,0.89347196,-0.6014442
AskHistorians,them,2152,51.299,0,6,512,10,-0.85837716,0.7062725,1.6515,-3.2708795,1.2085484,0.06055402
AskHistorians,soldiers,1645,51.118,0,6,521,11,4.007722,1.2034153,-0.71964395,0.6754139,1.2216628,0.3715078
AskHistorians,years,2118,50.22,0,4,581,12,0.35192022,0.016892897,-0.8357383,-2.0438457,0.7118587,0.2206025
AskHistorians,one,2534,49.409,0,5,557,13,-0.8648302,-0.07749633,0.25509194,-2.7863765,-0.7878009,0.0035640583
AskHistorians,this,6213,48.86,0,5,413,14,-1.7224084,0.3436446,-0.19395652,-3.423039,0.12052153,0.25829396
AskHistorians,TRUE,1535,47.687,0,6,400,15,None,None,None,None,None,None
AskHistorians,women,1113,47.551,0,5,477,16,1.2913051,3.6748254,-0.67536366,-1.4514148,1.2789212,0.8316661
AskHistorians,medieval,2679,47.349,0,7,379,17,4.94999,-0.45588714,-2.8724906,2.209687,0.20803986,-0.26363596
AskHistorians,such,2326,46.883,0,6,368,18,-0.2740131,0.23279144,-0.5940141,-2.2073176,1.0231355,-0.6337797
AskHistorians,just,2123,46.822,0,6,377,19,-2.0555222,0.49011612,0.60963595,-3.5247202,0.3733556,-0.45759273
AskHistorians,but,2537,46.575,0,5,463,20,-1.6093413,0.349799,0.84308475,-3.4802496,0.46259698,-0.009232555
Assistance,old,1600,12.181,0,5,64,1,1.540325,0.40176433,0.28547582,-2.1879292,0.23916592,-0.89891815
Assistance,reddit,2749,12.134,0,3,76,2,3.952018,-3.583223,3.9643915,1.7281685,0.7255452,0.39683768
Assistance,has,1739,11.612,0,5,65,3,0.09954409,-1.0950916,-1.517336,-2.2448533,-0.0649025,0.4776435
Assistance,his,1963,10.997,0,4,71,4,2.6396916,1.6690825,-1.6932415,-2.9064577,0.89347196,-0.6014442
Assistance,year,1412,10.712,0,5,63,5,-0.134389,0.45710698,1.2201825,-2.3330073,0.2867338,0.3811472
Assistance,was,1548,10.693,0,4,70,6,-0.24989402,1.3346246,0.023927437,-3.1935225,0.4661826,-0.7393948
Assistance,who,1356,10.385,0,4,67,7,-0.50680596,0.27042317,0.18928207,-3.126877,0.843511,-0.12945189
Assistance,we,1541,10.264,0,4,61,8,-2.3487992,-0.28533784,0.6744012,-2.914085,-0.52950966,0.6924777
Assistance,i'm,2479,9.975,0,4,49,9,None,None,None,None,None,None
Assistance,are,1440,9.938,0,4,61,10,-2.2421355,0.16400528,0.94623595,-3.1324968,0.5529448,0.6463594
Assistance,her,2453,9.906,0,4,63,11,3.2950351,2.444746,-2.0056648,-3.1888888,0.1947253,-1.2958006
Assistance,all,1147,9.725,0,4,61,12,-1.5027429,0.41327596,0.50108236,-3.2166746,-0.068885975,0.47858277
Assistance,you,4294,9.594,0,4,55,13,-1.6900738,0.94006336,0.33278146,-4.033075,-0.037475616,-0.28735858
Assistance,is,5223,9.514,0,4,59,14,-1.0179222,1.1865808,0.2386716,-3.179791,-0.04706385,0.24855019
Assistance,now,1016,9.394,0,4,55,15,-0.7487853,0.2613897,0.7111824,-2.8247273,-0.011966664,0.30824298
Assistance,have,3448,9.1,0,4,47,16,-1.2900257,0.5494391,0.3761705,-3.513116,0.79508233,0.23116368
Assistance,no,1482,8.94,0,4,57,17,-1.3907338,-4.898967,-3.5228462,-1.9434946,-2.7007306,0.513746
Assistance,this,4017,8.865,0,3,58,18,-0.42374456,0.63524187,0.75822407,-3.423039,0.12052153,0.25829396
Assistance,dog,1069,8.86,0,5,44,19,2.5089107,-0.40888628,-1.2119473,-1.4462063,0.044273164,-1.345277
Assistance,one,1162,8.808,0,3,63,20,-0.4894713,-0.4562433,-0.2709706,-2.7863765,-0.7878009,0.0035640583
Austin,last,1009,40.743,0,5,360,1,0.3102123,0.21177529,-1.4964933,-2.4523034,-0.095323265,-0.17974901
Austin,was,1308,39.288,0,5,263,2,-1.1051558,-1.281653,0.46927088,-3.1935225,0.4661826,-0.7393948
Austin,texas,1965,34.734,0,6,254,3,4.790722,-1.2596452,0.38687557,-0.1703677,0.11423088,0.6905325
Austin,today,1423,33.765,0,6,232,4,-0.15996426,-0.19719481,-1.3273696,-2.7574947,0.25998557,0.34778124
Austin,this,5913,32.813,0,4,269,5,-0.8054657,0.06175395,-0.45167503,-3.423039,0.12052153,0.25829396
Austin,by,1318,30.448,0,5,243,6,0.24215353,2.6210177,0.22898115,-1.9502953,-0.116353825,0.59982204
Austin,my,3669,30.216,0,2,278,7,-1.2654479,0.9008428,-0.5099897,-3.730388,-0.22782871,-0.46035725
Austin,has,1274,29.356,0,5,219,8,0.18186744,-1.8903,3.2610033,-2.2448533,-0.0649025,0.4776435
Austin,night,1274,28.608,0,3,267,9,0.707241,0.29991978,-2.7728994,-2.4922626,-0.66206264,-0.68668205
Austin,from,3349,28.501,0,3,243,10,-0.16370185,2.0267348,0.28212005,-2.6115398,0.27107444,0.51758957
Austin,now,1042,27.542,0,4,213,11,-0.48109594,-0.1605457,-0.9835306,-2.8247273,-0.011966664,0.30824298
Austin,city,1396,27.317,0,6,191,12,4.4116154,0.61503494,0.0133439,-0.87796986,-1.2999176,1.1106799
Austin,so,1176,26.964,0,2,249,13,-1.0487174,-2.2854538,-1.0728631,-3.1185777,-0.6882985,-0.21709311
Austin,all,1149,26.835,0,4,205,14,-0.66111094,-0.001993075,-0.49829882,-3.2166746,-0.068885975,0.47858277
Austin,of,9316,26.802,0,4,215,15,-0.7283156,2.42007,1.8554113,-2.9982007,0.07186476,1.1668499
Austin,the,15684,26.668,0,3,216,16,-0.6663275,1.6844923,1.1364503,-3.2426047,-0.24358808,0.80810684
Austin,we,1088,26.396,0,3,218,17,-0.12594762,-1.0206736,0.9918954,-2.914085,-0.52950966,0.6924777
Austin,it,2561,26.288,0,3,220,18,-1.1632998,-0.75640184,-0.07597174,-3.6389697,0.21471155,0.22040805
Austin,not,1153,25.987,0,3,209,19,-1.0037299,-1.1012435,0.5296069,-3.244656,0.52007806,0.40083283
Austin,just,1647,25.788,0,2,202,20,-1.2655294,-0.88653636,0.03413289,-3.5247202,0.3733556,-0.45759273
Autos,today,1419,74.94,0,16,504,1,-0.9078431,0.44574437,-0.46089008,-2.7574947,0.25998557,0.34778124
Autos,saw,1253,74.795,0,17,492,2,0.93927544,1.0894182,-0.6609794,-1.6452175,0.14020331,-1.3867223
Autos,was,1314,69.092,0,11,546,3,-1.2489151,0.2853329,1.6087939,-3.1935225,0.4661826,-0.7393948
Autos,my,7568,60.836,0,7,503,4,-1.1587728,-0.5601881,-0.75779384,-3.730388,-0.22782871,-0.46035725
Autos,just,1696,58.584,0,6,495,5,-1.3459941,0.6329585,0.5271951,-3.5247202,0.3733556,-0.45759273
Autos,so,1165,54.34,0,6,474,6,-0.26918587,-1.2214289,2.137271,-3.1185777,-0.6882985,-0.21709311
Autos,this,6832,54.275,0,6,465,7,-1.1710922,-0.11167683,-0.13914166,-3.423039,0.12052153,0.25829396
Autos,i,7099,49.434,0,5,425,8,-0.7801729,-0.08394391,-0.36524376,-3.6094012,-1.000925,-0.32947692
Autos,up,1453,48.773,0,4,439,9,-0.6092913,0.4116342,-0.507871,-3.0872686,-0.26721498,0.050360076
Autos,one,1878,45.012,0,6,410,10,0.18161501,-0.6319364,-0.22394036,-2.7863765,-0.7878009,0.0035640583
Autos,me,1607,43.267,0,3,424,11,1.067028,-5.142861,-1.0805321,-2.815495,-2.5236044,-0.39501652
Autos,gt,1091,43.12,0,2,407,12,5.0082235,3.0343614,1.3217841,0.08984155,-2.3091908,-0.40792117
Autos,but,1329,41.137,0,5,335,13,-1.2051412,0.07592224,1.4577712,-3.4802496,0.46259698,-0.009232555
Autos,not,1436,41.131,0,4,404,14,-1.1951584,0.25244296,1.2192785,-3.244656,0.52007806,0.40083283
Autos,it,3402,40.278,0,4,391,15,-1.2231334,0.337944,1.1025498,-3.6389697,0.21471155,0.22040805
Autos,at,3969,40.171,0,3,391,16,-0.6763956,1.984925,-3.2007406,-2.569361,-0.56025684,0.48392066
Autos,post,1193,39.905,0,5,354,17,1.7331471,0.18149751,-1.703743,-0.96799123,-0.9700228,1.1414212
Autos,out,1658,39.489,0,3,346,18,-0.6410148,0.83105564,-0.90412486,-2.968627,0.12615682,0.17456675
Autos,like,1408,39.228,0,4,360,19,-0.8114289,-0.049396604,0.29529673,-3.2754328,-0.06366012,-0.74290675
Autos,x,1133,39.087,0,5,335,20,4.314252,-1.7618034,0.3350585,-1.1175205,-3.2103586,-0.32081115
Bad_Cop_No_Donut,because,1048,89.792,0,27,542,1,0.54370624,1.0691912,-0.5628183,-3.0100658,1.2618247,-0.08475999
Bad_Cop_No_Donut,dog,1188,85.186,0,23,505,2,-0.8870995,-2.1428192,2.071728,-1.4462063,0.044273164,-1.345277
Bad_Cop_No_Donut,they,2409,84.509,0,25,521,3,0.8294894,2.0828428,-0.51274055,-3.5051446,1.4383961,0.38971087
Bad_Cop_No_Donut,him,2957,82.168,0,30,497,4,0.80462015,-1.3602896,-0.47984567,-3.1272774,0.7650703,-0.98501414
Bad_Cop_No_Donut,then,1276,78.519,0,32,455,5,0.20059225,1.011111,-0.46919605,-3.073671,0.6224968,-0.3619638
Bad_Cop_No_Donut,them,1309,77.415,0,26,453,6,1.4184874,0.9157854,-1.0838137,-3.2708795,1.2085484,0.06055402
Bad_Cop_No_Donut,her,1965,76.84,0,29,426,7,1.9868647,-3.5547113,-1.19349,-3.1888888,0.1947253,-1.2958006
Bad_Cop_No_Donut,were,1031,76.004,0,22,521,8,0.46408936,1.8660567,1.470861,-2.7464306,1.3570955,-0.3241211
Bad_Cop_No_Donut,home,1206,75.832,0,26,440,9,-1.4126344,-0.067074075,0.4274453,-2.184206,-0.5050177,0.2838229
Bad_Cop_No_Donut,his,4573,75.224,0,24,471,10,1.2474655,-3.209716,-0.72651,-2.9064577,0.89347196,-0.6014442
Bad_Cop_No_Donut,who,3650,74.839,0,22,472,11,-0.015617792,0.77146924,0.51667464,-3.126877,0.843511,-0.12945189
Bad_Cop_No_Donut,killed,1501,74.278,0,18,523,12,0.20899665,-0.29015592,4.8512554,-1.0808238,1.4438986,-0.62348306
Bad_Cop_No_Donut,no,2088,72.802,0,19,464,13,-6.007505,-0.042938802,-1.5492786,-1.9434946,-2.7007306,0.513746
Bad_Cop_No_Donut,their,1589,72.214,0,22,453,14,1.8996828,-0.13943765,-1.2962781,-2.862955,1.4796243,0.9904445
Bad_Cop_No_Donut,it,2631,71.103,0,22,445,15,0.11594402,0.99647844,-0.9876626,-3.6389697,0.21471155,0.22040805
Bad_Cop_No_Donut,he,3709,69.95,0,24,449,16,-2.0913112,-2.093544,-0.4359106,-2.7646928,-0.82008827,-0.5936299
Bad_Cop_No_Donut,get,1231,67.824,0,17,449,17,0.07492051,1.2500254,-0.7043367,-3.373764,0.35157204,0.09149839
Bad_Cop_No_Donut,that,3325,67.6,0,21,447,18,0.16942286,1.1559478,-0.44972393,-3.7552161,0.8998972,-0.031067893
Bad_Cop_No_Donut,was,4054,67.375,0,21,398,19,-0.18480784,0.42200267,1.7571896,-3.1935225,0.4661826,-0.7393948
Bad_Cop_No_Donut,when,1654,67.29,0,22,427,20,0.63469315,1.3597773,-0.6435493,-3.621951,1.0671849,-0.3380017
Bitcoin,twitter,1250,46.678,0,5,365,1,-2.6422746,-3.004135,-1.022996,-1.5024444,-2.6337445,1.2255261
Bitcoin,ceo,1624,45.636,0,3,380,2,1.3270549,-1.1907727,0.40159935,1.1316575,-0.17762189,1.4594028
Bitcoin,0,2819,45.129,0,2,363,3,None,None,None,None,None,None
Bitcoin,page,1122,44.839,0,3,380,4,-1.1515166,-1.2404786,0.015515524,-0.82801014,-0.740018,1.2969682
Bitcoin,reddit,1966,43.932,0,2,383,5,1.656606,-1.6577069,-0.1515653,1.7281685,0.7255452,0.39683768
Bitcoin,bitpay,1514,43.281,0,6,351,6,5.965853,-0.68489265,1.0159642,4.181531,0.9291413,-0.45236003
Bitcoin,he,1324,42.845,0,3,384,7,-2.5919175,2.5276375,-0.82098764,-2.7646928,-0.82008827,-0.5936299
Bitcoin,accepting,4054,42.685,0,6,305,8,3.0665162,1.0733405,-2.7615025,0.38422993,1.5753282,0.6706288
Bitcoin,accepts,2439,42.071,0,8,274,9,4.081871,1.4290153,-3.311599,1.4966635,1.6201171,-0.30935007
Bitcoin,ask,1056,41.19,0,5,352,10,-2.073686,-0.15089683,-0.9389765,-1.722169,-1.2009302,-0.10810072
Bitcoin,years,1332,40.726,0,3,378,11,-1.2303962,1.9766363,0.12050421,-2.0438457,0.7118587,0.2206025
Bitcoin,paid,1024,40.491,0,4,343,12,0.3877767,0.9893244,-0.5710845,-0.8151487,1.5559307,1.1195024
Bitcoin,silk,1584,40.01,0,3,336,13,2.3182893,1.2783741,4.7983847,1.5097032,0.5101892,-0.9624201
Bitcoin,apple,1121,39.997,0,2,375,14,-0.26451957,-2.8063421,1.5636681,0.11965286,-1.0582948,1.7052493
Bitcoin,today,4119,38.774,0,4,305,15,-1.7883878,2.0571642,0.74067837,-2.7574947,0.25998557,0.34778124
Bitcoin,his,1788,38.684,0,3,303,16,-1.5532753,3.6322732,-0.19227657,-2.9064577,0.89347196,-0.6014442
Bitcoin,road,1686,38.429,0,2,310,17,-0.6714741,1.8354641,1.6972355,-0.82006514,-0.20693253,0.46076506
Bitcoin,google,1729,37.914,0,3,324,18,-0.86572665,-3.6669471,-0.074383,0.10840304,-1.6534,2.4000084
Bitcoin,u,1583,37.257,0,3,277,19,-2.632524,1.0248568,0.02862469,-2.3740785,-2.3784745,0.07697179
Bitcoin,internet,1706,36.947,0,4,283,20,-1.3382628,-3.421918,-0.53680253,-0.30941406,-1.8817914,2.4370933
BostonRSS,s,1644,1.013,1,1,1,1,-0.40566313,-3.352978,0.5265509,-0.96438384,-3.238136,0.82378256
BostonRSS,brockton,1177,1.01,1,1,1,2,5.2960205,0.32420412,2.0000947,2.7881954,0.94080675,-0.6304203
BostonRSS,is,2036,1.007,1,1,1,3,-2.3057976,1.0765647,1.1309006,-3.179791,-0.04706385,0.24855019
BostonRSS,mass,1165,1.007,1,1,1,4,1.9434166,-0.7988042,-1.7469782,0.3649455,-0.4321708,1.2854112
BostonRSS,and,2695,1.006,1,1,1,5,-2.5848575,1.3429399,0.35165548,-3.4310362,0.294699,0.15188493
BostonRSS,be,1162,1.006,1,1,1,6,-1.9244928,-0.030464698,0.972503,-3.2174866,0.08383241,0.17779635
BostonRSS,a,3567,1.006,1,1,1,7,-1.585013,-3.8068013,0.16652618,-2.4333866,-2.5444493,0.38082778
BostonRSS,framingham,1276,1.006,1,1,1,8,5.955054,0.45062423,2.391288,3.5246954,0.7646751,-0.30315796
BostonRSS,from,2506,1.006,1,1,1,9,-1.5199383,1.9897878,0.06949959,-2.6115398,0.27107444,0.51758957
BostonRSS,police,3447,1.005,1,1,1,13,1.9341604,0.83574253,-3.88994,-0.5204222,0.8160596,1.7042092
BostonRSS,up,1259,1.005,1,1,1,12,-1.577093,0.43077347,0.58854246,-3.0872686,-0.26721498,0.050360076
BostonRSS,with,3554,1.005,1,1,1,10,-2.206902,1.2369195,0.6978411,-3.0356035,0.23814338,0.09945579
BostonRSS,man,3778,1.005,1,1,1,11,-0.37700278,-0.62785196,0.8561966,-2.0789037,-1.2185299,-0.5937323
BostonRSS,as,1076,1.004,1,1,1,16,-1.5137086,-2.949549,-0.24417402,-2.2781217,-0.95820844,0.87362534
BostonRSS,by,1570,1.004,1,1,1,15,-1.456545,1.7722439,-0.2911552,-1.9502953,-0.116353825,0.59982204
BostonRSS,to,12198,1.004,1,1,1,14,-2.1901646,-0.49776867,-0.10548509,-3.2859278,-0.35538822,1.1889808
BostonRSS,after,3107,1.004,1,1,1,17,-0.71528155,0.84940416,-0.85138315,-2.4006298,0.6087824,0.34676394
BostonRSS,of,8682,1.003,1,1,1,18,-2.2498202,1.5902944,-0.1280412,-2.9982007,0.07186476,1.1668499
BostonRSS,massachusetts,1073,1.002,1,1,1,19,4.696871,0.51623684,-0.06381686,1.8840369,1.1926955,1.048765
BostonRSS,boston,4383,1.002,1,1,1,20,2.7867465,-0.3515199,-2.4306266,-0.09906906,-0.14936611,1.1458776
CasualConversation,reddit,1456,24.209,0,5,195,1,6.4564657,1.2189225,0.5127004,1.7281685,0.7255452,0.39683768
CasualConversation,when,1551,23.952,0,5,104,2,-1.0984187,0.1140408,-0.35797426,-3.621951,1.0671849,-0.3380017
CasualConversation,last,1249,22.905,0,5,176,3,0.22166806,0.9408682,0.28724548,-2.4523034,-0.095323265,-0.17974901
CasualConversation,night,1240,21.892,0,4,166,4,-0.0048317285,1.4771044,-1.2615134,-2.4922626,-0.66206264,-0.68668205
CasualConversation,just,6159,20.377,0,5,122,5,-1.038825,0.3766138,0.5737953,-3.5247202,0.3733556,-0.45759273
CasualConversation,got,2571,20.36,0,5,132,6,-0.8985462,0.98390514,1.6187813,-2.9497821,0.37691778,-0.89768565
CasualConversation,my,12289,19.68,0,4,121,7,-1.138495,1.2056692,-0.10025521,-3.730388,-0.22782871,-0.46035725
CasualConversation,today,3544,19.627,0,5,130,8,-0.101111755,0.3725692,-0.5107811,-2.7574947,0.25998557,0.34778124
CasualConversation,was,2388,18.892,0,5,113,9,-0.9646851,-0.6775296,2.1798592,-3.1935225,0.4661826,-0.7393948
CasualConversation,this,3723,18.758,0,4,116,10,-0.6184857,0.42181888,0.63203865,-3.423039,0.12052153,0.25829396
CasualConversation,as,1076,18.74,0,5,121,11,0.6974293,-4.158159,-2.5514064,-2.2781217,-0.95820844,0.87362534
CasualConversation,out,2659,18.361,0,4,112,12,-0.28696743,1.2364523,-0.08449777,-2.968627,0.12615682,0.17456675
CasualConversation,all,1696,17.784,0,5,98,13,-1.1044611,0.8289899,-1.3751006,-3.2166746,-0.068885975,0.47858277
CasualConversation,i've,1347,17.682,0,5,85,14,None,None,None,None,None,None
CasualConversation,so,4527,17.665,0,4,91,15,-0.9953418,-1.8475317,-1.1721747,-3.1185777,-0.6882985,-0.21709311
CasualConversation,friends,1026,17.653,0,4,82,16,0.8920078,1.180154,-2.6217573,-2.5216308,0.049035188,-0.20913364
CasualConversation,that,4079,17.627,0,5,99,17,-1.2611712,-0.17906052,0.978905,-3.7552161,0.8998972,-0.031067893
CasualConversation,has,1333,17.226,0,4,68,18,0.5157534,-1.8855743,2.3225005,-2.2448533,-0.0649025,0.4776435
CasualConversation,now,2133,17.195,0,4,65,19,-0.6750235,0.6592017,-0.35907617,-2.8247273,-0.011966664,0.30824298
CasualConversation,an,2224,17.139,0,4,101,20,1.4030381,-2.268457,1.2887098,-2.1368263,-0.7357933,0.54226786
Christianity,today,2566,30.42,0,3,339,1,-1.6985065,0.7187457,1.1139743,-2.7574947,0.25998557,0.34778124
Christianity,years,1143,26.891,0,2,213,2,-1.3859118,1.3355297,-0.08087697,-2.0438457,0.7118587,0.2206025
Christianity,pray,2846,26.555,0,5,254,3,2.255766,-3.162039,2.5739126,-1.3746873,-0.36268547,-0.2140327
Christianity,francis,1014,23.797,0,1,293,4,3.4362679,1.2203789,-1.6759715,1.0677401,-0.10139838,-0.6777266
Christianity,pope,1708,23.171,0,1,240,5,3.6774259,2.1688845,-1.5868664,0.50099033,1.0595856,-0.19219795
Christianity,found,1149,21.933,0,1,211,6,-0.7005459,1.7995354,0.30968112,-1.6166267,1.0226976,-0.38971415
Christianity,year,1222,21.762,0,2,248,7,-1.6600014,0.8929834,-0.034325,-2.3330073,0.2867338,0.3811472
Christianity,atheism,1685,21.62,0,1,252,8,5.1346955,1.7032534,-1.1369398,1.9384212,1.6027431,0.24745816
Christianity,prayers,1481,21.289,0,4,183,9,2.776143,-2.104963,4.2275476,-0.74345595,1.3600655,-0.56707734
Christianity,r,6779,20.717,0,2,193,10,-0.95550746,-3.1142116,-3.1783319,-1.3318741,-2.923924,0.8412996
Christianity,please,3910,19.888,0,3,193,11,-0.44497034,-2.4475918,-0.58891475,-2.395506,-0.8483724,0.26497635
Christianity,my,12304,19.277,0,2,179,12,-2.2071636,0.14407265,0.8866386,-3.730388,-0.22782871,-0.46035725
Christianity,after,1569,19.123,0,2,189,13,-1.6120923,1.1034044,1.145879,-2.4006298,0.6087824,0.34676394
Christianity,x,1344,19.041,0,2,184,14,-1.4686575,-2.1372683,-3.1688104,-1.1175205,-3.2103586,-0.32081115
Christianity,i'm,4511,18.971,0,3,173,15,None,None,None,None,None,None
Christianity,was,4872,18.885,0,1,195,16,-2.3254104,2.5486953,0.74198776,-3.1935225,0.4661826,-0.7393948
Christianity,family,1226,18.751,0,3,169,17,-0.36369586,-1.0694364,0.7393917,-1.9536996,-0.21643409,-0.06076023
Christianity,am,2791,18.741,0,2,182,18,-1.5743448,-0.21425727,-0.21642847,-2.2121646,-1.0826863,-0.100710474
Christianity,share,1126,18.726,0,2,174,19,0.042456046,-1.5091903,-0.7550857,-1.136556,-0.32473564,1.0859293
Christianity,thought,1734,18.225,0,1,222,20,-0.9259506,2.1234746,0.6835391,-2.4158912,1.3569754,-0.9856474
ClashOfClans,meme,1842,106.051,0,2,720,1,4.2531404,-1.303473,3.423371,0.73079705,-2.106642,-0.38046053
ClashOfClans,when,3703,31.908,0,1,314,2,-2.0012033,1.0167785,0.80318296,-3.621951,1.0671849,-0.3380017
ClashOfClans,our,1150,31.005,0,1,291,3,-0.8686262,-1.279678,-1.0199393,-2.6149535,0.50715643,1.1347957
ClashOfClans,see,1189,30.168,0,1,297,4,-1.020707,0.18382536,0.3692028,-2.790912,-0.09916603,-0.14715068
ClashOfClans,day,1250,26.669,0,1,246,5,-1.1071575,-2.7711163,0.0810428,-2.7567844,-0.50667286,-0.0010164105
ClashOfClans,misc,22876,26.08,0,1,237,6,5.0677547,0.1635118,-1.74633,2.66439,0.5406328,-0.15598132
ClashOfClans,after,1758,25.635,0,1,228,7,-0.73283625,-0.19748321,-0.8362208,-2.4006298,0.6087824,0.34676394
ClashOfClans,someone,1153,24.983,0,1,220,8,-1.4872116,2.606141,1.5348876,-3.1746886,0.9475446,-0.70470935
ClashOfClans,today,1127,23.815,0,1,200,9,-1.0419046,-1.9814751,-0.44826236,-2.7574947,0.25998557,0.34778124
ClashOfClans,raid,7226,23.753,0,1,207,10,3.9475508,0.95805526,-1.2486942,1.6074901,-0.36102265,0.55835944
ClashOfClans,found,1246,23.748,0,1,233,11,0.4715707,2.1964054,-1.7772923,-1.6166267,1.0226976,-0.38971415
ClashOfClans,had,1111,23.535,0,1,235,12,-1.1914996,0.9124783,-0.48051417,-2.871008,0.79366267,-0.7124806
ClashOfClans,guy,1462,23.328,0,1,216,13,-0.3112104,1.9037746,1.2592403,-2.1731968,0.5513065,-1.1612861
ClashOfClans,finally,1449,23.295,0,1,192,14,-0.4906716,0.42715123,-0.45146364,-1.7974865,0.69651,-0.4414816
ClashOfClans,made,1738,23.132,0,1,186,15,-0.3889607,0.15446813,-0.28140888,-2.28509,0.5075963,-0.4901376
ClashOfClans,they,1201,23.05,0,1,211,16,-1.8641275,0.8781237,-0.24589063,-3.5051446,1.4383961,0.38971087
ClashOfClans,time,2153,22.966,0,1,197,17,-0.81005377,-1.4496412,1.2887498,-2.5689878,-0.6856868,0.21413173
ClashOfClans,all,3302,22.925,0,1,192,18,-1.4282179,-1.3156991,-0.34540388,-3.2166746,-0.068885975,0.47858277
ClashOfClans,idea,5121,22.535,0,1,198,19,0.9954523,0.15171157,2.0553646,-1.2260828,-0.8250361,0.37232658
ClashOfClans,by,1374,22.157,0,1,186,20,0.00892736,-1.253858,-1.9336215,-1.9502953,-0.116353825,0.59982204
CoDCompetitive,from,1592,12.535,0,2,81,1,-1.8042924,0.1720697,-0.63246065,-2.6115398,0.27107444,0.51758957
CoDCompetitive,call,1173,12.219,0,3,81,2,-0.4635617,-0.29947016,2.685605,-2.047384,-0.28355154,-0.058982134
CoDCompetitive,duty,1095,12.134,0,3,81,3,1.8531015,-0.8730265,4.3096128,0.43865618,-0.34862635,0.67843336
CoDCompetitive,up,1118,10.652,0,2,71,4,-1.7242744,-0.12427867,0.15003148,-3.0872686,-0.26721498,0.050360076
CoDCompetitive,of,4907,10.604,0,2,74,5,-2.5198703,-0.51222044,0.39321417,-2.9982007,0.07186476,1.1668499
CoDCompetitive,vs,1227,10.562,0,2,75,6,2.5887873,-4.53336,-1.9886025,0.29326716,-2.429432,0.34330934
CoDCompetitive,at,1582,10.505,0,2,69,7,-1.3077638,-0.8339911,-1.645981,-2.569361,-0.56025684,0.48392066
CoDCompetitive,new,1630,10.488,0,2,62,8,-1.0461853,0.36277387,-0.7426327,-1.9311304,-0.70225275,1.158011
CoDCompetitive,and,4277,10.245,0,2,74,9,-2.3322163,0.38518614,-0.49852413,-3.4310362,0.294699,0.15188493
CoDCompetitive,umg,1315,10.115,0,2,62,10,5.2413282,1.7737439,-1.5356538,2.927585,0.31631908,-0.36321
CoDCompetitive,optic,2710,10.108,0,1,87,11,4.8910236,2.419017,0.002405327,2.3360033,0.19876377,-0.60453236
CoDCompetitive,that,1180,10.092,0,1,77,12,-2.491037,1.0788872,0.041433796,-3.7552161,0.8998972,-0.031067893
CoDCompetitive,your,1081,9.97,0,2,70,13,-2.4668972,1.4951771,0.28853905,-3.7252882,0.5087585,0.337032
CoDCompetitive,mlg,3074,9.964,0,2,61,14,5.0128694,0.82942224,-0.62615883,2.2136557,-1.1864896,0.09358447
CoDCompetitive,this,2622,9.956,0,1,78,15,-1.9683886,0.67261285,-0.49686858,-3.423039,0.12052153,0.25829396
CoDCompetitive,the,9506,9.953,0,1,72,16,-2.5566893,-0.3246237,-0.24142002,-3.2426047,-0.24358808,0.80810684
CoDCompetitive,2,1299,9.744,0,2,57,17,None,None,None,None,None,None
CoDCompetitive,3,1140,9.539,0,2,61,18,None,None,None,None,None,None
CoDCompetitive,champs,1225,9.513,0,2,65,19,3.3154907,-1.798493,1.0859348,0.6882286,-0.46772578,0.071253434
CoDCompetitive,i,2475,9.32,0,1,81,20,-2.2214262,0.11057432,-0.5484762,-3.6094012,-1.000925,-0.32947692
Conservative,her,1153,27.401,0,6,182,1,-2.3177078,-4.0923877,0.90051913,-3.1888888,0.1947253,-1.2958006
Conservative,black,1652,25.574,0,7,162,2,-0.14243768,0.16527466,-2.486276,-1.2344042,-0.88891274,-0.3323946
Conservative,liberal,2380,22.888,0,4,197,3,3.8187435,0.5340199,-2.0436497,1.0858757,0.3701579,1.0010118
Conservative,because,1525,22.36,0,6,163,4,-1.4468651,0.7113432,0.025601279,-3.0100658,1.2618247,-0.08475999
Conservative,irs,1710,21.946,0,10,124,5,4.2164,-0.1939186,2.2194462,1.559959,1.5521996,1.9281087
Conservative,bush,1112,21.69,0,5,197,6,2.568729,0.04216469,2.1055906,0.34123555,0.91823447,-0.005463343
Conservative,were,1087,21.456,0,6,155,7,-1.3192248,1.5778713,0.56528026,-2.7464306,1.3570955,-0.3241211
Conservative,my,1708,21.199,0,3,199,8,-3.0336545,-0.30608258,-0.5305825,-3.730388,-0.22782871,-0.46035725
Conservative,gun,2181,20.555,0,7,142,9,1.2489126,-4.2696853,-2.132031,-0.4142771,0.32942373,0.9766581
Conservative,i,4812,20.387,0,4,174,10,-2.776556,0.7690298,-0.9894666,-3.6094012,-1.000925,-0.32947692
Conservative,it,1383,20.109,0,4,148,11,-2.4952197,0.61522335,0.23469369,-3.6389697,0.21471155,0.22040805
Conservative,was,3492,19.929,0,5,152,12,-2.2885728,1.2045547,0.7253283,-3.1935225,0.4661826,-0.7393948
Conservative,liberals,1531,19.878,0,4,147,13,4.401142,0.90099156,-1.3892163,1.445616,2.0375109,0.88699937
Conservative,him,1089,19.702,0,5,138,14,-1.849237,-0.90404683,1.7252079,-3.1272774,0.7650703,-0.98501414
Conservative,hillary,2057,19.686,0,7,122,15,3.7558475,0.081186555,2.1279933,1.4173166,0.8198198,-0.010590561
Conservative,them,1309,19.484,0,4,165,16,-1.8121403,-0.06587136,0.74373335,-3.2708795,1.2085484,0.06055402
Conservative,this,5974,19.342,0,3,156,17,-2.429266,0.9382876,-0.40201938,-3.423039,0.12052153,0.25829396
Conservative,democrat,1095,19.206,0,5,127,18,4.6662846,0.42821926,-0.73081946,1.633338,1.7414695,0.47214672
Conservative,school,1126,18.902,0,6,136,19,-1.4720734,1.2281153,-1.8575782,-2.483635,0.0039181313,0.34466007
Conservative,after,2702,18.889,0,6,126,20,-1.2931054,0.63571256,1.1882445,-2.4006298,0.6087824,0.34676394
Cooking,was,1016,68.586,0,3,700,1,-1.7815571,1.8013471,-0.3111196,-3.1935225,0.4661826,-0.7393948
Cooking,made,2861,58.184,0,2,589,2,0.14331874,1.0737596,0.660551,-2.28509,0.5075963,-0.4901376
Cooking,first,2238,50.271,0,3,559,3,-1.1781635,0.819977,0.31116724,-2.34711,0.2744144,0.23318471
Cooking,post,1103,49.211,0,2,548,4,-0.57101214,-0.5584138,0.72528696,-0.96799123,-0.9700228,1.1414212
Cooking,by,1023,47.429,0,1,540,5,-1.6142249,0.7133615,3.4825604,-1.9502953,-0.116353825,0.59982204
Cooking,my,8071,47.151,0,2,496,6,-1.7070298,0.9645741,-0.23998806,-3.730388,-0.22782871,-0.46035725
Cooking,homemade,1381,46.723,0,2,509,7,4.7102056,0.5817892,2.2504067,0.62743837,0.7577164,-1.3411064
Cooking,so,1864,46.178,0,2,512,8,-1.6057279,0.42971712,-1.824704,-3.1185777,-0.6882985,-0.21709311
Cooking,all,1382,42.983,0,1,520,9,-1.7151651,0.31068844,-0.7734045,-3.2166746,-0.068885975,0.47858277
Cooking,if,1041,42.753,0,2,414,10,-1.6563846,0.57930636,-0.7700775,-3.4172652,0.6949564,0.07018097
Cooking,day,1069,42.566,0,1,447,11,-1.4909718,-0.4222978,-0.27817583,-2.7567844,-0.50667286,-0.0010164105
Cooking,pizza,1175,39.633,0,2,364,12,3.6447327,-1.024457,-2.3590434,-0.75131875,-1.7081184,-0.7366852
Cooking,at,2269,39.47,0,2,373,13,-1.5478919,0.057467278,0.83318335,-2.569361,-0.56025684,0.48392066
Cooking,cheese,1602,38.706,0,1,389,14,4.412955,-0.05731463,-0.8922515,-0.6201359,0.35821974,-1.3408624
Cooking,delicious,1210,37.362,0,1,365,15,4.015003,-0.037429795,1.268349,-0.25497866,0.6980014,-1.0460209
Cooking,time,1712,37.233,0,2,291,16,-1.3882625,-0.050517306,-1.2829266,-2.5689878,-0.6856868,0.21413173
Cooking,one,1272,36.701,0,1,378,17,-1.3695645,-0.48080152,-0.44110522,-2.7863765,-0.7878009,0.0035640583
Cooking,this,4606,35.827,0,2,332,18,-1.7553388,1.0620362,-0.13652249,-3.423039,0.12052153,0.25829396
Cooking,bread,1153,35.705,0,1,429,19,4.0300922,0.28514165,-0.9714077,-0.51643944,0.71959937,-0.9565416
Cooking,r,2181,35.657,0,2,391,20,-1.5750115,-6.0479345,0.74922156,-1.3318741,-2.923924,0.8412996
CookingRecipesStuff,make,3175,1.007,1,1,1,1,-1.24724,-2.335171,-0.6304777,-2.8032298,0.14797789,0.20531139
CookingRecipesStuff,great,1443,1.003,1,1,1,2,-1.9345535,-1.2240316,0.9205068,-2.396747,0.38370907,0.23349452
CookingRecipesStuff,mini,1901,1.002,1,1,1,9,1.0803484,0.36089784,2.8586042,0.19439706,-2.251279,-0.07079912
CookingRecipesStuff,cheese,2164,1.002,1,1,1,3,3.5619552,-0.4485286,-0.69591147,-0.6201359,0.35821974,-1.3408624
CookingRecipesStuff,with,15621,1.002,1,1,1,4,-1.500553,-2.4194303,0.17737025,-3.0356035,0.23814338,0.09945579
CookingRecipesStuff,chocolate,7351,1.002,1,1,1,5,3.7558663,-0.52949756,0.3292004,-0.8406045,-1.1799738,-0.98846155
CookingRecipesStuff,training,1303,1.002,1,1,1,6,-2.6855366,1.1661553,3.677207,-0.5610023,-0.549469,1.3397623
CookingRecipesStuff,soup,3152,1.002,1,1,1,7,3.0955188,0.12284618,0.59659845,0.09236972,0.47963366,-1.3819535
CookingRecipesStuff,indian,3286,1.002,1,1,1,8,-0.28513765,2.2005832,-0.38647437,-0.07475538,0.80899274,0.514763
CookingRecipesStuff,up,2637,1.002,1,1,1,10,-1.7402664,-2.0329444,0.061476283,-3.0872686,-0.26721498,0.050360076
CookingRecipesStuff,pot,3136,1.001,1,1,1,18,2.1808834,0.9815378,-0.23495856,0.19370227,-0.24662624,0.05580143
CookingRecipesStuff,made,7608,1.001,1,1,1,20,-0.4518158,-1.409857,-0.3784639,-2.28509,0.5075963,-0.4901376
CookingRecipesStuff,eggs,2277,1.001,1,1,1,11,3.0462544,-0.20443976,-1.5859193,-0.20732953,0.8377098,-1.2378873
CookingRecipesStuff,academy,1529,1.001,1,1,1,12,-1.8570999,2.6652179,2.6607316,0.83323365,-0.42468828,0.72858834
CookingRecipesStuff,population,1529,1.001,1,1,1,13,-1.136891,4.5900483,-2.8569818,0.6113632,1.3985393,1.487479
CookingRecipesStuff,tea,2063,1.001,1,1,1,14,2.4719732,-0.4662695,1.0409138,-0.70141035,-0.17163222,-0.35142556
CookingRecipesStuff,human,1529,1.001,1,1,1,15,-1.7838463,1.9340469,-1.9111903,-0.72038263,0.85876375,1.057825
CookingRecipesStuff,people,2241,1.001,1,1,1,16,-2.2861824,-1.1386905,-2.2212543,-3.1653438,1.1312002,0.8718072
CookingRecipesStuff,yourself,3173,1.001,1,1,1,17,-2.283679,-1.8124747,-1.4209793,-2.3279076,1.1344177,-0.19611253
CookingRecipesStuff,3,3028,1.001,1,1,1,19,None,None,None,None,None,None
CrazyIdeas,has,1141,90.03,0,4,1200,1,-2.594666,2.788397,-0.20291479,-2.2448533,-0.0649025,0.4776435
CrazyIdeas,get,2491,86.199,0,4,1247,2,1.3027157,-0.43778288,1.3575143,-3.373764,0.35157204,0.09149839
CrazyIdeas,just,1562,86.019,0,5,1207,3,0.80449295,0.618053,0.121086165,-3.5247202,0.3733556,-0.45759273
CrazyIdeas,then,1974,85.242,0,5,1229,4,1.3275629,-0.6525193,0.47028938,-3.073671,0.6224968,-0.3619638
CrazyIdeas,no,1089,84.511,0,4,1162,5,-5.248331,-1.8690981,2.5182562,-1.9434946,-2.7007306,0.513746
CrazyIdeas,one,2300,82.571,0,5,1129,6,-0.6982243,-0.017868979,0.39643177,-2.7863765,-0.7878009,0.0035640583
CrazyIdeas,called,1776,80.28,0,4,1050,7,0.33670443,2.0988314,-0.098232694,-1.7312236,1.1942981,-0.76010686
CrazyIdeas,will,1462,78.363,0,4,1033,8,0.37960052,0.12227282,0.18786187,-2.8572311,0.3906718,0.7284385
CrazyIdeas,they,3732,77.648,0,5,1148,9,0.8622272,0.61025566,1.06702,-3.5051446,1.4383961,0.38971087
CrazyIdeas,see,1197,77.135,0,5,1178,10,0.61824226,-0.7556345,0.5951832,-2.790912,-0.09916603,-0.14715068
CrazyIdeas,day,1337,75.884,0,4,961,11,0.42554933,-1.2099562,-1.5067651,-2.7567844,-0.50667286,-0.0010164105
CrazyIdeas,as,3574,75.626,0,4,998,12,-2.8397934,-0.7832017,-2.8060417,-2.2781217,-0.95820844,0.87362534
CrazyIdeas,start,1412,75.347,0,4,1026,13,1.783179,-1.9354587,-0.10830567,-2.1518834,-0.014201978,0.47611654
CrazyIdeas,everyone,1448,74.945,0,5,1044,14,1.3634657,0.7318339,0.46243873,-2.9195952,1.0409533,-0.15062353
CrazyIdeas,is,4463,74.468,0,4,997,15,-0.17091131,2.242272,-1.6801142,-3.179791,-0.04706385,0.24855019
CrazyIdeas,out,2281,74.298,0,4,1030,16,1.0769829,-0.70960635,-0.008120185,-2.968627,0.12615682,0.17456675
CrazyIdeas,so,4368,74.214,0,5,1021,17,-0.8768733,-0.58478075,-1.513026,-3.1185777,-0.6882985,-0.21709311
CrazyIdeas,give,1228,74.165,0,4,920,18,0.75190574,-0.5521469,1.5225656,-2.5842001,0.45189604,-0.15091674
CrazyIdeas,at,2653,73.882,0,4,1084,19,0.957146,-1.5361346,-1.9762051,-2.569361,-0.56025684,0.48392066
CrazyIdeas,who,1941,73.776,0,4,958,20,0.43902564,1.8322717,1.201078,-3.126877,0.843511,-0.12945189
Cricket,thread,2406,26.012,0,12,127,1,2.655381,-1.4894884,4.8606167,1.2676537,0.21588847,-0.08971784
Cricket,v,2142,23.998,0,10,119,2,2.7906635,-3.4895782,-1.4686196,-0.34042817,-3.1732357,0.7335943
Cricket,at,3319,23.962,0,9,130,3,-0.9434711,-0.13161223,0.30539918,-2.569361,-0.56025684,0.48392066
Cricket,has,1205,23.478,0,6,152,4,-1.0175732,0.59532595,-0.15205377,-2.2448533,-0.0649025,0.4776435
Cricket,this,2735,22.661,0,7,147,5,-1.4492373,0.55452,0.15657309,-3.423039,0.12052153,0.25829396
Cricket,an,1175,21.75,0,6,146,6,-0.8290026,-0.84950536,-0.8918378,-2.1368263,-0.7357933,0.54226786
Cricket,was,1013,20.996,0,7,113,7,-2.1569247,0.8644563,0.86653775,-3.1935225,0.4661826,-0.7393948
Cricket,zealand,1178,20.686,0,2,94,8,4.912861,2.806304,-0.88569766,1.0322216,0.92192477,0.4766337
Cricket,i,2065,20.522,0,6,141,9,-1.761284,-0.90359604,-0.6401742,-3.6094012,-1.000925,-0.32947692
Cricket,one,1098,19.339,0,5,120,10,-0.70737845,-0.65898985,-0.7463648,-2.7863765,-0.7878009,0.0035640583
Cricket,his,1271,19.207,0,6,121,11,-1.7581449,1.2806296,1.2079067,-2.9064577,0.89347196,-0.6014442
Cricket,it,1524,18.814,0,6,127,12,-1.812395,0.6208365,0.168435,-3.6389697,0.21471155,0.22040805
Cricket,australia,2706,18.295,0,3,113,13,4.2651873,2.0030293,-1.7035524,0.104997,-0.49323562,1.3349175
Cricket,first,1118,18.253,0,6,128,14,-0.336401,0.80856353,0.29928896,-2.34711,0.2744144,0.23318471
Cricket,day,1902,17.88,0,8,97,15,-0.45173496,-0.008441177,-0.5588728,-2.7567844,-0.50667286,-0.0010164105
Cricket,that,1259,17.704,0,7,89,16,-2.2748563,0.7554581,0.5403567,-3.7552161,0.8998972,-0.031067893
Cricket,from,2108,17.487,0,5,127,17,-0.70141006,1.3659037,0.41525754,-2.6115398,0.27107444,0.51758957
Cricket,new,2013,17.353,0,3,90,18,0.1446143,0.9964707,-1.0613157,-1.9311304,-0.70225275,1.158011
Cricket,a,6504,17.058,0,5,116,19,-1.0371643,-3.0143895,-2.3825066,-2.4333866,-2.5444493,0.38082778
Cricket,match,5059,16.946,0,5,102,20,2.4682734,-2.1058958,1.6706247,-0.72705734,-1.3288985,0.27072707
DIY,built,3045,244.118,0,17,2554,1,2.8496907,0.573421,-2.001949,0.0678786,1.6117593,0.5531782
DIY,our,1415,210.264,0,4,2497,2,0.20392434,-0.40163565,-1.6391991,-2.6149535,0.50715643,1.1347957
DIY,was,1218,195.597,0,4,2190,3,-1.7430983,-2.0833507,-0.83914626,-3.1935225,0.4661826,-0.7393948
DIY,made,5774,175.804,0,6,2126,4,-0.048591856,-0.4112176,-1.4899604,-2.28509,0.5075963,-0.4901376
DIY,so,2436,174.137,0,3,2240,5,-2.4782293,-0.7468559,-0.3466219,-3.1185777,-0.6882985,-0.21709311
DIY,we,1215,160.34,0,3,2135,6,-1.5660807,-0.5727479,-1.1197724,-2.914085,-0.52950966,0.6924777
DIY,coffee,1050,147.05,0,3,1696,7,2.229901,-0.014330575,0.9705108,-0.8353043,0.20079538,-0.14309184
DIY,my,18298,135.613,0,3,1777,8,-1.0350692,-1.405495,0.041210305,-3.730388,-0.22782871,-0.46035725
DIY,r,3288,131.175,0,4,1677,9,-3.0640361,4.091081,1.3675058,-1.3318741,-2.923924,0.8412996
DIY,post,2634,124.949,0,4,1570,10,-0.019684983,1.5830117,-0.67083853,-0.96799123,-0.9700228,1.1414212
DIY,into,2756,124.714,0,2,1676,11,0.6358655,-1.484506,-0.8985116,-2.2992327,1.1029599,0.46017256
DIY,first,2809,114.873,0,5,1344,12,-0.31291643,-0.30857226,-1.2393332,-2.34711,0.2744144,0.23318471
DIY,table,3753,114.682,0,3,1412,13,2.9766428,0.6027038,1.6812798,-0.55402964,-0.16139501,0.01580005
DIY,think,1024,113.074,0,3,1384,14,-1.2596375,-1.2803359,-0.86047137,-3.0465298,0.9089453,-0.4417823
DIY,x,2185,109.059,0,2,1401,15,-1.9330909,3.457256,1.7552346,-1.1175205,-3.2103586,-0.32081115
DIY,i,23072,106.759,0,3,1427,16,-2.6737523,-0.68422467,0.10750223,-3.6094012,-1.000925,-0.32947692
DIY,custom,1076,101.773,0,2,1545,17,3.3427236,3.197036,-2.018711,0.99556863,-0.31262866,0.5794409
DIY,bed,1404,100.307,0,3,1365,18,0.7986595,-1.7172587,3.7055476,-2.328985,0.015776705,-1.1863661
DIY,house,2444,98.966,0,2,1052,19,1.2234843,-1.0090748,1.5968447,-1.8251185,-0.17686044,0.044501543
DIY,room,1600,95.659,0,2,1129,20,1.8732946,-1.3849018,1.8988796,-1.9065807,0.42261437,-0.3282455
DarkNetMarkets,your,1074,10.782,0,3,78,1,-1.5681643,0.7609246,1.0213284,-3.7252882,0.5087585,0.337032
DarkNetMarkets,this,1600,10.541,0,2,93,2,-0.6734525,0.3317921,0.39999065,-3.423039,0.12052153,0.25829396
DarkNetMarkets,warning,1044,10.368,0,3,66,3,4.6201487,1.8346117,2.8626318,0.22765917,0.8940952,1.0340782
DarkNetMarkets,you,1885,9.821,0,2,77,4,-1.2551796,-0.37916863,1.2286738,-4.033075,-0.037475616,-0.28735858
DarkNetMarkets,be,1145,8.789,0,2,61,5,-0.3737668,-0.37602395,0.2369016,-3.2174866,0.08383241,0.17779635
DarkNetMarkets,of,4079,8.655,0,2,65,6,-0.6720957,1.8785214,-1.4733835,-2.9982007,0.07186476,1.1668499
DarkNetMarkets,the,6272,8.563,0,2,62,7,-1.1757594,1.0277759,-0.95615,-3.2426047,-0.24358808,0.80810684
DarkNetMarkets,not,1474,7.79,0,2,51,8,-0.14166722,-0.82058764,0.8767676,-3.244656,0.52007806,0.40083283
DarkNetMarkets,my,1674,7.433,0,1,56,9,-1.2588427,0.76251966,0.13850841,-3.730388,-0.22782871,-0.46035725
DarkNetMarkets,and,4012,7.39,0,2,46,10,-1.0413256,0.7764293,0.3841601,-3.4310362,0.294699,0.15188493
DarkNetMarkets,lsd,1588,7.221,0,2,40,11,6.0780754,-0.19735388,-1.6525922,1.7918279,0.3196544,-0.6817337
DarkNetMarkets,a,5295,7.207,0,2,50,12,0.6538068,-2.7825034,-2.5051837,-2.4333866,-2.5444493,0.38082778
DarkNetMarkets,to,8023,7.193,0,1,50,13,-0.874273,-2.0807273,-0.25872,-3.2859278,-0.35538822,1.1889808
DarkNetMarkets,in,2892,7.11,0,2,51,14,-0.4054993,1.8669032,-2.999705,-2.8785682,-0.5683023,1.1003566
DarkNetMarkets,up,1098,7.055,0,2,41,15,-0.31092608,0.07482757,-0.02755476,-3.0872686,-0.26721498,0.050360076
DarkNetMarkets,about,1198,7.002,0,2,50,16,-0.14650497,0.13458683,1.014876,-3.0813727,0.75868714,0.34861624
DarkNetMarkets,do,1598,6.926,0,2,50,17,0.1805507,-4.7042894,0.6561303,-2.8769507,-1.2141902,0.4546584
DarkNetMarkets,from,3169,6.657,0,2,46,18,-0.33202687,1.6646373,-0.60767543,-2.6115398,0.27107444,0.51758957
DarkNetMarkets,it,1428,6.602,0,2,42,19,-0.57838976,0.09218668,0.8451084,-3.6389697,0.21471155,0.22040805
DarkNetMarkets,that,1203,6.582,0,1,53,20,-0.72471654,0.13493858,0.81588745,-3.7552161,0.8998972,-0.031067893
DarkSouls2,ii,1428,22.465,0,1,185,1,2.33108,-1.472605,-3.3059382,0.06704074,-2.2078917,0.2517219
DarkSouls2,psa,1288,20.863,0,1,207,2,3.0228343,-0.7274066,1.1950084,1.7375541,-0.10821458,0.41093138
DarkSouls2,we,1060,19.576,0,1,155,3,-1.7770573,0.32346374,-1.2904489,-2.914085,-0.52950966,0.6924777
DarkSouls2,was,1562,18.64,0,1,166,4,-2.3099313,-0.7516977,-1.1604471,-3.1935225,0.4661826,-0.7393948
DarkSouls2,by,1236,18.384,0,1,187,5,-1.0952866,-1.5923115,1.5778352,-1.9502953,-0.116353825,0.59982204
DarkSouls2,all,2309,18.308,0,1,181,6,-2.048726,1.0707723,0.092528015,-3.2166746,-0.068885975,0.47858277
DarkSouls2,cosplay,1043,17.394,0,2,131,7,3.8086839,-0.6904532,-0.21430516,1.6373341,-1.3910275,-1.0236526
DarkSouls2,dark,10512,16.466,0,1,149,8,1.0008698,1.4984493,-0.13088205,-0.91450024,-0.40751827,-0.7974925
DarkSouls2,souls,12229,16.142,0,1,141,9,3.0768104,3.576852,1.0854784,0.6842576,0.54068387,-0.57684815
DarkSouls2,3,1012,15.961,0,1,116,10,None,None,None,None,None,None
DarkSouls2,lore,1226,15.165,0,2,131,11,4.2626166,0.1986618,0.5648354,2.4718704,-0.9373716,-0.60644025
DarkSouls2,most,1140,15.058,0,2,121,12,-1.4317837,1.1823854,-0.50010765,-2.3899105,0.99787456,0.7540966
DarkSouls2,don't,1355,15.056,0,1,133,13,None,None,None,None,None,None
DarkSouls2,video,1152,14.218,0,1,123,14,0.70078397,-3.740373,1.0974627,-0.99927104,-2.3009136,0.62200725
DarkSouls2,your,2692,13.925,0,2,112,15,-2.7540255,0.9057421,1.6311361,-3.7252882,0.5087585,0.337032
DarkSouls2,from,3068,13.864,0,1,139,16,-1.9799324,-0.5781459,1.5811967,-2.6115398,0.27107444,0.51758957
DarkSouls2,this,5664,13.842,0,1,115,17,-2.4163158,-0.6522278,0.47141948,-3.423039,0.12052153,0.25829396
DarkSouls2,as,1654,13.703,0,1,123,18,-1.2744856,0.6150999,-3.2011647,-2.2781217,-0.95820844,0.87362534
DarkSouls2,2,7265,13.49,0,1,115,19,None,None,None,None,None,None
DarkSouls2,old,1167,13.473,0,1,124,20,-1.1161395,0.8337936,0.50639385,-2.1879292,0.23916592,-0.89891815
Design,post,1057,46.993,0,1,500,1,1.6472477,-0.07771525,0.14994282,-0.96799123,-0.9700228,1.1414212
Design,designed,1334,39.618,0,1,438,2,4.2317467,2.57231,1.5027006,0.7756278,1.5342343,0.78438777
Design,poster,1316,36.486,0,1,349,3,4.19462,0.5605222,0.6197892,0.23237953,-1.5005239,-0.118618056
Design,this,4740,36.002,0,1,391,4,-1.1659636,0.57233477,0.11333034,-3.423039,0.12052153,0.25829396
Design,r,2298,33.861,0,2,392,5,2.0524967,-5.8401465,0.5621631,-1.3318741,-2.923924,0.8412996
Design,made,1795,31.83,0,1,365,6,0.32828072,1.1617146,0.7984572,-2.28509,0.5075963,-0.4901376
Design,just,1359,31.078,0,1,328,7,-1.6781777,0.7127087,0.5838669,-3.5247202,0.3733556,-0.45759273
Design,i,7390,30.702,0,1,360,8,-2.062735,-1.421819,1.363872,-3.6094012,-1.000925,-0.32947692
Design,my,5064,29.812,0,1,346,9,-1.7288431,0.023010274,0.8186998,-3.730388,-0.22782871,-0.46035725
Design,think,1701,29.181,0,1,290,10,-1.2983235,0.581218,0.42951295,-3.0465298,0.9089453,-0.4417823
Design,it,2795,28.443,0,1,303,11,-1.7974771,0.7725653,-0.4171496,-3.6389697,0.21471155,0.22040805
Design,first,1082,27.21,0,1,307,12,-0.018316036,0.5282212,0.21377915,-2.34711,0.2744144,0.23318471
Design,from,3219,26.422,0,1,306,13,-0.674511,0.44851646,0.8804745,-2.6115398,0.27107444,0.51758957
Design,one,1251,25.827,0,1,350,14,0.16006008,-0.55708504,-0.23743352,-2.7863765,-0.7878009,0.0035640583
Design,i'm,1347,25.136,0,1,254,15,None,None,None,None,None,None
Design,is,4908,24.457,0,1,230,16,-1.1735924,0.5059063,-0.61462885,-3.179791,-0.04706385,0.24855019
Design,as,1184,24.169,0,1,229,17,0.9102175,0.08977095,-4.3371763,-2.2781217,-0.95820844,0.87362534
Design,like,1691,23.437,0,1,226,18,-1.2759403,0.24459803,-0.33919594,-3.2754328,-0.06366012,-0.74290675
Design,an,2484,22.875,0,1,227,19,0.4978497,-0.103782594,-2.70005,-2.1368263,-0.7357933,0.54226786
Design,at,1734,22.746,0,1,272,20,-1.1486434,-0.7728503,0.6090472,-2.569361,-0.56025684,0.48392066
DestinyTheGame,guide,2128,61.152,0,4,561,1,0.71719754,0.7067952,-1.0476279,0.1208105,0.15432441,1.6482441
DestinyTheGame,here,1032,47.772,0,1,439,2,-1.7631695,-0.35791802,-0.75598073,-2.6188154,0.12210431,0.24904615
DestinyTheGame,year,1657,43.577,0,1,536,3,-2.1227612,-0.64844763,-0.5807347,-2.3330073,0.2867338,0.3811472
DestinyTheGame,lore,1192,43.357,0,2,401,4,3.1575248,1.3321116,-0.82461005,2.4718704,-0.9373716,-0.60644025
DestinyTheGame,dear,1069,43.041,0,0,575,5,-1.2728728,-0.34531263,-3.084734,-1.4512619,-0.20818093,-0.47599486
DestinyTheGame,spoilers,1159,41.254,0,1,449,6,2.0837045,1.1519675,-1.2250434,1.0948569,-0.5332651,-0.014772889
DestinyTheGame,us,3426,38.902,0,1,411,7,-1.9214661,-0.25305474,-0.20704478,-2.3342493,0.076385766,1.4165329
DestinyTheGame,6,1253,38.103,0,1,497,8,None,None,None,None,None,None
DestinyTheGame,shaders,1173,37.737,0,1,343,9,5.643704,-4.1816654,2.414002,3.624833,-0.12858807,-0.82400405
DestinyTheGame,bungie,14833,37.67,0,1,418,10,4.2319083,2.7495637,0.9692513,3.1728055,0.38592726,-0.8236515
DestinyTheGame,thank,1155,37.564,0,1,436,11,-2.115053,-0.40819463,-2.26746,-2.3037446,-0.15681584,-0.4241301
DestinyTheGame,made,2562,37.422,0,1,434,12,-1.8022789,-0.19070496,0.6452624,-2.28509,0.5075963,-0.4901376
DestinyTheGame,thread,1001,36.916,0,1,322,13,2.439125,-0.11689162,-0.4930928,1.2676537,0.21588847,-0.08971784
DestinyTheGame,you're,1516,36.605,0,1,402,14,None,None,None,None,None,None
DestinyTheGame,r,1971,36.089,0,1,397,15,-0.7490643,-4.253773,-0.84660846,-1.3318741,-2.923924,0.8412996
DestinyTheGame,he,1287,35.675,0,1,402,16,-2.913598,0.5826651,3.41558,-2.7646928,-0.82008827,-0.5936299
DestinyTheGame,destiny,1100,35.545,0,1,392,17,1.0758871,1.7951869,0.15513343,0.13191512,0.32380798,-0.88101226
DestinyTheGame,because,1235,34.902,0,1,373,18,-2.4098425,0.612534,0.42983976,-3.0100658,1.2618247,-0.08475999
DestinyTheGame,his,1237,34.315,0,1,413,19,-3.0675313,0.61923456,3.515737,-2.9064577,0.89347196,-0.6014442
DestinyTheGame,fallen,1219,34.018,0,1,368,20,0.78858715,1.205906,-0.21186976,0.33149582,0.24119848,-0.42968878
Diablo,guide,1038,37.602,0,2,334,1,1.2268834,1.4607612,-0.52241814,0.1208105,0.15432441,1.6482441
Diablo,patch,2888,31.291,0,1,304,2,2.8380647,-0.46627572,1.8057965,1.0440265,-0.7935854,-0.11265742
Diablo,0,3000,30.56,0,1,274,3,None,None,None,None,None,None
Diablo,blizzard,3652,29.666,0,0,347,4,3.1195467,-1.1589993,3.335662,1.4157854,0.23855959,-0.1910107
Diablo,post,1851,29.296,0,1,284,5,-0.2909782,0.22820024,-0.30768776,-0.96799123,-0.9700228,1.1414212
Diablo,made,1011,29.164,0,1,310,6,-1.8131793,0.8059673,0.7191862,-2.28509,0.5075963,-0.4901376
Diablo,we,2176,27.694,0,1,267,7,-2.933935,-0.5432113,0.5670705,-2.914085,-0.52950966,0.6924777
Diablo,iii,2462,26.797,0,1,265,8,3.241904,-0.5775447,-0.03464698,2.861141,-0.17112508,-0.7979866
Diablo,r,1557,25.961,0,1,241,9,-1.1014831,-5.4701853,-2.8252282,-1.3318741,-2.923924,0.8412996
Diablo,4,1965,25.767,0,1,234,10,None,None,None,None,None,None
Diablo,by,1611,24.337,0,1,201,11,-1.777729,0.72048765,-0.8325116,-1.9502953,-0.116353825,0.59982204
Diablo,5,1761,23.244,0,1,244,12,None,None,None,None,None,None
Diablo,1,6858,23.053,0,1,207,13,None,None,None,None,None,None
Diablo,it,1114,23.003,0,0,247,14,-2.983036,0.7078231,1.1131158,-3.6389697,0.21471155,0.22040805
Diablo,house,1355,22.293,0,1,249,15,-1.0506022,0.62850446,-4.0916904e-05,-1.8251185,-0.17686044,0.044501543
Diablo,more,2431,21.988,0,1,218,16,-2.7233503,0.3075414,0.10977343,-2.698736,0.15690249,0.9707182
Diablo,make,1986,21.899,0,0,272,17,-2.6782045,0.9988217,0.67671627,-2.8032298,0.14797789,0.20531139
Diablo,ptr,2070,21.719,0,1,162,18,3.9804115,-0.43809035,0.14332457,3.149098,-0.3060798,-0.48011252
Diablo,auction,1488,21.643,0,1,224,19,2.945682,2.7961977,-3.9481106,1.2429043,0.8750335,1.0753495
Diablo,2,7085,21.367,0,1,201,20,None,None,None,None,None,None
DnD,our,1141,71.719,0,8,511,1,0.047857597,1.081037,1.0418166,-2.6149535,0.50715643,1.1347957
DnD,made,1485,62.666,0,11,441,2,-0.5059228,0.45412105,-0.4645426,-2.28509,0.5075963,-0.4901376
DnD,this,2706,60.99,0,6,493,3,-1.1628505,0.75308955,-0.24199978,-3.423039,0.12052153,0.25829396
DnD,my,7782,50.572,0,6,441,4,-1.3566732,0.41073143,-0.029496076,-3.730388,-0.22782871,-0.46035725
DnD,r,1471,50.252,0,5,454,5,1.3972625,-5.061061,3.2805338,-1.3318741,-2.923924,0.8412996
DnD,at,1253,45.666,0,5,394,6,-0.26096812,0.64186394,2.3568854,-2.569361,-0.56025684,0.48392066
DnD,so,1631,43.418,0,6,400,7,-1.3981262,-0.7332744,-1.2436992,-3.1185777,-0.6882985,-0.21709311
DnD,all,1023,42.193,0,6,379,8,-1.2661463,0.25349998,0.5232083,-3.2166746,-0.068885975,0.47858277
DnD,just,1326,41.149,0,6,350,9,-1.4471967,1.0680062,0.02470305,-3.5247202,0.3733556,-0.45759273
DnD,i,8853,40.804,0,5,368,10,-1.6541543,-0.56691,0.9920679,-3.6094012,-1.000925,-0.32947692
DnD,one,1717,39.46,0,5,380,11,-0.3743137,-0.53328204,0.23407175,-2.7863765,-0.7878009,0.0035640583
DnD,map,1038,37.545,0,7,284,12,4.048438,0.76916146,-0.74931854,0.6982419,-0.1341924,1.4494493
DnD,it,2516,37.058,0,5,345,13,-1.6128746,1.1406964,-0.2327748,-3.6389697,0.21471155,0.22040805
DnD,post,1195,36.67,0,3,376,14,1.438269,-0.3423454,-0.29921263,-0.96799123,-0.9700228,1.1414212
DnD,like,1251,36.312,0,5,366,15,-1.117255,0.4614207,-0.39342546,-3.2754328,-0.06366012,-0.74290675
DnD,the,12437,35.476,0,4,320,16,-0.9918252,1.209095,0.79104996,-3.2426047,-0.24358808,0.80810684
DnD,me,2137,35.372,0,3,350,17,-0.93924093,-3.7572892,-4.1327043,-2.815495,-2.5236044,-0.39501652
DnD,session,1007,35.195,0,4,302,18,3.124347,0.01100454,-0.31863162,-0.22704582,-0.49614018,0.47082385
DnD,dungeon,1079,34.614,0,5,291,19,5.850967,1.4223517,-0.7054547,2.106394,0.1312627,-0.7770773
DnD,that,2039,33.654,0,5,255,20,-1.8195972,1.3180832,-0.43307582,-3.7552161,0.8998972,-0.031067893
Documentaries,their,1471,70.277,0,5,702,1,-3.0796616,-0.8694087,2.042376,-2.862955,1.4796243,0.9904445
Documentaries,years,1138,64.672,0,7,498,2,0.44764283,0.21016689,-0.32991487,-2.0438457,0.7118587,0.2206025
Documentaries,his,1804,63.339,0,3,626,3,-3.4222574,-0.7815678,-1.1017118,-2.9064577,0.89347196,-0.6014442
Documentaries,be,1225,62.62,0,2,528,4,1.2599612,0.8159289,-0.3924287,-3.2174866,0.08383241,0.17779635
Documentaries,2010,1284,59.806,0,8,503,5,None,None,None,None,None,None
Documentaries,into,1488,59.775,0,5,522,6,-2.0673096,-0.20262146,-1.4184543,-2.2992327,1.1029599,0.46017256
Documentaries,us,1141,58.874,0,4,557,7,0.50232345,-0.8298048,0.9257443,-2.3342493,0.076385766,1.4165329
Documentaries,that,3257,57.784,0,4,465,8,0.13675168,1.1234176,-0.41888353,-3.7552161,0.8998972,-0.031067893
Documentaries,have,1218,57.566,0,3,563,9,0.34113845,1.402335,1.1727508,-3.513116,0.79508233,0.23116368
Documentaries,look,1315,57.458,0,6,434,10,0.46909788,-0.27111506,-0.4567432,-2.6153276,-0.049048457,-0.6552221
Documentaries,who,2507,57.394,0,5,535,11,0.333598,0.84724206,1.281734,-3.126877,0.843511,-0.12945189
Documentaries,2012,2323,57.164,0,6,448,12,None,None,None,None,None,None
Documentaries,most,1487,56.909,0,3,546,13,1.2308824,-0.21025395,2.1123648,-2.3899105,0.99787456,0.7540966
Documentaries,2011,1694,56.545,0,7,528,14,None,None,None,None,None,None
Documentaries,was,1314,56.54,0,4,502,15,0.8898755,1.8360194,-2.9393237,-3.1935225,0.4661826,-0.7393948
Documentaries,2014,5547,56.441,0,3,572,16,None,None,None,None,None,None
Documentaries,as,1626,55.534,0,5,528,17,2.0310955,-4.5962734,-0.98345524,-2.2781217,-0.95820844,0.87362534
Documentaries,how,2900,55.481,0,3,463,18,0.8926416,0.59136534,0.49822444,-3.1789849,0.71929175,0.18375136
Documentaries,up,1066,54.794,0,3,634,19,-0.3570306,0.2632025,-1.0335559,-3.0872686,-0.26721498,0.050360076
Documentaries,all,1343,54.659,0,3,502,20,0.3912517,0.6713673,1.0412784,-3.2166746,-0.068885975,0.47858277
DoesAnybodyElse,phone,2255,49.463,0,2,622,1,0.032492157,-4.3058224,1.2921435,-2.182409,-0.44791046,0.54155385
DoesAnybodyElse,bed,1512,47.018,0,3,584,2,3.2954063,-0.022494912,-1.7262825,-2.328985,0.015776705,-1.1863661
DoesAnybodyElse,years,1068,46.289,0,2,624,3,-0.3325663,1.4613962,0.06172989,-2.0438457,0.7118587,0.2206025
DoesAnybodyElse,check,1422,45.228,0,2,632,4,-2.2665713,-1.3647058,-1.4406276,-1.5757638,-0.6624473,0.87661326
DoesAnybodyElse,wake,1395,44.616,0,3,574,5,2.0457568,-0.24147016,-0.326194,-1.8186444,0.43739069,-0.9609354
DoesAnybodyElse,away,1272,42.61,0,2,478,6,-0.48865288,1.0868682,-0.9897624,-2.263261,0.44955435,-0.29111457
DoesAnybodyElse,yourself,1041,42.529,0,2,542,7,-1.2614281,1.8261503,1.2309035,-2.3279076,1.1344177,-0.19611253
DoesAnybodyElse,though,1668,41.996,0,2,462,8,0.052540164,1.1879716,1.063102,-2.5650327,1.0452039,-0.8027788
DoesAnybodyElse,rather,1021,41.352,0,2,449,9,-0.46151024,2.0365813,1.2211771,-1.7809758,1.5660977,-0.18066771
DoesAnybodyElse,click,1180,40.73,0,2,442,10,-4.5366144,-1.2443935,-3.1781619,-0.4639157,-0.63490146,0.9180691
DoesAnybodyElse,sleep,2214,40.663,0,3,436,11,3.5649705,-0.46772093,-0.9679346,-2.6684287,0.20167775,-0.9221985
DoesAnybodyElse,night,1880,40.156,0,2,486,12,1.9116788,0.18327099,-0.8834563,-2.4922626,-0.66206264,-0.68668205
DoesAnybodyElse,sound,1558,40.097,0,2,473,13,-0.9510564,-0.0063246493,0.81178284,-1.2282356,-0.31502742,-0.22554225
DoesAnybodyElse,text,1236,39.91,0,2,499,14,0.07779722,-3.9521172,2.5582328,-2.2883623,-0.089841425,-0.5349345
DoesAnybodyElse,home,1248,38.73,0,2,446,15,1.2368673,-0.087040745,-1.7655511,-2.184206,-0.5050177,0.2838229
DoesAnybodyElse,you're,3573,38.725,0,2,419,16,None,None,None,None,None,None
DoesAnybodyElse,even,4563,38.057,0,2,438,17,0.29385746,0.31936032,0.85628015,-3.071201,0.53740066,-0.27044517
DoesAnybodyElse,until,1282,37.772,0,2,462,18,0.18347493,0.7471394,-0.06027241,-2.269189,1.0026324,0.03130121
DoesAnybodyElse,immediately,1144,37.644,0,2,370,19,-1.829449,0.5742403,0.66892713,-0.32550892,2.027336,0.12716
DoesAnybodyElse,absolutely,1488,37.22,0,2,420,20,-0.56699485,2.2691102,1.5739629,-1.3779712,1.345859,-0.64813554
Economics,study,1072,40.545,0,2,407,1,1.7584114,-4.176318,-0.071182735,-0.94419175,0.57895976,1.4756881
Economics,them,1214,38.186,0,3,388,2,-2.5191805,0.6827996,0.13142751,-3.2708795,1.2085484,0.06055402
Economics,because,1078,37.827,0,3,333,3,-2.1413267,-0.36670488,0.010685537,-3.0100658,1.2618247,-0.08475999
Economics,poor,1150,36.86,0,2,377,4,0.40779182,0.6972333,2.884299,-1.1341102,0.4863403,-0.13807611
Economics,americans,1562,36.632,0,2,369,5,2.1401174,2.0750923,-0.07674352,0.006741109,2.294442,1.800747
Economics,rich,1376,34.583,0,2,354,6,0.90803045,0.95638883,3.2285542,-0.9207501,0.95418084,-0.24316819
Economics,0,1825,34.486,0,3,349,7,None,None,None,None,None,None
Economics,workers,1160,32.227,0,3,258,8,2.483405,2.610527,-2.3890991,0.4208518,2.109531,2.2694283
Economics,percent,1403,32.155,0,4,330,9,3.5093892,0.20814735,-0.67487913,0.33586875,1.3503994,1.5760283
Economics,they,3112,31.765,0,3,253,10,-2.855852,0.8304801,-0.82622164,-3.5051446,1.4383961,0.38971087
Economics,their,3327,31.197,0,3,287,11,-2.3483887,0.8636864,-1.2244052,-2.862955,1.4796243,0.9904445
Economics,less,1161,30.984,0,3,278,12,0.8322357,-0.41709405,1.537765,-1.5578233,0.86325306,0.7751381
Economics,than,4664,30.85,0,3,296,13,-0.9279895,-0.25082988,1.441995,-2.6687617,0.9965041,0.19805433
Economics,pay,2058,30.601,0,2,283,14,1.5823896,0.53274065,-0.00012923931,-1.1739546,0.66361445,1.2680209
Economics,were,1226,30.521,0,3,251,15,-2.2874506,0.5903431,-0.9598813,-2.7464306,1.3570955,-0.3241211
Economics,class,1095,30.294,0,1,328,16,0.12343822,-3.5976727,-0.8033675,-1.9092605,0.20092349,0.26987773
Economics,people,2753,29.86,0,3,291,17,-1.6298012,0.70723695,0.026139364,-3.1653438,1.1312002,0.8718072
Economics,only,1712,29.162,0,2,267,18,-1.3035152,-0.597854,-0.14026666,-2.7601547,0.60493195,0.26616576
Economics,minimum,1040,29.071,0,1,287,19,3.9258835,-0.16552827,-1.0832274,0.78522885,0.385653,1.832609
Economics,has,4976,29.07,0,3,278,20,-1.6575855,-1.182674,-1.0114603,-2.2448533,-0.0649025,0.4776435
Entrepreneur,started,1096,17.225,0,2,177,1,0.86617005,1.2103194,0.76443136,-1.7621968,1.1011044,-0.42465985
Entrepreneur,we,1420,16.513,0,1,186,2,-0.64514744,-0.5557122,-0.70225483,-2.914085,-0.52950966,0.6924777
Entrepreneur,here,1430,16.138,0,2,167,3,-0.10852695,0.60712624,0.73781264,-2.6188154,0.12210431,0.24904615
Entrepreneur,so,1113,15.234,0,1,159,4,-1.4900831,-0.65008724,-1.3394526,-3.1185777,-0.6882985,-0.21709311
Entrepreneur,first,1828,15.165,0,2,127,5,0.27223063,0.85376716,0.45168543,-2.34711,0.2744144,0.23318471
Entrepreneur,this,3560,14.518,0,1,150,6,-0.81423485,0.72470504,0.5774492,-3.423039,0.12052153,0.25829396
Entrepreneur,reddit,1035,13.799,0,1,112,7,5.0971923,1.1295123,3.0060441,1.7281685,0.7255452,0.39683768
Entrepreneur,all,1069,13.767,0,1,131,8,-1.4629157,-0.21596065,-0.3089505,-3.2166746,-0.068885975,0.47858277
Entrepreneur,from,4169,13.669,0,1,116,9,-0.46196684,1.0559428,0.7285919,-2.6115398,0.27107444,0.51758957
Entrepreneur,sales,1076,13.489,0,2,113,10,4.29882,0.58852243,-3.4531984,0.27125192,-0.89403737,2.8198612
Entrepreneur,at,1602,13.226,0,1,128,11,-0.52872115,0.34658915,0.48851365,-2.569361,-0.56025684,0.48392066
Entrepreneur,as,1605,13.074,0,2,116,12,0.6079492,-0.40661436,-3.6695783,-2.2781217,-0.95820844,0.87362534
Entrepreneur,by,1228,12.962,0,1,142,13,0.27704585,0.75933206,0.47718,-1.9502953,-0.116353825,0.59982204
Entrepreneur,in,8663,12.883,0,1,109,14,-1.5517591,-0.527071,0.23101394,-2.8785682,-0.5683023,1.1003566
Entrepreneur,r,2043,12.741,0,2,116,15,1.6078007,-6.007488,1.0611851,-1.3318741,-2.923924,0.8412996
Entrepreneur,people,1318,12.735,0,1,109,16,-0.7633944,0.38318205,-0.40071085,-3.1653438,1.1312002,0.8718072
Entrepreneur,just,1992,12.716,0,2,114,17,-1.56491,0.8817832,0.6071987,-3.5247202,0.3733556,-0.45759273
Entrepreneur,i'm,2100,12.691,0,2,106,18,None,None,None,None,None,None
Entrepreneur,and,11942,12.479,0,1,104,19,-1.6401252,0.8757778,-0.3956459,-3.4310362,0.294699,0.15188493
Entrepreneur,i,12246,12.472,0,2,107,20,-1.9954351,-1.0536262,1.138684,-3.6094012,-1.000925,-0.32947692
FIFA,he,1662,18.978,0,1,123,1,-1.267036,1.6499164,-3.182052,-2.7646928,-0.82008827,-0.5936299
FIFA,guy,1014,18.128,0,1,164,2,-0.76154625,0.7216106,-1.1006181,-2.1731968,0.5513065,-1.1612861
FIFA,goal,2226,15.13,0,1,143,3,4.726375,-0.96486396,-0.19058071,-0.86402637,-0.39074546,0.053411152
FIFA,against,1341,14.776,0,1,134,4,2.1694453,-0.38789162,1.7269773,-1.0291473,1.1390711,1.4632013
FIFA,scored,1027,14.676,0,1,167,5,4.8613095,0.7513003,-0.8067089,-0.22650002,0.6078263,-0.5934113
FIFA,year,1315,14.597,0,1,101,6,-0.05162204,-0.9575293,0.6625674,-2.3330073,0.2867338,0.3811472
FIFA,today,1112,14.171,0,1,132,7,-0.44977003,-0.39535263,1.9189824,-2.7574947,0.25998557,0.34778124
FIFA,we,1311,14.063,0,1,121,8,-1.5626078,-0.8196662,0.38063407,-2.914085,-0.52950966,0.6924777
FIFA,r,1859,13.814,0,3,97,9,-0.832857,-5.9935513,-2.6796906,-1.3318741,-2.923924,0.8412996
FIFA,was,2820,13.789,0,1,134,10,-1.365607,1.4716735,-0.13970181,-3.1935225,0.4661826,-0.7393948
FIFA,his,1377,13.75,0,1,151,11,0.0915751,1.7417914,-1.5887318,-2.9064577,0.89347196,-0.6014442
FIFA,it,1065,13.47,0,1,127,12,-1.4812316,0.31683955,1.0770555,-3.6389697,0.21471155,0.22040805
FIFA,see,1120,13.011,0,1,136,13,-1.5604835,-0.45413858,1.1204292,-2.790912,-0.09916603,-0.14715068
FIFA,finally,1244,12.982,0,1,98,14,-0.29975486,0.3378781,0.7459507,-1.7974865,0.69651,-0.4414816
FIFA,by,1326,12.795,0,1,122,15,-0.53681207,-1.3081117,2.6370077,-1.9502953,-0.116353825,0.59982204
FIFA,had,1431,12.592,0,1,111,16,-0.6853861,1.6432428,-0.6145256,-2.871008,0.79366267,-0.7124806
FIFA,played,1558,12.473,0,1,112,17,1.7222406,1.1298128,-0.016195798,-1.2177033,0.6658088,-1.0563654
FIFA,16,2225,12.227,0,1,123,18,None,None,None,None,None,None
FIFA,never,1026,12.15,0,1,97,19,-1.5810264,0.44355053,-0.14892735,-3.041413,0.4030866,-0.54474926
FIFA,did,1567,11.834,0,1,101,20,-1.1351987,1.0734876,0.19812411,-2.9973285,0.9449186,-0.7106697
Fallout,i've,1011,138.792,0,6,1424,1,None,None,None,None,None,None
Fallout,made,2362,127.669,0,12,1246,2,-1.0357904,0.6239429,0.7886134,-2.28509,0.5075963,-0.4901376
Fallout,never,1046,123.585,0,6,1158,3,-1.4749765,0.609207,1.2305447,-3.041413,0.4030866,-0.54474926
Fallout,x,1207,111.831,0,13,1043,4,0.698201,-4.153488,1.7879853,-1.1175205,-3.2103586,-0.32081115
Fallout,had,1106,110.882,0,8,1008,5,-1.6676465,1.417118,1.7121556,-2.871008,0.79366267,-0.7124806
Fallout,thought,1245,110.378,0,12,1016,6,-1.1263832,1.3073547,0.92928535,-2.4158912,1.3569754,-0.9856474
Fallout,bethesda,1887,106.77,0,1,1270,7,5.509609,1.0296848,-0.92903477,3.2339787,0.19524914,0.104455486
Fallout,don't,1240,106.374,0,4,1004,8,None,None,None,None,None,None
Fallout,this,10562,104.794,0,7,961,9,-1.6528724,-0.05142438,-0.7737949,-3.423039,0.12052153,0.25829396
Fallout,today,1040,103.806,0,12,819,10,-1.2944458,0.07989292,-1.4853177,-2.7574947,0.25998557,0.34778124
Fallout,r,2474,102.318,0,9,1043,11,0.67015606,-5.3963766,0.93375444,-1.3318741,-2.923924,0.8412996
Fallout,my,9091,101.832,0,8,953,12,-2.0351121,-0.30678916,-0.8398164,-3.730388,-0.22782871,-0.46035725
Fallout,by,1411,101.093,0,6,1119,13,-0.5788925,-0.97632074,-2.3060975,-1.9502953,-0.116353825,0.59982204
Fallout,got,1801,100.009,0,7,1001,14,-1.7638726,0.9829537,0.75812054,-2.9497821,0.37691778,-0.89768565
Fallout,found,1766,99.668,0,9,1032,15,-0.11591024,1.3604572,0.9798364,-1.6166267,1.0226976,-0.38971415
Fallout,been,1193,98.691,0,4,911,16,-1.5795543,1.4720186,1.1550754,-2.828824,1.065512,-0.18167289
Fallout,vault,2899,97.649,0,5,1084,17,4.5732884,0.78171855,0.092170194,1.9695874,0.5307699,-0.1969387
Fallout,at,3092,97.192,0,5,950,18,-0.57077557,-0.49615988,-3.928279,-2.569361,-0.56025684,0.48392066
Fallout,wasteland,1261,96.02,0,9,866,19,5.3688364,1.1947489,0.5405162,2.8964942,0.83213097,-0.58645874
Fallout,when,2258,94.111,0,4,876,20,-1.923864,0.5214602,-0.6457192,-3.621951,1.0671849,-0.3380017
Filmmakers,free,1529,20.676,0,2,199,1,0.9224818,0.20082477,-2.4706128,-1.461445,-0.7716073,1.2995393
Filmmakers,was,1754,16.291,0,2,175,2,-1.5960966,1.0008819,1.2621644,-3.1935225,0.4661826,-0.7393948
Filmmakers,so,1486,15.61,0,2,151,3,-1.5280164,-0.37556753,-0.24970816,-3.1185777,-0.6882985,-0.21709311
Filmmakers,no,1101,14.977,0,2,179,4,-0.3685129,-5.237387,1.9044819,-1.9434946,-2.7007306,0.513746
Filmmakers,r,1940,14.53,0,2,157,5,1.2974671,-3.6664395,-4.1281333,-1.3318741,-2.923924,0.8412996
Filmmakers,this,7589,13.896,0,1,144,6,-1.4748992,0.88916993,-0.31855533,-3.423039,0.12052153,0.25829396
Filmmakers,use,1439,13.15,0,2,123,7,0.38457584,-0.79949886,-0.13820164,-1.638817,0.2510551,1.1932615
Filmmakers,it,1076,13.057,0,2,145,8,-1.9660906,0.81668955,0.066521265,-3.6389697,0.21471155,0.22040805
Filmmakers,feature,1261,13.051,0,2,135,9,3.3942008,1.256555,0.21714173,0.42570734,0.53815866,0.9616694
Filmmakers,has,1054,12.992,0,2,155,10,-0.3943469,-1.239249,2.9233615,-2.2448533,-0.0649025,0.4776435
Filmmakers,all,1518,12.982,0,2,150,11,-1.1022155,0.399037,-0.94684243,-3.2166746,-0.068885975,0.47858277
Filmmakers,just,2852,12.951,0,2,113,12,-1.6697212,0.8214921,0.24004732,-3.5247202,0.3733556,-0.45759273
Filmmakers,that,2943,12.906,0,2,124,13,-1.9080739,1.0105278,0.6759443,-3.7552161,0.8998972,-0.031067893
Filmmakers,up,1434,12.862,0,1,125,14,-1.1530325,0.4316789,-0.5977179,-3.0872686,-0.26721498,0.050360076
Filmmakers,director,1011,12.435,0,2,124,15,4.328456,-0.50366384,2.5795655,0.9085775,-0.69582576,1.296549
Filmmakers,from,3877,12.34,0,2,126,16,-0.4765485,1.3995667,-0.6172418,-2.6115398,0.27107444,0.51758957
Filmmakers,like,2042,11.942,0,1,119,17,-1.6080812,0.38793582,-0.31146535,-3.2754328,-0.06366012,-0.74290675
Filmmakers,of,13002,11.919,0,1,114,18,-0.8547855,1.1150377,-0.079222865,-2.9982007,0.07186476,1.1668499
Filmmakers,filmmakers,2963,11.888,0,2,105,19,6.224356,1.758919,-0.29597953,2.6827316,1.5139712,0.6324545
Filmmakers,who,1079,11.782,0,2,103,20,-0.45111835,0.33348823,0.2844493,-3.126877,0.843511,-0.12945189
Fishing,got,1386,33.505,0,11,216,1,-0.61842793,0.9957627,0.14295809,-2.9497821,0.37691778,-0.89768565
Fishing,my,9332,33.205,0,12,205,2,-1.4189334,-0.46090603,0.22687286,-3.730388,-0.22782871,-0.46035725
Fishing,biggest,1005,33.071,0,14,216,3,2.776058,-0.059739586,4.090381,-1.166584,0.93683904,0.300161
Fishing,was,2108,32.201,0,13,198,4,-1.3332415,0.9453048,-0.3932193,-3.1935225,0.4661826,-0.7393948
Fishing,r,1171,31.147,0,6,258,5,2.496018,-5.7828226,-0.96516,-1.3318741,-2.923924,0.8412996
Fishing,today,1843,30.307,0,12,184,6,-0.6079612,0.42437795,-0.42062804,-2.7574947,0.25998557,0.34778124
Fishing,ever,1270,29.662,0,11,183,7,0.07555951,0.029329114,1.9083419,-2.7880251,0.3631495,-0.6065687
Fishing,i,7763,29.488,0,9,195,8,-1.6713827,-1.7128327,-0.5148088,-3.6094012,-1.000925,-0.32947692
Fishing,so,1088,29.313,0,11,201,9,-1.5459622,-0.81288457,-1.2408502,-3.1185777,-0.6882985,-0.21709311
Fishing,caught,9165,28.818,0,13,174,10,1.5256338,2.1969416,0.32364184,-1.1264364,1.5022264,-0.95255256
Fishing,pike,1090,28.5,0,9,189,11,5.178714,1.9533918,-2.8211603,1.8774819,-0.50461763,-0.6255885
Fishing,this,7987,28.289,0,10,185,12,-1.1996491,-0.03731702,0.2743731,-3.423039,0.12052153,0.25829396
Fishing,off,1355,28.277,0,10,160,13,0.35020548,0.7128895,-1.5335485,-2.3796492,-0.63543266,-0.021672754
Fishing,just,1319,28.189,0,9,182,14,-1.6620841,0.29066408,0.09901109,-3.5247202,0.3733556,-0.45759273
Fishing,but,1919,28.062,0,10,166,15,-1.4890568,0.2357156,-0.30338386,-3.4802496,0.46259698,-0.009232555
Fishing,up,1277,27.862,0,8,168,16,-0.48254347,0.21369512,-0.29540417,-3.0872686,-0.26721498,0.050360076
Fishing,first,4939,27.796,0,12,169,17,0.22283782,0.6236845,0.5291703,-2.34711,0.2744144,0.23318471
Fishing,last,1448,27.789,0,14,171,18,0.08176337,0.64833754,-0.2759772,-2.4523034,-0.095323265,-0.17974901
Fishing,big,1467,27.232,0,9,180,19,1.1806768,-0.5951648,1.4451499,-2.0308697,-0.9441441,-0.031145213
Fishing,it,2862,27.172,0,8,185,20,-1.8582214,0.19157194,-0.2757595,-3.6389697,0.21471155,0.22040805
Fitness,transformation,1212,140.94,0,1,1454,1,1.9851611,4.3347545,0.6500018,1.0804585,0.806706,0.17058715
Fitness,pics,1738,58.051,0,1,567,2,-0.46565253,2.4069383,0.76091224,-1.4349222,0.21072546,-0.40752697
Fitness,year,4617,56.997,0,1,678,3,1.2435719,-1.1731164,-1.5860363,-2.3330073,0.2867338,0.3811472
Fitness,finally,1149,55.861,0,1,690,4,0.53836864,-0.46467704,1.1602571,-1.7974865,0.69651,-0.4414816
Fitness,progress,4861,53.302,0,1,558,5,1.2633358,2.8476367,0.61981714,0.19147328,0.95022017,1.3133366
Fitness,ago,1123,50.806,0,1,493,6,1.2232999,-1.2217104,0.23873906,-1.4586748,0.15247318,-0.34578076
Fitness,years,2807,48.106,0,1,559,7,1.6497835,-1.4760369,-1.0485727,-2.0438457,0.7118587,0.2206025
Fitness,made,1737,45.798,0,1,345,8,-0.9641548,-0.52570295,1.058027,-2.28509,0.5075963,-0.4901376
Fitness,today,3235,44.173,0,1,456,9,-0.053615894,-0.74675757,-0.046586707,-2.7574947,0.25998557,0.34778124
Fitness,video,2320,43.761,0,1,353,10,-3.1681457,2.3614259,0.3990027,-0.99927104,-2.3009136,0.62200725
Fitness,lost,2426,42.53,0,1,393,11,-0.16532353,-1.0211853,1.3415862,-1.8178686,0.43551114,-0.38535884
Fitness,month,2735,41.604,0,1,356,12,2.6816921,-0.78370565,-1.7871939,-1.4804306,0.40974754,0.7455698
Fitness,f,1026,40.352,0,1,451,13,-3.0726607,1.4678757,-4.509297,-0.91317356,-2.8605049,0.72308725
Fitness,life,2181,39.196,0,1,367,14,-0.77329504,-0.1974186,-0.4283122,-2.8062446,-0.114754654,-0.030254032
Fitness,we,1525,39.178,0,1,368,15,-1.8134573,-1.4978831,-0.1490876,-2.914085,-0.52950966,0.6924777
Fitness,lbs,3265,38.865,0,1,448,16,1.8769649,0.8022468,0.60883135,-0.48231858,0.5373343,-0.50840336
Fitness,was,3141,37.665,0,1,328,17,-1.7197716,-2.2878191,1.3911505,-3.1935225,0.4661826,-0.7393948
Fitness,months,4138,35.418,0,1,338,18,3.0551305,-1.1379876,-1.0601026,-1.6519196,1.207409,0.120681725
Fitness,man,1160,33.599,0,1,208,19,-2.640015,-0.99682266,-0.01022128,-2.0789037,-1.2185299,-0.5937323
Fitness,found,1008,33.463,0,1,305,20,-0.6812183,-0.6900536,2.3970866,-1.6166267,1.0226976,-0.38971415
Frugal,cost,1053,100.917,0,5,1189,1,1.1775084,4.0213723,2.6581457,-0.0667693,0.8252176,1.7510606
Frugal,all,1351,99.853,0,5,1162,2,-0.5206298,-1.2326558,-0.11179473,-3.2166746,-0.068885975,0.47858277
Frugal,this,4081,96.288,0,3,1149,3,-0.8971531,-1.1541641,-0.10220757,-3.423039,0.12052153,0.25829396
Frugal,year,1293,96.246,0,6,975,4,0.44399256,0.08331039,0.7314585,-2.3330073,0.2867338,0.3811472
Frugal,post,1130,91.572,0,3,1121,5,0.9678298,0.41708952,0.5298179,-0.96799123,-0.9700228,1.1414212
Frugal,don't,1264,86.81,0,5,1076,6,None,None,None,None,None,None
Frugal,than,1068,85.967,0,6,852,7,-0.6742942,1.5543644,0.5019643,-2.6687617,0.9965041,0.19805433
Frugal,just,2220,83.249,0,5,973,8,-1.3832997,-0.8872485,-0.3977189,-3.5247202,0.3733556,-0.45759273
Frugal,own,1169,80.231,0,7,851,9,-0.65752244,1.312705,0.13227995,-1.990759,0.5947786,0.28688976
Frugal,my,6045,79.162,0,6,879,10,-1.1856338,-1.6459107,0.26661935,-3.730388,-0.22782871,-0.46035725
Frugal,so,1274,78.792,0,6,749,11,-0.37325498,-0.48003444,-2.9641578,-3.1185777,-0.6882985,-0.21709311
Frugal,from,3479,77.744,0,5,932,12,-0.916953,-1.3049905,1.5012809,-2.6115398,0.27107444,0.51758957
Frugal,1,1030,76.38,0,2,904,13,None,None,None,None,None,None
Frugal,not,1858,76.179,0,5,812,14,-0.7400939,0.11426758,-0.65543014,-3.244656,0.52007806,0.40083283
Frugal,has,1216,75.109,0,6,800,15,-0.35214362,1.3705505,-0.84301466,-2.2448533,-0.0649025,0.4776435
Frugal,at,3322,73.59,0,4,856,16,-0.20458843,-1.5090063,1.6826503,-2.569361,-0.56025684,0.48392066
Frugal,5,1094,73.552,0,1,904,17,None,None,None,None,None,None
Frugal,as,1393,73.113,0,6,758,18,0.15274906,2.0782948,-3.5721066,-2.2781217,-0.95820844,0.87362534
Frugal,r,2885,72.61,0,5,770,19,6.131311,-1.7192575,-0.4122075,-1.3318741,-2.923924,0.8412996
Frugal,of,9488,72.581,0,5,782,20,-0.96782464,-1.0186877,1.0544211,-2.9982007,0.07186476,1.1668499
Games,million,1179,157.688,0,1,1710,1,-1.7556008,-0.105436094,1.9113137,-0.984038,0.5351191,1.3701212
Games,valve,1427,147.164,0,1,1699,2,3.7089782,-0.90773135,-1.6102787,2.6027849,0.026360579,0.4606776
Games,witcher,1592,138.971,0,1,1691,3,5.0752354,0.96351117,2.511707,3.1400578,0.13055421,-0.7225892
Games,official,1755,126.939,0,1,1310,4,-0.7329402,1.2369702,-1.2070029,-0.25766072,-0.8559357,0.85184574
Games,confirmed,1068,112.828,0,1,1301,5,-0.3587341,3.560579,-0.3542916,0.28214002,0.6584118,0.4138209
Games,support,1444,112.706,0,1,1431,6,-2.2583528,-1.0254035,-0.28542432,-1.0722231,-0.036212258,1.8644795
Games,update,2125,111.638,0,2,828,7,-0.23449259,0.7801371,-1.7244598,-0.27341,-1.0394661,1.7195832
Games,bros,1012,109.661,0,1,1202,8,0.1074486,-1.3899649,1.419767,0.1500464,-0.6736158,-1.189475
Games,announced,2024,108.685,0,1,962,9,-0.5238628,3.3397374,-1.0140518,0.41844672,0.7701299,1.3078033
Games,content,1032,107.104,0,1,1110,10,-0.1709997,-1.5079136,-2.0277858,0.113424234,0.09040501,2.170064
Games,fallout,1048,104.19,0,1,1219,11,2.997768,0.34334514,1.6261978,2.263507,0.5309315,0.2526956
Games,steam,8561,103.093,0,1,1088,12,3.0662272,-1.8419969,-0.8086972,1.2530795,-0.8672759,0.7292116
Games,mod,1811,102.173,0,1,1102,13,2.189213,-1.3561754,0.16901478,1.5750278,-1.1825286,0.3050002
Games,players,1436,101.213,0,1,1194,14,-0.759135,0.17625117,0.7494705,-0.86042345,0.6998996,0.80661327
Games,has,6434,100.678,0,1,1170,15,-2.3050194,0.25095424,-0.25280914,-2.2448533,-0.0649025,0.4776435
Games,day,2023,100.543,0,1,1037,16,-2.6724594,-1.6629779,1.2171581,-2.7567844,-0.50667286,-0.0010164105
Games,years,1495,99.315,0,1,979,17,-2.4845808,-0.18937442,2.587273,-2.0438457,0.7118587,0.2206025
Games,released,2974,97.933,0,2,845,18,-0.47215086,3.0259035,-0.32124704,-0.004977523,0.8723921,0.8912475
Games,sale,2117,97.916,0,1,1042,19,-0.3976932,-1.6363199,-3.0724387,0.04415802,-2.3269362,1.191423
Games,down,1596,97.36,0,1,1141,20,-2.0188515,-2.054096,0.48658267,-2.4505754,-0.011835438,0.07782673
GetMotivated,image,8653,240.528,0,13,3073,1,2.7914877,2.0696466,-2.2787375,0.15376258,-0.23646288,1.0418257
GetMotivated,x,1942,123.886,0,10,1440,2,3.0754507,-3.3832211,-0.80281156,-1.1175205,-3.2103586,-0.32081115
GetMotivated,was,1959,120.385,0,5,1725,3,-2.0691211,-0.20257707,1.0372696,-3.1935225,0.4661826,-0.7393948
GetMotivated,words,1175,119.567,0,5,1464,4,1.4281218,1.9124473,0.6312063,-1.9024812,1.004614,-0.51259524
GetMotivated,never,2117,114.068,0,3,1708,5,-0.76484233,0.19583198,1.0666718,-3.041413,0.4030866,-0.54474926
GetMotivated,quote,1762,111.736,0,6,1254,6,3.131599,2.709823,-0.4406661,-0.6706332,-0.08592797,-0.5240579
GetMotivated,he,1024,108.08,0,3,1820,7,-2.1308548,-2.3586981,-2.605596,-2.7646928,-0.82008827,-0.5936299
GetMotivated,r,3533,106.671,0,8,1284,8,3.8995562,-3.7401087,2.172721,-1.3318741,-2.923924,0.8412996
GetMotivated,post,2820,105.549,0,6,1284,9,2.19762,0.69878405,-1.5150564,-0.96799123,-0.9700228,1.1414212
GetMotivated,after,1212,105.448,0,3,1398,10,-0.80232763,0.17455699,0.010879198,-2.4006298,0.6087824,0.34676394
GetMotivated,years,1181,102.292,0,4,1508,11,-0.14598496,0.11378751,1.2936852,-2.0438457,0.7118587,0.2206025
GetMotivated,been,1017,101.15,0,5,1369,12,-2.1839824,-0.10275769,1.3877562,-2.828824,1.065512,-0.18167289
GetMotivated,this,13018,100.538,0,5,1276,13,-0.3444749,0.44840723,0.66066235,-3.423039,0.12052153,0.25829396
GetMotivated,his,1403,96.469,0,3,1103,14,-1.9317653,0.0073155775,-2.185541,-2.9064577,0.89347196,-0.6014442
GetMotivated,thought,1325,94.535,0,5,1428,15,-0.9100909,1.0033488,1.1264474,-2.4158912,1.3569754,-0.9856474
GetMotivated,old,1047,93.875,0,2,1319,16,-0.14785767,0.8127952,0.6115784,-2.1879292,0.23916592,-0.89891815
GetMotivated,it,2242,92.654,0,4,1195,17,-0.841576,0.19179699,0.45646816,-3.6389697,0.21471155,0.22040805
GetMotivated,found,1709,92.632,0,7,1155,18,-0.58450264,0.9443884,0.45098948,-1.6166267,1.0226976,-0.38971415
GetMotivated,got,1256,91.958,0,5,1150,19,-1.6213925,-0.111003466,0.86955094,-2.9497821,0.37691778,-0.89768565
GetMotivated,has,1552,89.983,0,3,1197,20,-2.0450623,-1.3845618,-1.9474783,-2.2448533,-0.0649025,0.4776435
Guitar,today,1209,38.281,0,5,342,1,-1.0271084,0.72224706,-1.1523846,-2.7574947,0.25998557,0.34778124
Guitar,his,1156,32.425,0,4,299,2,-0.8100273,1.4341291,1.9596798,-2.9064577,0.89347196,-0.6014442
Guitar,years,1285,31.844,0,5,252,3,-0.4898683,1.2719772,-0.8543031,-2.0438457,0.7118587,0.2206025
Guitar,made,1837,29.923,0,4,245,4,-0.9369982,0.5030708,0.16596006,-2.28509,0.5075963,-0.4901376
Guitar,was,1889,27.531,0,3,260,5,-1.7704071,0.93720466,0.630883,-3.1935225,0.4661826,-0.7393948
Guitar,after,1005,26.315,0,3,228,6,-0.7534529,0.6012306,-0.3852482,-2.4006298,0.6087824,0.34676394
Guitar,ever,1712,24.244,0,4,198,7,-1.1408023,0.4541302,-0.12319119,-2.7880251,0.3631495,-0.6065687
Guitar,day,1307,23.964,0,6,176,8,-0.9542494,0.23319066,-1.9899623,-2.7567844,-0.50667286,-0.0010164105
Guitar,ngd,2227,23.94,0,10,133,9,4.8088408,-0.7207824,-4.1861997,2.7141364,0.030608123,-0.9170363
Guitar,so,2813,22.951,0,3,184,10,-1.6394497,-1.0808253,-0.119038954,-3.1185777,-0.6882985,-0.21709311
Guitar,it,1337,22.887,0,3,200,11,-2.211067,-0.1327267,-0.26512584,-3.6389697,0.21471155,0.22040805
Guitar,who,1571,22.76,0,3,219,12,-1.1969044,0.10848978,0.87476397,-3.126877,0.843511,-0.12945189
Guitar,most,1158,21.862,0,4,165,13,-1.0690699,1.1057326,-0.5771167,-2.3899105,0.99787456,0.7540966
Guitar,got,2593,21.406,0,4,160,14,-1.3760667,0.24848257,0.4045042,-2.9497821,0.37691778,-0.89768565
Guitar,all,2305,21.075,0,3,183,15,-1.856213,-0.47593567,-0.33163765,-3.2166746,-0.068885975,0.47858277
Guitar,guitarist,1787,20.269,0,2,190,16,4.6657033,1.2391912,0.19882743,1.7167598,0.219047,-1.2889035
Guitar,paul,2287,19.568,0,3,161,17,2.6875744,-0.00020151929,3.2454798,-0.3660791,-1.1413654,-0.27801263
Guitar,gibson,2290,19.335,0,3,150,18,4.5126863,0.6204757,2.0484715,1.7737402,-0.023515869,-1.1158116
Guitar,post,1700,19.324,0,3,172,19,0.54786426,-0.91948634,-0.46379593,-0.96799123,-0.9700228,1.1414212
Guitar,no,1251,18.967,0,2,181,20,0.009017495,-6.1495957,0.9194329,-1.9434946,-2.7007306,0.513746
Health,0,1075,18.065,0,1,170,1,None,None,None,None,None,None
Health,americans,1205,17.972,0,1,166,2,2.4292738,-3.1949408,-0.79987496,0.006741109,2.294442,1.800747
Health,was,1966,16.028,0,1,148,3,-2.690714,0.19126748,1.3125976,-3.1935225,0.4661826,-0.7393948
Health,her,1064,15.798,0,1,136,4,-3.0049994,3.6257248,-1.4456093,-3.1888888,0.1947253,-1.2958006
Health,marijuana,1044,14.504,0,1,138,5,3.6119428,0.9957274,-1.5716836,0.5201974,1.5976124,1.2492726
Health,than,4132,13.629,0,1,130,6,-1.0520307,-1.0340253,-1.125493,-2.6687617,0.9965041,0.19805433
Health,their,2797,13.601,0,1,129,7,-1.8681065,-0.23316288,-1.5882112,-2.862955,1.4796243,0.9904445
Health,they,2436,13.575,0,1,129,8,-2.1886034,-1.5976857,-0.6252048,-3.5051446,1.4383961,0.38971087
Health,american,1124,13.162,0,1,133,9,1.303779,-1.0061445,-0.95726293,-0.53258926,0.16532494,0.74075556
Health,found,2044,12.822,0,1,114,10,-0.118667915,1.2711189,1.9229978,-1.6166267,1.0226976,-0.38971415
Health,fda,1716,12.751,0,1,132,11,4.7140293,1.6768374,0.026791345,2.3450012,0.88107604,1.5409594
Health,even,1328,12.676,0,1,117,12,-2.1834292,-1.0155102,-0.39497015,-3.071201,0.53740066,-0.27044517
Health,scientists,1612,12.615,0,2,105,13,3.908071,-1.7102354,1.7086133,1.244367,2.1250741,1.4090307
Health,finds,1506,12.612,0,1,105,14,1.7420119,1.4915991,2.249642,0.09550503,1.5237364,0.23757565
Health,say,1562,12.528,0,1,123,15,-1.1611879,-0.81691086,-0.42088148,-2.608526,0.1332203,-0.38639545
Health,sugar,1553,12.376,0,1,144,16,1.6145754,1.8575841,-3.0369258,-0.29398182,0.31468895,-0.9874612
Health,says,1838,12.315,0,1,107,17,-0.0013366935,0.16384533,1.5240656,-1.4983666,1.1672487,0.63161117
Health,who,3508,12.312,0,1,110,18,-1.7958654,-1.0389314,0.8773634,-3.126877,0.843511,-0.12945189
Health,would,1335,12.093,0,1,129,19,-2.0068572,-0.84162223,-0.14100227,-3.172782,1.2400492,-0.2527835
Health,has,4083,12.018,0,1,111,20,-1.2518922,1.2154636,2.4850461,-2.2448533,-0.0649025,0.4776435
Homebrewing,was,1326,40.382,0,6,320,1,-1.2004075,1.1316779,-1.3149929,-3.1935225,0.4661826,-0.7393948
Homebrewing,made,1638,39.642,0,7,323,2,0.14177412,0.48621002,-0.88943386,-2.28509,0.5075963,-0.4901376
Homebrewing,got,1489,35.615,0,6,287,3,-0.38251323,1.1610556,-0.4724217,-2.9497821,0.37691778,-0.89768565
Homebrewing,so,1858,31.438,0,5,270,4,-0.8278842,-0.615136,-1.8596044,-3.1185777,-0.6882985,-0.21709311
Homebrewing,today,1110,31.328,0,7,256,5,-0.42727864,0.7659767,0.18429585,-2.7574947,0.25998557,0.34778124
Homebrewing,r,1519,31.046,0,5,317,6,0.5821416,-5.4401526,2.798528,-1.3318741,-2.923924,0.8412996
Homebrewing,it,1143,30.104,0,6,246,7,-1.1833562,1.0334858,-0.5552761,-3.6389697,0.21471155,0.22040805
Homebrewing,my,15492,29.217,0,5,239,8,-1.341198,0.4143143,-0.26748726,-3.730388,-0.22782871,-0.46035725
Homebrewing,me,2452,29.067,0,4,264,9,-0.8328054,-3.5515268,-4.1852355,-2.815495,-2.5236044,-0.39501652
Homebrewing,post,1126,28.058,0,3,266,10,1.3129406,-0.67481035,0.5427988,-0.96799123,-0.9700228,1.1414212
Homebrewing,here,1136,26.538,0,5,246,11,-0.015806213,0.47068575,0.3329439,-2.6188154,0.12210431,0.24904615
Homebrewing,day,2023,25.652,0,6,194,12,-0.37921062,-0.35339892,1.0009108,-2.7567844,-0.50667286,-0.0010164105
Homebrewing,at,2769,25.221,0,5,220,13,-0.6706239,0.7489273,2.203876,-2.569361,-0.56025684,0.48392066
Homebrewing,i'm,1800,25.084,0,5,199,14,None,None,None,None,None,None
Homebrewing,new,2467,25.044,0,5,203,15,0.14805868,0.02881933,1.4146218,-1.9311304,-0.70225275,1.158011
Homebrewing,from,3949,24.804,0,4,236,16,-0.58576417,0.9795375,0.82204527,-2.6115398,0.27107444,0.51758957
Homebrewing,out,2417,24.571,0,5,224,17,-0.41924462,0.97052455,0.4786698,-2.968627,0.12615682,0.17456675
Homebrewing,homebrewing,2385,24.157,0,5,207,18,8.39227,0.9052335,-0.81049687,3.8739293,1.3880806,-0.13435428
Homebrewing,the,14491,23.744,0,4,202,19,-1.3064164,0.90664417,0.7312675,-3.2426047,-0.24358808,0.80810684
Homebrewing,this,6967,23.558,0,4,214,20,-1.0046761,0.6319329,-0.15500817,-3.423039,0.12052153,0.25829396
HomeworkHelp,you,1065,1.949,0,1,6,1,-0.23315163,-0.32111517,-0.74319726,-4.033075,-0.037475616,-0.28735858
HomeworkHelp,me,1783,1.873,0,1,6,2,2.788103,-3.4235253,0.95774144,-2.815495,-2.5236044,-0.39501652
HomeworkHelp,do,1471,1.87,0,1,6,3,0.3583793,-2.9527175,3.0610642,-2.8769507,-1.2141902,0.4546584
HomeworkHelp,question,3467,1.864,0,1,6,4,1.1258677,2.8227782,3.3115997,-1.1801236,0.14113526,0.45859644
HomeworkHelp,i,4600,1.847,0,1,6,5,-1.0618652,-0.508791,0.49673742,-3.6094012,-1.000925,-0.32947692
HomeworkHelp,can,1716,1.817,0,1,6,6,0.50128883,1.297401,-0.64161366,-3.0683029,0.2907768,0.2961294
HomeworkHelp,some,1229,1.814,0,1,5,7,-0.9935484,-0.549631,0.02581427,-2.936425,0.5602152,0.024037298
HomeworkHelp,this,2551,1.811,0,1,6,8,-1.1429139,0.03363328,-1.1773791,-3.423039,0.12052153,0.25829396
HomeworkHelp,please,1693,1.803,0,1,6,9,3.631656,0.8089444,-1.9406494,-2.395506,-0.8483724,0.26497635
HomeworkHelp,help,9416,1.802,0,1,5,10,3.1971476,1.1605827,-1.6132474,-1.9769564,0.15685233,1.208786
HomeworkHelp,it,1017,1.785,0,1,6,11,-1.6891947,0.2820259,-0.49835923,-3.6389697,0.21471155,0.22040805
HomeworkHelp,that,1060,1.782,0,1,6,12,-2.0477564,0.16698697,-0.25878134,-3.7552161,0.8998972,-0.031067893
HomeworkHelp,my,2434,1.774,0,1,6,13,-1.0424782,-0.40811303,-0.78311014,-3.730388,-0.22782871,-0.46035725
HomeworkHelp,is,2610,1.757,0,1,6,14,-1.7092638,0.5908002,-0.9963204,-3.179791,-0.04706385,0.24855019
HomeworkHelp,about,1441,1.753,0,1,5,15,-1.3535736,0.47706503,0.3695298,-3.0813727,0.75868714,0.34861624
HomeworkHelp,for,4242,1.747,0,1,6,16,-0.4706178,-1.2861657,-1.3432158,-3.0441322,-0.3696654,1.2194023
HomeworkHelp,need,4490,1.736,0,1,5,17,0.774988,0.588605,-0.59465396,-2.7775822,0.25521228,0.39256024
HomeworkHelp,problem,2687,1.729,0,1,5,18,0.30838144,2.6612408,2.2414932,-1.470867,-0.18937193,0.58164406
HomeworkHelp,how,2988,1.726,0,1,6,19,-1.0064503,0.687209,0.18292561,-3.1789849,0.71929175,0.18375136
HomeworkHelp,to,6265,1.714,0,1,6,20,0.06500047,-2.1272151,-0.056379963,-3.2859278,-0.35538822,1.1889808
IndieGaming,has,1012,20.284,0,5,154,1,-0.069364205,-2.5598595,2.961273,-2.2448533,-0.0649025,0.4776435
IndieGaming,steam,1806,18.125,0,4,137,2,4.9520764,0.63608694,-1.1028469,1.2530795,-0.8672759,0.7292116
IndieGaming,one,1068,17.564,0,3,152,3,-0.20225105,-1.17774,-0.92498535,-2.7863765,-0.7878009,0.0035640583
IndieGaming,this,2604,17.177,0,3,126,4,-1.1824315,0.38967636,0.40110812,-3.423039,0.12052153,0.25829396
IndieGaming,from,2347,16.433,0,4,123,5,-0.49001816,1.8136375,0.23907243,-2.6115398,0.27107444,0.51758957
IndieGaming,made,1419,16.353,0,4,124,6,-0.3432993,0.19282506,0.28829154,-2.28509,0.5075963,-0.4901376
IndieGaming,i,3545,16.257,0,3,123,7,-1.6395209,-0.2630564,-2.739156,-3.6094012,-1.000925,-0.32947692
IndieGaming,is,5456,16.096,0,3,120,8,-1.2387114,-0.26555663,2.253877,-3.179791,-0.04706385,0.24855019
IndieGaming,it,1056,16.028,0,4,121,9,-1.4770324,0.32417318,0.2095194,-3.6389697,0.21471155,0.22040805
IndieGaming,that,1644,15.679,0,3,122,10,-1.8701303,0.09864308,0.47535136,-3.7552161,0.8998972,-0.031067893
IndieGaming,be,1219,15.655,0,2,124,11,-1.3861104,-0.7924716,0.058310483,-3.2174866,0.08383241,0.17779635
IndieGaming,trailer,1996,15.434,0,4,108,12,4.450121,-0.36819145,1.2645897,0.40215832,-1.5392607,0.28652993
IndieGaming,some,1326,15.359,0,3,125,13,-0.69370234,0.50524324,-0.6023219,-2.936425,0.5602152,0.024037298
IndieGaming,now,2105,15.119,0,3,123,14,-0.46128392,1.1250857,-0.29457754,-2.8247273,-0.011966664,0.30824298
IndieGaming,rpg,1270,14.799,0,4,92,15,5.5538797,0.25252888,-0.6271382,2.3596973,-0.9487617,0.41260943
IndieGaming,my,4608,14.769,0,3,117,16,-1.5210474,1.1220943,-0.49063197,-3.730388,-0.22782871,-0.46035725
IndieGaming,by,1934,14.711,0,4,107,17,-0.026320618,1.8054763,0.24574456,-1.9502953,-0.116353825,0.59982204
IndieGaming,a,13075,14.656,0,3,112,18,-0.084023006,-4.3689055,-1.5188366,-2.4333866,-2.5444493,0.38082778
IndieGaming,you,4085,14.581,0,3,120,19,-2.024458,0.2675733,-1.2152838,-4.033075,-0.037475616,-0.28735858
IndieGaming,our,2141,14.482,0,3,107,20,-0.24636647,1.2627376,1.1186413,-2.6149535,0.50715643,1.1347957
InternetIsBeautiful,that,2696,111.557,0,1,1363,1,-1.3491099,0.41726542,0.5769139,-3.7552161,0.8998972,-0.031067893
InternetIsBeautiful,site,1864,111.507,0,1,1372,2,5.7612934,0.7787746,0.40010527,-0.12009233,-1.376954,2.483486
InternetIsBeautiful,this,3220,104.046,0,1,1378,3,-0.52348834,-0.013686279,0.09930051,-3.423039,0.12052153,0.25829396
InternetIsBeautiful,it,2081,103.569,0,1,1114,4,-1.0104579,0.011038271,0.6168066,-3.6389697,0.21471155,0.22040805
InternetIsBeautiful,you,5464,99.919,0,1,1211,5,-1.6824399,0.8325353,1.4961762,-4.033075,-0.037475616,-0.28735858
InternetIsBeautiful,website,3657,96.549,0,1,1209,6,4.819809,1.9363648,0.6951343,-0.33010587,-0.05625543,2.4424007
InternetIsBeautiful,from,2434,95.814,0,1,1165,7,-0.4496588,0.8942338,-2.0223205,-2.6115398,0.27107444,0.51758957
InternetIsBeautiful,what,1562,88.606,0,1,973,8,-1.0274403,0.7721972,1.2744281,-3.2040205,0.28209987,-0.0018237375
InternetIsBeautiful,a,10306,86.932,0,1,1004,9,0.8495127,-4.3347187,0.5539102,-2.4333866,-2.5444493,0.38082778
InternetIsBeautiful,can,1587,81.725,0,1,933,10,-0.46689403,-0.11864601,2.05082,-3.0683029,0.2907768,0.2961294
InternetIsBeautiful,or,1079,80.255,0,1,973,11,-0.5258027,-0.18430597,0.5090208,-2.6681688,0.076676235,0.27281043
InternetIsBeautiful,of,7644,79.208,0,1,919,12,-0.5747937,0.8349737,-2.1837234,-2.9982007,0.07186476,1.1668499
InternetIsBeautiful,an,1657,77.377,0,1,1009,13,0.63508165,-3.5514746,0.005219303,-2.1368263,-0.7357933,0.54226786
InternetIsBeautiful,your,5118,74.36,0,1,834,14,-1.1335008,1.1316184,1.2326766,-3.7252882,0.5087585,0.337032
InternetIsBeautiful,the,11287,73.107,0,1,785,15,-1.1378742,0.19174714,-1.4530283,-3.2426047,-0.24358808,0.80810684
InternetIsBeautiful,are,1179,73.0,0,1,753,16,-1.226603,1.3727179,0.83794326,-3.1324968,0.5529448,0.6463594
InternetIsBeautiful,time,1107,68.239,0,1,602,17,0.09951207,-0.97191125,0.4923808,-2.5689878,-0.6856868,0.21413173
InternetIsBeautiful,and,7364,67.869,0,1,753,18,-1.5434716,0.6890575,-0.20870389,-3.4310362,0.294699,0.15188493
InternetIsBeautiful,by,1703,65.287,0,1,718,19,0.34238896,0.2663422,-3.3873553,-1.9502953,-0.116353825,0.59982204
InternetIsBeautiful,on,3857,60.628,0,1,591,20,0.1439364,-0.9541221,-1.5857054,-2.7134001,-0.83771306,0.9725021
Jokes,nsfw,1362,145.075,0,1,1723,1,5.6071525,-0.054013766,2.335045,1.3006428,0.33649844,-0.71263635
Jokes,wife,2689,140.76,0,4,1670,2,1.0114157,1.6026971,-1.3738631,-1.4575951,0.8743942,-1.3490343
Jokes,old,2502,114.332,0,6,1041,3,-0.499257,0.101699755,-0.4078306,-2.1879292,0.23916592,-0.89891815
Jokes,told,1711,111.062,0,3,1104,4,-1.6908355,2.4332645,0.46032572,-2.2329273,1.2945334,-1.2332821
Jokes,over,1206,109.996,0,2,1282,5,-1.2321619,-1.3424244,0.056837842,-2.4282598,0.20016232,0.49509627
Jokes,girl,2309,108.914,0,1,1202,6,0.40688375,0.42514202,-0.9907402,-2.7847033,-0.23959495,-1.4880413
Jokes,been,1102,108.721,0,2,1526,7,-1.8600522,0.5930085,0.5737613,-2.828824,1.065512,-0.18167289
Jokes,change,1095,106.504,0,4,1084,8,-0.89104307,-0.4270338,0.99343777,-1.9051344,0.51746523,0.9237029
Jokes,asked,1512,104.778,0,3,1199,9,-1.3068324,2.7993498,0.8459987,-1.6473709,1.5285612,-0.9740044
Jokes,woman,2869,104.769,0,3,1079,10,1.0345219,0.4142721,-2.6600611,-1.6518434,1.1406189,-0.45915756
Jokes,year,1191,104.402,0,1,1079,11,-1.3833294,-0.516118,-0.2527431,-2.3330073,0.2867338,0.3811472
Jokes,night,1530,103.874,0,3,1438,12,-0.68852717,-1.3814561,1.0582726,-2.4922626,-0.66206264,-0.68668205
Jokes,by,2007,102.437,0,1,876,13,-1.3302209,-2.3179517,0.35028416,-1.9502953,-0.116353825,0.59982204
Jokes,boy,1229,101.875,0,3,870,14,-0.38696924,-0.39272198,-0.77242017,-1.8613055,-1.0879962,-1.4903198
Jokes,said,1292,101.41,0,2,1185,15,-1.6274338,2.322219,0.33016172,-2.4672892,0.8450468,-1.0224626
Jokes,her,2894,99.367,0,2,1076,16,-0.07937871,1.9359663,-1.5428054,-3.1888888,0.1947253,-1.2958006
Jokes,blonde,1148,98.719,0,7,967,17,3.5938792,0.42572406,1.6811801,-0.4673486,0.099636525,-2.0476642
Jokes,sex,2605,98.628,0,2,1164,18,3.1563523,-0.55065364,-0.33213416,-1.6953415,-0.119740486,-0.09513471
Jokes,men,1778,98.489,0,4,787,19,0.6151159,-3.4776707,-3.179163,-1.014716,-1.249238,0.323996
Jokes,me,4688,97.039,0,2,1058,20,-2.449281,-2.5932984,2.826456,-2.815495,-2.5236044,-0.39501652
LosAngeles,was,1463,40.586,0,6,307,1,-1.431724,1.1971068,-2.4271364,-3.1935225,0.4661826,-0.7393948
LosAngeles,post,1027,35.259,0,4,344,2,0.7445265,-0.44522876,0.5688438,-0.96799123,-0.9700228,1.1414212
LosAngeles,this,5219,34.85,0,4,303,3,-1.2840163,0.53640145,0.31793296,-3.423039,0.12052153,0.25829396
LosAngeles,all,1233,34.446,0,4,306,4,-1.3761015,-0.09038652,1.2309395,-3.2166746,-0.068885975,0.47858277
LosAngeles,today,1279,32.885,0,4,265,5,-0.3112231,0.90963346,-0.12585853,-2.7574947,0.25998557,0.34778124
LosAngeles,has,1316,31.835,0,4,235,6,-0.6031529,0.5473051,-3.905368,-2.2448533,-0.0649025,0.4776435
LosAngeles,downtown,1286,31.08,0,5,289,7,4.3765235,1.5044575,1.1913058,0.10407623,0.35661292,0.03257101
LosAngeles,like,1177,30.974,0,3,296,8,-1.2493472,0.2951949,0.68106323,-3.2754328,-0.06366012,-0.74290675
LosAngeles,time,1097,30.876,0,3,320,9,-0.56055564,-0.32315668,0.88812447,-2.5689878,-0.6856868,0.21413173
LosAngeles,from,4274,30.711,0,4,290,10,-0.30117875,0.73320824,0.46333414,-2.6115398,0.27107444,0.51758957
LosAngeles,r,1926,30.63,0,4,297,11,0.9883677,-6.207417,-0.45466676,-1.3318741,-2.923924,0.8412996
LosAngeles,so,1117,30.541,0,3,256,12,-1.4732877,0.020853415,-0.11381157,-3.1185777,-0.6882985,-0.21709311
LosAngeles,california,1347,30.518,0,7,244,13,4.1822414,0.8774472,0.058843512,0.27779302,0.016154507,0.90861773
LosAngeles,over,1041,30.067,0,5,254,14,-0.45815822,0.69931555,-0.17478082,-2.4282598,0.20016232,0.49509627
LosAngeles,if,1370,30.056,0,3,244,15,-1.6106641,0.028389145,0.8641269,-3.4172652,0.6949564,0.07018097
LosAngeles,one,1193,29.669,0,3,237,16,-0.6341239,-1.0094724,-0.112992086,-2.7863765,-0.7878009,0.0035640583
LosAngeles,now,1068,29.06,0,4,257,17,-0.8784663,0.35613215,0.623163,-2.8247273,-0.011966664,0.30824298
LosAngeles,people,1044,28.459,0,3,233,18,-0.93086624,0.14076127,1.9936447,-3.1653438,1.1312002,0.8718072
LosAngeles,park,1374,28.303,0,5,252,19,3.9647925,-0.004302188,-1.1810354,-0.65706813,-1.2870268,0.0280818
LosAngeles,will,1139,27.934,0,4,223,20,-1.1535851,0.23375638,-0.38567436,-2.8572311,0.3906718,0.7284385
MMA,gif,3191,103.912,0,27,611,1,1.5164429,3.9695735,0.32153,0.5087607,-1.5573933,-0.7032857
MMA,image,1627,99.139,0,14,600,2,0.23505431,3.7200837,0.15879023,0.15376258,-0.23646288,1.0418257
MMA,spoiler,4468,78.718,0,10,516,3,1.7156208,3.4417634,0.5613853,1.0932263,-1.2586792,-0.5409794
MMA,rogan,1513,63.009,0,4,503,4,4.5746813,-1.6618835,4.394559,2.6953201,0.75559974,-1.5740514
MMA,joe,2640,53.409,0,5,384,5,2.1054633,-1.0503262,-0.13025112,-0.39149907,-1.2371581,-0.96139765
MMA,day,1145,51.18,0,5,421,6,-2.460669,-0.10934456,-0.07192197,-2.7567844,-0.50667286,-0.0010164105
MMA,today,1053,46.912,0,5,362,7,-2.5803156,-0.41223767,-0.24504142,-2.7574947,0.25998557,0.34778124
MMA,face,1195,44.788,0,3,317,8,-0.8116435,1.6308533,-1.3177115,-1.8403264,-1.1823047,-0.54780346
MMA,guy,1345,44.559,0,3,410,9,-0.9562586,-0.58294296,1.2177024,-2.1731968,0.5513065,-1.1612861
MMA,jose,1085,43.863,0,5,316,10,2.6076577,-1.5076321,-2.5607834,0.27948198,-1.7472463,-0.2928044
MMA,him,1892,43.747,0,4,311,11,-1.7374746,-1.0504086,0.21052921,-3.1272774,0.7650703,-0.98501414
MMA,chris,1627,43.095,0,4,315,12,1.2853494,-0.6876163,-0.76967335,-0.9161314,-1.0025609,-1.1414263
MMA,anthony,1137,42.782,0,4,284,13,2.4095814,-1.7269789,-1.1870211,0.18129571,-0.64257926,-1.2021446
MMA,just,3202,42.429,0,2,340,14,-2.545337,-0.58312964,0.9081749,-3.5247202,0.3733556,-0.45759273
MMA,my,4127,42.048,0,3,325,15,-3.1502664,-0.79318166,0.076718315,-3.730388,-0.22782871,-0.46035725
MMA,this,8635,41.611,0,2,357,16,-2.7749343,-0.17256209,0.7938407,-3.423039,0.12052153,0.25829396
MMA,mark,1232,41.329,0,5,314,17,1.0257913,0.02586488,-1.4919956,-0.3415961,-0.5034846,0.116672486
MMA,aldo,1982,40.985,0,2,313,18,3.697947,-1.059261,-1.121033,2.0828345,-1.5439297,-1.2130818
MMA,after,2976,40.704,0,2,295,19,-1.887571,-0.3319915,-0.35236594,-2.4006298,0.6087824,0.34676394
MMA,got,1388,40.178,0,4,330,20,-2.2691128,-1.0586419,0.6045707,-2.9497821,0.37691778,-0.89768565
MURICA,usa,1324,229.33,0,9,3028,1,3.6771674,-1.4365672,0.89915884,0.09433452,-1.7909893,1.6381593
MURICA,right,1566,125.11,0,9,1501,2,-1.2819401,0.96748286,-0.3551169,-2.9434712,0.5241887,-0.17900251
MURICA,his,1180,111.415,0,9,1488,3,-2.0638876,0.916573,1.1326469,-2.9064577,0.89347196,-0.6014442
MURICA,today,2577,110.61,0,8,1487,4,-0.90551937,0.8495492,-0.79044086,-2.7574947,0.25998557,0.34778124
MURICA,was,2440,108.451,0,8,1366,5,-2.27386,0.6476091,0.29915574,-3.1935225,0.4661826,-0.7393948
MURICA,flag,1473,107.73,0,7,1395,6,3.1290011,2.166207,2.0503967,0.4090915,0.50064754,0.16809173
MURICA,they,1014,107.162,0,7,1374,7,-2.0523498,0.52453923,0.20006813,-3.5051446,1.4383961,0.38971087
MURICA,when,1600,106.776,0,9,1299,8,-2.2853785,0.70479107,-0.2644075,-3.621951,1.0671849,-0.3380017
MURICA,no,1107,101.867,0,6,1416,9,0.49169755,-5.083739,2.103714,-1.9434946,-2.7007306,0.513746
MURICA,happy,1190,101.706,0,4,1208,10,0.2871756,-0.032208797,-3.5675516,-2.4391472,-1.2275528,-1.0690936
MURICA,patriot,3575,101.639,0,8,1238,11,4.3180265,2.912846,0.87006795,1.934316,0.6751461,0.4307234
MURICA,r,4857,101.619,0,7,1285,12,2.4923944,-2.4173968,-4.0468535,-1.3318741,-2.923924,0.8412996
MURICA,has,1219,101.469,0,6,1312,13,-1.1352957,-1.4625887,1.9065431,-2.2448533,-0.0649025,0.4776435
MURICA,that,2812,100.278,0,6,1319,14,-2.668021,0.36529195,0.2918688,-3.7552161,0.8998972,-0.031067893
MURICA,us,1772,98.601,0,6,1264,15,0.32022244,0.29364094,-0.1791816,-2.3342493,0.076385766,1.4165329
MURICA,country,1391,97.736,0,5,1221,16,1.9844846,0.82905823,0.55714035,-1.3092291,0.4388119,0.6604563
MURICA,as,1534,97.104,0,6,1373,17,-0.47205752,-1.9045925,0.9433158,-2.2781217,-0.95820844,0.87362534
MURICA,about,1757,96.951,0,5,1220,18,-1.9640536,0.5653097,-0.7378184,-3.0813727,0.75868714,0.34861624
MURICA,an,2097,96.832,0,6,1110,19,-0.41724423,0.14478949,-0.17588453,-2.1368263,-0.7357933,0.54226786
MURICA,world,1688,96.293,0,6,1127,20,0.81944835,0.44940993,-1.1368197,-1.943626,-0.27005294,0.91095984
MakeupAddiction,she,1221,185.347,0,22,1738,1,-2.2697406,2.272616,0.10244226,-3.4891548,0.56836784,-1.3699143
MakeupAddiction,her,2234,167.832,0,11,1827,2,-2.210235,4.4037385,-0.53241086,-3.1888888,0.1947253,-1.2958006
MakeupAddiction,saw,1080,141.792,0,16,1286,3,-0.4218936,-0.30672696,2.6941795,-1.6452175,0.14020331,-1.3867223
MakeupAddiction,boyfriend,1344,138.344,0,17,1250,4,-0.71257174,2.1616104,-0.36435828,-1.9663436,-0.20617327,-1.6263379
MakeupAddiction,turned,1098,132.33,0,19,1170,5,-0.32295167,-0.23108676,1.487782,-1.2289302,1.5531604,-0.84684813
MakeupAddiction,ago,1128,132.045,0,18,1341,6,-0.8383266,-2.4768157,0.8478083,-1.4586748,0.15247318,-0.34578076
MakeupAddiction,year,1850,129.031,0,15,1271,7,-1.0926878,-1.9137776,-1.526221,-2.3330073,0.2867338,0.3811472
MakeupAddiction,tutorial,2706,128.416,0,8,1230,8,4.8290944,0.71448773,0.09169836,1.0747201,-1.3866414,0.5511771
MakeupAddiction,made,2097,128.068,0,20,1176,9,-0.30348623,-0.3326913,0.093948536,-2.28509,0.5075963,-0.4901376
MakeupAddiction,old,1433,122.208,0,12,1065,10,-1.2281284,-0.8460316,-0.21691471,-2.1879292,0.23916592,-0.89891815
MakeupAddiction,thought,3349,121.044,0,16,1018,11,-1.112695,-0.59076536,1.2680444,-2.4158912,1.3569754,-0.9856474
MakeupAddiction,inspired,3386,120.786,0,21,980,12,2.6588697,-0.15474011,-1.788381,-0.033286035,0.69975775,-0.76870686
MakeupAddiction,myself,1827,120.007,0,18,1185,13,-0.4101147,0.73461825,-0.15391383,-2.6611457,1.0809113,-0.7772251
MakeupAddiction,we,1419,118.847,0,15,1023,14,-1.3107424,-1.3788944,-0.8745566,-2.914085,-0.52950966,0.6924777
MakeupAddiction,here,2254,118.801,0,23,932,15,-0.54800016,-0.11574072,-1.0185637,-2.6188154,0.12210431,0.24904615
MakeupAddiction,didn't,1165,118.631,0,19,1173,16,None,None,None,None,None,None
MakeupAddiction,years,1441,116.909,0,16,1065,17,-1.3192631,-2.2858033,-1.3393114,-2.0438457,0.7118587,0.2206025
MakeupAddiction,inspiration,1146,116.808,0,15,820,18,2.7929604,0.33033895,-3.104755,-0.51058424,0.23803733,-0.42374092
MakeupAddiction,took,1222,114.733,0,20,912,19,-0.70178306,-0.3150133,1.8218017,-1.7923855,1.4048257,-0.85028756
MakeupAddiction,misc,2062,113.399,0,18,871,20,4.5217023,0.33067933,2.5116837,2.66439,0.5406328,-0.15598132
Marvel,deadpool,1550,98.434,0,6,915,1,4.8199067,1.4894172,-1.48325,2.8464441,0.22101907,-1.2508763
Marvel,this,4491,73.758,0,8,598,2,-2.0084333,0.9418468,0.03965267,-3.423039,0.12052153,0.25829396
Marvel,my,3761,71.171,0,11,567,3,-2.4800751,1.067626,-0.006884533,-3.730388,-0.22782871,-0.46035725
Marvel,r,1542,70.545,0,8,487,4,-0.310462,-3.6819427,2.8312213,-1.3318741,-2.923924,0.8412996
Marvel,made,1068,66.668,0,8,452,5,-0.92855,0.95226914,-0.42419142,-2.28509,0.5075963,-0.4901376
Marvel,civil,1127,66.28,0,3,646,6,3.3333907,-3.2037654,0.72858065,1.1981053,-0.49275717,1.8650382
Marvel,war,1523,62.694,0,3,573,7,1.9518431,-0.7904575,2.480598,-0.28038254,-0.16365655,1.2089193
Marvel,at,1811,62.587,0,7,441,8,-1.5669487,1.1657819,1.7185286,-2.569361,-0.56025684,0.48392066
Marvel,from,2965,58.789,0,6,450,9,-1.6044933,1.5313115,0.99807626,-2.6115398,0.27107444,0.51758957
Marvel,america,1878,57.819,0,3,472,10,1.6643351,-1.1610962,0.79956293,-0.6692899,-0.0037545117,1.3353744
Marvel,has,1001,56.734,0,5,494,11,-0.99804485,-0.35049343,-1.7222044,-2.2448533,-0.0649025,0.4776435
Marvel,first,1263,56.385,0,6,441,12,-0.646993,1.2730668,0.34585112,-2.34711,0.2744144,0.23318471
Marvel,captain,2086,55.821,0,3,430,13,2.8493233,1.1162316,-0.17569149,0.17730892,-0.07915212,-1.0813128
Marvel,one,1231,55.572,0,7,387,14,-1.3040121,-0.13067147,-0.17021412,-2.7863765,-0.7878009,0.0035640583
Marvel,me,1671,54.891,0,5,472,15,-2.3146515,-3.0136652,-3.5143023,-2.815495,-2.5236044,-0.39501652
Marvel,was,1454,54.003,0,6,423,16,-1.7171545,1.4528191,0.2408588,-3.1935225,0.4661826,-0.7393948
Marvel,daredevil,1095,53.248,0,4,440,17,5.0568137,1.6791606,-1.3220203,2.9498873,0.5968585,-1.3213842
Marvel,by,1918,52.874,0,9,430,18,-1.2052354,0.92186666,1.194559,-1.9502953,-0.116353825,0.59982204
Marvel,like,1312,50.407,0,4,407,19,-1.6522932,0.5314984,-0.24773578,-3.2754328,-0.06366012,-0.74290675
Marvel,as,1390,50.306,0,5,380,20,-0.93826014,-1.7908067,-2.310997,-2.2781217,-0.95820844,0.87362534
MechanicalKeyboards,finally,1382,38.818,0,16,223,1,1.3567307,1.7180091,0.386138,-1.7974865,0.69651,-0.4414816
MechanicalKeyboards,photos,6741,37.46,0,18,188,2,3.4553797,-1.7318639,-1.4383832,-0.8609178,0.0011181347,0.5635411
MechanicalKeyboards,r,2336,34.342,0,7,270,3,-1.3161621,-5.2395377,3.1173053,-1.3318741,-2.923924,0.8412996
MechanicalKeyboards,today,1336,33.916,0,14,204,4,0.0023038427,1.1196959,-0.10565958,-2.7574947,0.25998557,0.34778124
MechanicalKeyboards,all,1067,33.867,0,5,273,5,-0.74874955,0.37340024,0.25968763,-3.2166746,-0.068885975,0.47858277
MechanicalKeyboards,found,1199,32.637,0,9,226,6,1.6633444,0.5417436,-0.0911771,-1.6166267,1.0226976,-0.38971415
MechanicalKeyboards,at,2418,31.475,0,7,194,7,-0.15062691,0.62417597,2.143841,-2.569361,-0.56025684,0.48392066
MechanicalKeyboards,work,1215,30.385,0,5,226,8,0.12743497,1.5221887,0.020114629,-2.564885,0.5630508,0.6730019
MechanicalKeyboards,my,14683,30.223,0,9,193,9,-0.773079,0.7747312,-0.3325422,-3.730388,-0.22782871,-0.46035725
MechanicalKeyboards,got,2748,29.253,0,12,159,10,0.16406776,1.524217,0.19202435,-2.9497821,0.37691778,-0.89768565
MechanicalKeyboards,custom,1476,28.61,0,4,194,11,4.798369,-1.9005152,-0.7387433,0.99556863,-0.31262866,0.5794409
MechanicalKeyboards,so,1787,27.861,0,6,201,12,-1.7005609,0.13864976,-1.0184599,-3.1185777,-0.6882985,-0.21709311
MechanicalKeyboards,i,11686,27.391,0,3,199,13,-1.7481041,0.36622348,1.4778068,-3.6094012,-1.000925,-0.32947692
MechanicalKeyboards,this,5462,27.338,0,5,182,14,-0.44339234,0.7316167,-0.35043532,-3.423039,0.12052153,0.25829396
MechanicalKeyboards,now,1788,26.875,0,6,163,15,-0.43597898,0.96816546,0.27630663,-2.8247273,-0.011966664,0.30824298
MechanicalKeyboards,me,2114,26.823,0,3,191,16,-3.1863482,-2.2692535,-4.222787,-2.815495,-2.5236044,-0.39501652
MechanicalKeyboards,one,1768,26.612,0,4,184,17,-0.57363474,-0.7793111,0.07092264,-2.7863765,-0.7878009,0.0035640583
MechanicalKeyboards,mechanicalkeyboards,1347,26.267,0,8,186,18,None,None,None,None,None,None
MechanicalKeyboards,just,2530,25.198,0,6,159,19,-0.36843804,1.495617,0.3362258,-3.5247202,0.3733556,-0.45759273
MechanicalKeyboards,of,7240,24.841,0,4,182,20,-0.12255181,0.02204486,0.017815016,-2.9982007,0.07186476,1.1668499
Metal,slayer,1438,30.327,0,4,295,1,5.0646524,-2.6859968,-0.7412277,1.9222746,-0.37618726,-1.1816556
Metal,iron,1435,25.362,0,2,188,2,4.05486,-2.565389,0.5936912,0.3829369,-0.89509076,-0.54898244
Metal,r,2864,23.757,0,2,234,3,2.4218779,4.623768,2.3744977,-1.3318741,-2.923924,0.8412996
Metal,has,1441,22.34,0,2,208,4,-0.92533726,-1.0086735,-0.6963967,-2.2448533,-0.0649025,0.4776435
Metal,made,1046,19.559,0,1,171,6,-0.61210763,-0.56864053,-0.27729636,-2.28509,0.5075963,-0.4901376
Metal,king,1179,19.559,0,3,162,5,2.3550036,-0.98577315,1.7444013,-0.6192722,-1.214389,-0.8596558
Metal,be,2575,18.589,0,1,172,7,-1.2061749,0.23327696,0.22600546,-3.2174866,0.08383241,0.17779635
Metal,at,3866,18.458,0,2,167,8,-0.4072501,0.7986043,2.5889773,-2.569361,-0.56025684,0.48392066
Metal,have,2508,18.305,0,2,124,9,-1.9087774,-0.47681013,-0.41088754,-3.513116,0.79508233,0.23116368
Metal,was,1801,18.126,0,1,155,10,-1.4847018,-0.83164847,-0.047650106,-3.1935225,0.4661826,-0.7393948
Metal,day,1473,17.846,0,2,125,11,0.1634365,0.9741204,0.3151734,-2.7567844,-0.50667286,-0.0010164105
Metal,will,1403,17.677,0,1,174,12,-0.97125113,0.15867876,-1.0245537,-2.8572311,0.3906718,0.7284385
Metal,most,1515,17.673,0,2,132,13,-1.0710822,-0.3386275,-0.10190436,-2.3899105,0.99787456,0.7540966
Metal,us,1239,17.232,0,3,112,14,-0.23610742,0.93899554,-1.0980513,-2.3342493,0.076385766,1.4165329
Metal,tour,1526,17.173,0,2,154,15,3.011122,3.0032177,-3.2710934,-0.81120676,-1.9986298,0.70851094
Metal,who,1502,17.165,0,2,134,16,-1.4652871,-0.5256369,0.5372867,-3.126877,0.843511,-0.12945189
Metal,we,1619,17.153,0,2,133,17,-1.1536646,1.1693364,-1.3993098,-2.914085,-0.52950966,0.6924777
Metal,when,1233,17.136,0,2,174,18,-1.9526827,-0.42972863,0.34482822,-3.621951,1.0671849,-0.3380017
Metal,that,3804,17.071,0,2,127,19,-2.1062067,-0.99119914,0.06334428,-3.7552161,0.8998972,-0.031067893
Metal,how,1762,16.99,0,2,161,20,-1.5703201,-0.49187487,0.28016695,-3.1789849,0.71929175,0.18375136
Military,he,1013,88.514,0,9,776,1,0.6383372,-3.5430841,2.440673,-2.7646928,-0.82008827,-0.5936299
Military,his,1416,71.022,0,9,549,2,2.738028,-0.8759523,3.039299,-2.9064577,0.89347196,-0.6014442
Military,x,1382,70.16,0,7,568,3,-4.074617,-0.67191297,0.8428989,-1.1175205,-3.2103586,-0.32081115
Military,was,2137,64.426,0,8,510,4,1.6687936,-0.5842596,0.008145129,-3.1935225,0.4661826,-0.7393948
Military,my,4864,61.604,0,5,520,5,1.1573621,0.32210588,-0.79578847,-3.730388,-0.22782871,-0.46035725
Military,years,1012,59.653,0,5,542,6,0.3776475,1.6518365,1.7784688,-2.0438457,0.7118587,0.2206025
Military,post,1852,58.984,0,5,510,7,-0.938614,0.9498358,0.8442556,-0.96799123,-0.9700228,1.1414212
Military,this,5779,58.4,0,5,502,8,0.9086573,0.7540242,-0.9785566,-3.423039,0.12052153,0.25829396
Military,r,2502,56.771,0,4,510,9,-4.770993,1.8155353,1.3687932,-1.3318741,-2.923924,0.8412996
Military,we,1267,56.336,0,4,525,10,-0.28345367,-0.5532836,-0.82924503,-2.914085,-0.52950966,0.6924777
Military,day,1459,55.13,0,5,478,11,-0.34158143,2.0537322,-0.15676518,-2.7567844,-0.50667286,-0.0010164105
Military,when,1162,51.967,0,5,491,12,1.520223,-0.1516216,-0.9635768,-3.621951,1.0671849,-0.3380017
Military,so,1210,49.665,0,3,471,13,-0.24529937,-0.48253492,-1.6590675,-3.1185777,-0.6882985,-0.21709311
Military,one,1502,47.754,0,5,475,14,-0.51271766,0.3947198,-0.117315374,-2.7863765,-0.7878009,0.0035640583
Military,after,1462,46.358,0,5,403,15,1.3077465,0.836736,1.1924746,-2.4006298,0.6087824,0.34676394
Military,just,1582,43.762,0,4,418,16,1.3319368,0.14968462,-1.5711455,-3.5247202,0.3733556,-0.45759273
Military,up,1422,41.668,0,3,402,17,0.8023685,0.42518696,-0.63905674,-3.0872686,-0.26721498,0.050360076
Military,from,4475,40.886,0,4,389,18,1.1161386,1.3286096,0.047419008,-2.6115398,0.27107444,0.51758957
Military,me,2291,40.607,0,2,390,19,-2.0856035,-4.1269526,-1.4080608,-2.815495,-2.5236044,-0.39501652
Military,i,7096,39.787,0,3,374,20,-0.31436047,0.3075975,-2.4438486,-3.6094012,-1.000925,-0.32947692
Minecraft,detail,2791,145.248,0,12,1180,1,3.6289103,-0.058289617,1.0091385,0.5486823,0.09178694,0.55551827
Minecraft,dinnerbone,1240,141.04,0,3,1073,2,None,None,None,None,None,None
Minecraft,years,1302,115.169,0,2,1333,3,-1.6954249,1.3154964,-0.47842914,-2.0438457,0.7118587,0.2206025
Minecraft,months,1551,109.698,0,5,1030,4,-1.2600085,1.5897131,0.460847,-1.6519196,1.207409,0.120681725
Minecraft,jeb,1311,102.487,0,1,1047,5,3.8022442,0.38324308,-3.481439,2.557153,0.22848697,-0.6785126
Minecraft,year,2699,95.62,0,3,951,6,-1.9856296,1.8236389,-0.4534533,-2.3330073,0.2867338,0.3811472
Minecraft,him,1807,93.955,0,1,1036,7,-1.3103565,-2.725917,-0.84497607,-3.1272774,0.7650703,-0.98501414
Minecraft,guide,1122,93.39,0,1,985,8,2.8900466,0.3960138,1.6865768,0.1208105,0.15432441,1.6482441
Minecraft,finally,2900,90.969,0,3,842,9,-0.8645156,0.5638937,1.9542845,-1.7974865,0.69651,-0.4414816
Minecraft,birthday,1314,90.597,0,5,814,10,-2.1787832,2.8218822,-2.9224522,-2.0543482,-1.1845433,-1.8526753
Minecraft,present,1242,87.878,0,3,855,11,0.6260513,1.4623123,-0.78574646,-0.80124253,0.1769808,-0.059030786
Minecraft,finished,2264,86.934,0,8,765,12,0.12974891,0.48038027,2.7302632,-0.99145347,0.9136633,-0.64287114
Minecraft,here,3476,86.711,0,4,833,13,-0.86644876,0.061777532,1.3483421,-2.6188154,0.12210431,0.24904615
Minecraft,proud,1178,85.436,0,8,686,14,-1.2998176,1.275083,-0.21560179,-1.7462345,-0.022290558,-0.7090517
Minecraft,hand,1060,84.681,0,2,780,15,0.8154761,-2.1904545,0.8444168,-1.4980992,0.24494804,-0.58671314
Minecraft,he,3142,83.414,0,1,868,16,-1.3340622,-3.841215,-1.1309426,-2.7646928,-0.82008827,-0.5936299
Minecraft,render,2204,82.852,0,4,858,17,4.73059,0.109715424,-0.6141177,1.9692851,-0.24975814,0.41761124
Minecraft,today,5155,81.681,0,2,818,18,-1.5260578,0.63790596,1.1525908,-2.7574947,0.25998557,0.34778124
Minecraft,heard,1029,81.499,0,1,848,19,-0.59585476,-0.56415904,0.7520593,-1.7638046,1.1110747,-0.82924116
Minecraft,his,3051,79.101,0,1,758,20,-1.706111,-3.541021,-1.0113599,-2.9064577,0.89347196,-0.6014442
ModerationLog,nsa,4736,1.635,0,1,6,1,2.1124642,-2.214566,-0.94724035,1.6781052,0.5438326,2.2438788
ModerationLog,surveillance,1677,1.505,0,1,5,2,2.1293788,-0.9943694,-2.713056,2.1870615,1.1795491,2.549435
ModerationLog,data,1644,1.479,0,1,5,3,-1.9304415,-1.0108007,-2.7435834,0.6023691,-0.8596282,3.5464444
ModerationLog,program,1194,1.424,0,1,4,4,-1.8558941,0.39209306,-0.9223165,0.19679774,-0.3042942,2.3529978
ModerationLog,secret,1819,1.4,0,1,4,5,-1.0259148,-1.8555056,1.7113899,-0.70171416,-0.24241392,0.5803933
ModerationLog,spying,1124,1.389,0,1,5,6,2.343917,-0.7305618,-2.1755953,1.7979441,2.2423494,1.6639091
ModerationLog,snowden,2712,1.362,0,1,5,7,3.0284631,-1.2909248,0.48731297,2.381844,0.8276,1.1208338
ModerationLog,edward,1383,1.361,0,1,4,8,0.5571042,-1.4775766,3.336864,0.7239688,-0.70673454,-1.140921
ModerationLog,using,1581,1.327,0,1,3,9,-2.6102893,0.61316293,0.020181654,-1.0572379,1.0448714,1.3642724
ModerationLog,petition,1970,1.32,0,1,4,10,0.58513975,2.8698356,0.8137457,0.8305765,1.1654218,1.6403133
ModerationLog,citizens,1075,1.312,0,1,4,11,1.3193778,2.390778,-0.84087574,1.1520017,1.7225041,2.2208326
ModerationLog,cnn,1633,1.308,0,1,3,12,0.4329918,1.2358057,1.8963516,1.0191035,-0.28896227,1.3392318
ModerationLog,phone,1282,1.306,0,1,4,13,-4.1681056,-1.8715047,-0.18408044,-2.182409,-0.44791046,0.54155385
ModerationLog,cia,1077,1.292,0,1,4,14,1.5900203,-1.8304777,1.0656633,1.6633146,-0.730886,1.2055057
ModerationLog,americans,2845,1.289,0,1,3,15,0.6970969,2.296935,-0.11968766,0.006741109,2.294442,1.800747
ModerationLog,fbi,1433,1.276,0,1,4,16,1.4003427,-1.8278856,0.7818162,1.4730278,0.098308146,1.4344456
ModerationLog,due,1008,1.265,0,1,3,17,-3.264216,2.1555963,0.5748249,-0.8027348,-0.17178978,1.5821228
ModerationLog,reddit,3913,1.264,0,1,4,18,0.116535366,0.014994603,1.3860502,1.7281685,0.7255452,0.39683768
ModerationLog,internet,2474,1.264,0,1,4,19,-2.9976485,-1.0185266,-1.0127909,-0.30941406,-1.8817914,2.4370933
ModerationLog,protests,1023,1.259,0,1,3,20,1.5396767,4.153494,-0.41497162,1.4650816,1.3875773,1.9839154
MonsterHunter,my,3674,31.052,0,3,238,1,-1.0241587,0.1363376,0.4626754,-3.730388,-0.22782871,-0.46035725
MonsterHunter,this,2973,30.322,0,3,227,2,-1.2252346,0.016949207,-0.39856604,-3.423039,0.12052153,0.25829396
MonsterHunter,like,1000,26.747,0,3,219,3,-1.0308712,0.39936396,-0.23732087,-3.2754328,-0.06366012,-0.74290675
MonsterHunter,all,1041,24.458,0,2,209,4,-1.0737919,-0.71583635,0.87782216,-3.2166746,-0.068885975,0.47858277
MonsterHunter,at,1031,23.842,0,3,184,5,-0.31080616,-0.70569044,2.1028728,-2.569361,-0.56025684,0.48392066
MonsterHunter,hunter,5271,23.72,0,3,183,6,4.165762,3.629843,0.6633237,0.436554,-0.8449558,-1.1960437
MonsterHunter,so,1971,23.434,0,3,197,7,-0.3608512,-1.6737642,-0.34579915,-3.1185777,-0.6882985,-0.21709311
MonsterHunter,monster,5763,22.678,0,3,170,8,3.5737627,1.9859374,-0.29568556,0.1299598,-1.2605969,-0.83032775
MonsterHunter,got,1062,21.922,0,3,161,9,-0.4582843,0.37957114,0.75194734,-2.9497821,0.37691778,-0.89768565
MonsterHunter,mh,1120,21.846,0,3,153,10,5.297418,-3.9267566,1.2625766,1.2806844,-1.8692851,0.38815144
MonsterHunter,of,4610,21.807,0,3,172,11,-0.87701195,0.4626267,0.8564985,-2.9982007,0.07186476,1.1668499
MonsterHunter,when,1193,21.094,0,2,201,12,-1.7073106,0.24056478,0.3670791,-3.621951,1.0671849,-0.3380017
MonsterHunter,i,8078,21.071,0,2,180,13,-1.355583,-0.2056298,0.10455106,-3.6094012,-1.000925,-0.32947692
MonsterHunter,that,1478,20.483,0,2,183,14,-1.7763611,0.15627614,-0.11551752,-3.7552161,0.8998972,-0.031067893
MonsterHunter,a,9140,20.209,0,2,180,15,1.2052603,-1.0392492,-4.6692753,-2.4333866,-2.5444493,0.38082778
MonsterHunter,one,1004,19.952,0,2,160,16,0.08501446,0.47632557,-1.4335233,-2.7863765,-0.7878009,0.0035640583
MonsterHunter,i'm,1063,19.011,0,2,159,17,None,None,None,None,None,None
MonsterHunter,but,1029,18.862,0,2,154,18,-1.2863319,-0.42621276,0.239684,-3.4802496,0.46259698,-0.009232555
MonsterHunter,you,4130,18.744,0,3,163,19,-1.7327785,0.42843813,-0.31592858,-4.033075,-0.037475616,-0.28735858
MonsterHunter,first,1176,18.684,0,3,146,20,-0.10783939,0.38090706,0.122585975,-2.34711,0.2744144,0.23318471
Music,ask,1870,60.944,0,1,828,1,-2.6388683,-0.9398539,0.7951003,-1.722169,-1.2009302,-0.10810072
Music,grohl,1462,52.765,0,1,623,2,2.586177,-1.2583015,-2.234739,2.0077984,-0.34295976,-1.5403385
Music,ama,1231,51.63,0,1,583,3,-1.9822136,-5.165573,-0.11485857,0.53951,-3.787788,-0.5737044
Music,0,1818,47.057,0,1,267,4,None,None,None,None,None,None
Music,til,2448,41.067,0,1,113,5,-2.0850883,1.9551501,0.780177,-1.0522882,-0.53707576,-0.5449866
Music,anything,3249,39.326,0,1,295,6,-2.470013,1.9665102,0.17636077,-2.6063933,1.1954385,-0.33878154
Music,turns,1016,38.616,0,1,170,7,-1.4793333,2.3886693,0.055061374,-0.8249122,1.3917102,-0.4703493
Music,cambria,1031,38.597,0,1,373,8,3.802861,0.6145488,2.465186,3.2173772,0.8422289,-1.3421868
Music,deftones,1303,38.536,0,1,267,9,3.2260907,-0.50787663,-1.0486616,2.747228,0.05420245,-1.3686903
Music,maiden,1057,37.03,0,1,210,10,1.8631272,-0.2670929,-0.037760362,1.7670244,-0.3592059,-0.90613824
Music,coheed,1136,36.742,0,1,349,11,4.236344,1.0692436,2.1580863,3.156161,1.1202452,-1.5548607
Music,million,1598,36.553,0,1,85,12,-2.7411568,1.6164356,-0.13253792,-0.984038,0.5351191,1.3701212
Music,cobain,1023,35.644,0,1,139,13,0.51887107,-2.5149581,-4.114197,1.2940421,-1.2077665,-1.0061853
Music,says,2110,34.693,0,1,107,14,-2.340743,2.051834,-0.085019186,-1.4983666,1.1672487,0.63161117
Music,foo,2248,34.54,0,1,123,15,0.74054503,-0.05110589,-0.8181954,0.27415267,-0.60259473,-1.0941716
Music,grooveshark,1045,34.121,0,1,187,16,2.2342632,-0.4260145,0.62086314,3.282331,-0.011300106,-0.23608114
Music,died,2151,34.004,0,1,188,17,-1.8051906,1.7417758,-2.4397292,-1.3573006,1.4777141,-1.2128764
Music,outkast,1018,33.474,0,1,237,18,3.0138779,0.8304731,0.37459928,1.9780045,0.31618753,-1.5690709
Music,al,2445,32.582,0,1,117,19,-2.8625593,-4.592403,3.3191135,-0.19791202,-4.1379747,0.42265922
Music,service,1693,32.335,0,1,62,20,-1.8169903,1.4885405,0.28115004,-0.46179506,-0.11093473,2.5098155
NoStupidQuestions,actually,1597,22.322,0,5,161,1,0.4861353,0.15267515,0.31005564,-2.6438062,1.169981,-0.5281807
NoStupidQuestions,person,1031,21.914,0,5,182,2,0.050901756,1.2856187,-2.0603921,-2.622744,0.9504136,-0.27042562
NoStupidQuestions,has,1548,21.119,0,4,173,3,-1.8433707,-2.3845248,0.3990764,-2.2448533,-0.0649025,0.4776435
NoStupidQuestions,just,2825,20.77,0,5,146,4,0.7651346,-0.3839408,0.5044073,-3.5247202,0.3733556,-0.45759273
NoStupidQuestions,they,4622,20.157,0,5,155,5,1.5621951,-0.085040726,1.3241191,-3.5051446,1.4383961,0.38971087
NoStupidQuestions,happens,1078,18.905,0,5,134,6,-0.47635546,2.8070018,-1.6592975,-1.460057,1.3216354,-0.30559707
NoStupidQuestions,if,9863,18.76,0,5,145,7,1.1432885,0.6954736,-0.41654313,-3.4172652,0.6949564,0.07018097
NoStupidQuestions,only,1165,18.664,0,4,121,8,0.3699996,0.28768724,-0.21386516,-2.7601547,0.60493195,0.26616576
NoStupidQuestions,i'm,1465,18.516,0,4,128,9,None,None,None,None,None,None
NoStupidQuestions,am,1272,18.044,0,4,97,10,-1.0374483,-0.5858669,-2.3237765,-2.2121646,-1.0826863,-0.100710474
NoStupidQuestions,was,1901,18.01,0,4,130,11,-0.28910944,-1.4458125,2.0027456,-3.1935225,0.4661826,-0.7393948
NoStupidQuestions,but,2686,17.961,0,5,121,12,0.7043768,-0.3210645,-0.09432994,-3.4802496,0.46259698,-0.009232555
NoStupidQuestions,were,1105,17.84,0,5,126,13,0.74973875,-0.8026494,2.167397,-2.7464306,1.3570955,-0.3241211
NoStupidQuestions,when,6686,17.593,0,5,122,14,0.6785373,0.7416668,-0.3375291,-3.621951,1.0671849,-0.3380017
NoStupidQuestions,would,4475,17.497,0,4,125,15,1.0155227,-0.19116,1.1723094,-3.172782,1.2400492,-0.2527835
NoStupidQuestions,as,3139,17.316,0,5,115,16,-2.3281636,-3.2016203,-2.1425102,-2.2781217,-0.95820844,0.87362534
NoStupidQuestions,not,3187,17.313,0,5,123,17,0.46199542,-0.48947597,-0.09875332,-3.244656,0.52007806,0.40083283
NoStupidQuestions,water,1056,17.302,0,5,136,18,-4.655834,2.7731426,2.2183294,-1.272239,0.49561357,0.30577892
NoStupidQuestions,say,1199,17.265,0,5,109,19,1.2563022,0.6751237,-0.5834855,-2.608526,0.1332203,-0.38639545
NoStupidQuestions,know,1515,17.233,0,4,96,20,1.386151,0.4727672,-0.1679582,-3.2192173,0.42974424,-0.24964502
OnePiece,my,3130,52.621,0,16,323,1,-0.90191025,0.22434226,0.19662426,-3.730388,-0.22782871,-0.46035725
OnePiece,this,4722,37.526,0,5,269,2,-0.74380636,0.15798083,-0.107385345,-3.423039,0.12052153,0.25829396
OnePiece,at,1042,36.159,0,6,263,3,-0.7421382,1.597295,1.0198832,-2.569361,-0.56025684,0.48392066
OnePiece,zoro,1208,35.408,0,4,283,4,6.7881503,-0.749461,-1.0612992,2.910072,-0.4416211,-2.0047123
OnePiece,i,6509,33.645,0,4,258,5,-0.7937723,-0.03741199,-1.3220493,-3.6094012,-1.000925,-0.32947692
OnePiece,chapter,2555,33.574,0,2,266,6,4.4017873,1.8656892,0.4258102,0.1346241,0.052714508,0.27127522
OnePiece,from,1601,32.823,0,5,229,7,-0.40873608,1.3817296,0.8014914,-2.6115398,0.27107444,0.51758957
OnePiece,all,1100,32.505,0,6,244,8,-0.7960428,0.6366166,-0.45811215,-3.2166746,-0.068885975,0.47858277
OnePiece,like,1213,32.178,0,5,287,9,-0.60394055,-0.43300563,-1.2225125,-3.2754328,-0.06366012,-0.74290675
OnePiece,me,1485,31.639,0,4,223,10,-0.39276987,-5.162475,0.79030436,-2.815495,-2.5236044,-0.39501652
OnePiece,so,1628,30.146,0,5,233,11,-0.8034297,-1.2739753,-2.100799,-3.1185777,-0.6882985,-0.21709311
OnePiece,was,1421,29.183,0,4,240,12,-0.85483575,0.2538955,-2.5910542,-3.1935225,0.4661826,-0.7393948
OnePiece,it,2135,28.288,0,4,228,13,-0.8595303,0.27013624,-1.266638,-3.6389697,0.21471155,0.22040805
OnePiece,for,3416,27.414,0,4,217,14,-1.1538604,0.36506194,1.3599352,-3.0441322,-0.3696654,1.2194023
OnePiece,on,3147,27.363,0,3,221,15,-0.46537632,0.36522964,1.847702,-2.7134001,-0.83771306,0.9725021
OnePiece,new,1915,27.299,0,5,211,16,0.6245518,0.7872601,2.1484296,-1.9311304,-0.70225275,1.158011
OnePiece,a,6631,27.288,0,4,217,17,0.21637215,-3.3632145,1.8817369,-2.4333866,-2.5444493,0.38082778
OnePiece,in,4816,27.265,0,4,216,18,-1.1683712,1.2265147,0.16402006,-2.8785682,-0.5683023,1.1003566
OnePiece,just,1801,27.198,0,4,207,19,-0.74867946,0.38944417,-1.6106621,-3.5247202,0.3733556,-0.45759273
OnePiece,of,7015,26.85,0,5,204,20,-0.59365386,1.4983461,1.1045731,-2.9982007,0.07186476,1.1668499
POLITIC,sanders,1673,6.456,0,1,65,1,0.28755602,-2.9392545,0.471602,1.68549,0.42846167,-0.9893022
POLITIC,bernie,1545,6.243,0,1,63,2,-0.36981866,-2.5594993,1.5274106,1.6299374,0.2134901,-1.3152533
POLITIC,tpp,1001,4.171,0,1,34,3,1.9437034,0.7043696,1.1815387,2.6225548,0.11468371,1.461554
POLITIC,neutrality,1159,3.16,0,1,21,4,3.2544458,2.2961473,3.6071656,3.1558661,1.4798021,1.0219412
POLITIC,warrant,1178,2.877,0,1,18,5,-0.65532446,0.78358316,1.3169739,1.9116032,1.459028,0.51405
POLITIC,unarmed,1148,2.782,0,1,19,6,-3.1351297,1.7223405,-0.30811316,2.1782997,1.5906941,-0.4121073
POLITIC,trans,1037,2.699,0,1,17,7,-0.92870176,0.61646366,2.1943445,0.91501087,-1.46503,0.5627747
POLITIC,cops,5648,2.686,0,1,18,8,-3.195812,1.500247,-0.18080032,-0.18539947,1.0782225,0.16813871
POLITIC,elizabeth,2370,2.683,0,1,20,9,-0.30198976,-3.5704377,0.16463098,0.95792824,-0.13809936,-0.8186607
POLITIC,fcc,1003,2.672,0,1,17,10,2.1026545,0.72281235,1.9621891,2.4815938,0.4805756,1.2055198
POLITIC,nsa,14616,2.659,0,1,16,11,2.2415962,1.2738473,-2.614232,1.6781052,0.5438326,2.2438788
POLITIC,patriot,1124,2.613,0,1,16,12,0.18553972,0.6535055,-0.44653356,1.934316,0.6751461,0.4307234
POLITIC,cop,6592,2.573,0,1,18,13,-3.1745255,0.77447987,0.067758605,-0.07132111,0.0125696855,-0.25914246
POLITIC,warren,2929,2.523,0,1,18,14,0.049618606,-3.0623877,0.67506194,1.2599556,0.5425323,-0.10142832
POLITIC,greenwald,1438,2.512,0,1,16,15,2.2594223,-0.45435238,-0.88231516,3.4737203,1.3153145,-0.09676635
POLITIC,innocent,1584,2.505,0,1,13,16,-3.9495163,1.1312898,-0.40028277,-0.43831572,0.9590713,-0.83859557
POLITIC,edward,3847,2.467,0,1,16,17,0.14251682,-2.7294707,-2.2086775,0.7239688,-0.70673454,-1.140921
POLITIC,lied,1016,2.408,0,1,17,18,-1.1149796,0.07694565,-1.2877712,-0.38197425,1.1859665,-0.9698786
POLITIC,snowden,8690,2.388,0,1,15,19,2.6867423,0.22380272,-2.776199,2.381844,0.8276,1.1208338
POLITIC,surveillance,7027,2.379,0,1,13,20,1.6720011,2.8355656,-2.06375,2.1870615,1.1795491,2.549435
Parenting,was,1353,41.789,0,6,374,1,1.4875622,0.27229217,1.751105,-3.1935225,0.4661826,-0.7393948
Parenting,daughter,2747,36.784,0,6,323,2,-2.6357403,2.0818157,1.8067272,-1.1851778,1.2682079,-1.8982751
Parenting,just,1967,36.524,0,6,308,3,1.8770473,-0.20815724,0.609385,-3.5247202,0.3733556,-0.45759273
Parenting,son,3038,33.738,0,6,273,4,-6.14715,-1.8598118,0.78044075,-0.7320886,-2.7320874,-0.6120671
Parenting,my,12874,32.591,0,5,276,5,0.6987709,0.47447944,-1.932955,-3.730388,-0.22782871,-0.46035725
Parenting,so,1551,32.304,0,4,293,6,1.7625349,-1.461407,0.9330479,-3.1185777,-0.6882985,-0.21709311
Parenting,me,2612,32.028,0,5,254,7,-1.10586,-4.740635,-1.6241626,-2.815495,-2.5236044,-0.39501652
Parenting,this,5124,31.132,0,3,296,8,1.6643217,-0.38225925,-0.797679,-3.423039,0.12052153,0.25829396
Parenting,i'm,1735,31.011,0,6,254,9,None,None,None,None,None,None
Parenting,his,1625,30.846,0,5,260,10,-0.8332698,2.811249,-1.5939808,-2.9064577,0.89347196,-0.6014442
Parenting,her,2176,30.281,0,5,254,11,-1.8699859,2.5733461,-1.9174,-3.1888888,0.1947253,-1.2958006
Parenting,i,9646,29.717,0,5,253,12,1.3528334,-1.4777995,-0.005881257,-3.6094012,-1.000925,-0.32947692
Parenting,up,1740,29.274,0,4,250,13,1.0113778,-0.17914693,-0.7308574,-3.0872686,-0.26721498,0.050360076
Parenting,one,1481,28.797,0,5,249,14,0.23394111,-0.96411127,-0.27273467,-2.7863765,-0.7878009,0.0035640583
Parenting,being,1102,28.746,0,5,199,15,1.3118474,0.62876636,2.03634,-2.8774824,1.5018364,-0.1091999
Parenting,they,1037,28.168,0,3,268,16,1.5715396,0.18232681,0.939568,-3.5051446,1.4383961,0.38971087
Parenting,dad,1288,28.12,0,3,279,17,-1.2149309,0.8540588,1.5697496,-2.010817,0.45103785,-1.5617516
Parenting,don't,1189,27.84,0,5,234,18,None,None,None,None,None,None
Parenting,3,1731,27.432,0,5,257,19,None,None,None,None,None,None
Parenting,our,1903,27.104,0,4,226,20,0.83516616,1.3949925,-1.5507171,-2.6149535,0.50715643,1.1347957
Pets,he,1248,20.812,0,2,181,1,0.84304637,-3.5782714,0.85537827,-2.7646928,-0.82008827,-0.5936299
Pets,was,1016,20.574,0,3,147,2,-0.33474448,-0.32466477,2.3361657,-3.1935225,0.4661826,-0.7393948
Pets,she,1086,20.053,0,2,153,3,1.2626356,-1.1672031,1.6317768,-3.4891548,0.56836784,-1.3699143
Pets,him,1030,17.268,0,3,173,4,1.3021505,-1.4483017,-0.3508456,-3.1272774,0.7650703,-0.98501414
Pets,her,1992,16.212,0,3,130,5,4.0339613,-0.22194453,-1.0489664,-3.1888888,0.1947253,-1.2958006
Pets,this,3905,14.855,0,2,134,6,-0.955243,1.0178665,0.18967097,-3.423039,0.12052153,0.25829396
Pets,we,1115,14.37,0,2,112,7,-2.3498588,-0.42115492,1.3451397,-2.914085,-0.52950966,0.6924777
Pets,his,1507,14.087,0,2,132,8,3.4157374,-0.75541615,-0.45334086,-2.9064577,0.89347196,-0.6014442
Pets,so,1120,12.828,0,2,104,9,-1.9856309,-0.23593737,0.834882,-3.1185777,-0.6882985,-0.21709311
Pets,just,1657,12.687,0,3,97,10,-0.6688863,0.720881,1.3676972,-3.5247202,0.3733556,-0.45759273
Pets,my,14436,12.308,0,3,102,11,0.32776135,1.0164709,-1.3055973,-3.730388,-0.22782871,-0.46035725
Pets,at,1748,12.291,0,2,96,12,0.427891,2.7300081,-0.96045774,-2.569361,-0.56025684,0.48392066
Pets,but,1455,12.191,0,3,101,13,-0.55187505,-0.10051562,1.4365797,-3.4802496,0.46259698,-0.009232555
Pets,me,2209,12.146,0,2,106,14,-2.983435,-3.493028,-3.6563148,-2.815495,-2.5236044,-0.39501652
Pets,home,1464,12.068,0,2,88,15,-1.0239904,1.8113495,-1.2108576,-2.184206,-0.5050177,0.2838229
Pets,i'm,1042,11.963,0,3,82,16,None,None,None,None,None,None
Pets,up,1167,11.914,0,2,102,17,-0.49026498,0.911492,-0.30052108,-3.0872686,-0.26721498,0.050360076
Pets,from,2441,11.746,0,2,103,18,-0.13229041,2.0206623,-0.8736568,-2.6115398,0.27107444,0.51758957
Pets,old,1950,11.695,0,3,100,19,0.55500805,1.1073271,-0.41255224,-2.1879292,0.23916592,-0.89891815
Pets,like,1161,11.639,0,2,93,20,-0.69197387,0.41037732,0.57582045,-3.2754328,-0.06366012,-0.74290675
Planetside,twitter,1275,38.567,0,20,174,1,1.6180236,3.905788,-1.9935224,-1.5024444,-2.6337445,1.2255261
Planetside,soe,2684,36.457,0,4,277,2,5.2178535,0.1518225,4.4728646,2.8501651,-0.4981434,-0.6712251
Planetside,please,1970,34.313,0,5,250,3,-0.1714568,2.603977,-0.97869885,-2.395506,-0.8483724,0.26497635
Planetside,we,3221,33.451,0,6,225,4,-0.7554834,-0.6430822,-0.72463214,-2.914085,-0.52950966,0.6924777
Planetside,it,1000,33.282,0,5,233,5,-1.7008104,-0.06413088,0.71224403,-3.6389697,0.21471155,0.22040805
Planetside,see,1069,31.498,0,6,244,6,-0.90714735,0.059731122,0.57100874,-2.790912,-0.09916603,-0.14715068
Planetside,make,1714,31.209,0,4,241,7,-0.8736,0.24991351,-0.32576177,-2.8032298,0.14797789,0.20531139
Planetside,players,1278,30.7,0,5,242,8,1.8220849,-3.1692936,-1.8332678,-0.86042345,0.6998996,0.80661327
Planetside,pts,1635,29.574,0,14,155,9,4.994497,-2.3232093,-2.344754,0.82702833,-1.4922436,0.28553435
Planetside,by,1394,29.416,0,5,245,10,-0.10521946,-0.81646734,0.49084282,-1.9502953,-0.116353825,0.59982204
Planetside,don't,1410,28.62,0,4,200,11,None,None,None,None,None,None
Planetside,update,1445,28.5,0,6,189,12,2.8386083,2.1041,0.31749493,-0.27341,-1.0394661,1.7195832
Planetside,back,1320,28.399,0,4,230,13,-0.26324695,1.366489,-1.1229473,-2.734396,-0.7593939,0.038934804
Planetside,this,7534,28.176,0,3,221,14,-1.5585854,0.32289258,0.52750844,-3.423039,0.12052153,0.25829396
Planetside,like,2421,28.01,0,4,213,15,-1.3293536,-0.026374016,0.5631402,-3.2754328,-0.06366012,-0.74290675
Planetside,when,2489,27.954,0,4,231,16,-1.9504757,-0.6995509,0.77062076,-3.621951,1.0671849,-0.3380017
Planetside,they,1189,27.938,0,4,206,17,-1.7442659,-1.9041458,0.09410297,-3.5051446,1.4383961,0.38971087
Planetside,that,3333,27.871,0,5,221,18,-2.119137,-0.8426897,0.9017633,-3.7552161,0.8998972,-0.031067893
Planetside,been,1217,27.834,0,4,215,19,-0.67922276,-1.1823798,-0.3369755,-2.828824,1.065512,-0.18167289
Planetside,your,2502,27.436,0,6,230,20,-2.3330607,0.90660733,0.23896945,-3.7252882,0.5087585,0.337032
Poetry,discussion,1050,7.098,0,4,31,1,4.5154614,0.8594398,2.2806523,0.6697181,0.52673733,1.2568616
Poetry,general,2243,6.256,0,2,38,2,4.174635,-1.4194365,2.8939092,0.2326622,-0.788109,1.6291925
Poetry,r,1068,5.551,0,2,41,3,2.100894,-5.5729403,-2.3778274,-1.3318741,-2.923924,0.8412996
Poetry,this,4879,5.385,0,1,37,4,-0.9696659,0.2238679,0.5871783,-3.423039,0.12052153,0.25829396
Poetry,was,1108,5.232,0,1,40,5,-0.76747143,0.78675663,0.6541131,-3.1935225,0.4661826,-0.7393948
Poetry,write,1125,4.978,0,1,33,6,2.6435266,2.788956,-2.4934163,-1.3427323,1.2977843,0.0069674784
Poetry,wrote,2765,4.802,0,1,29,7,3.0002682,2.7327225,-2.467457,-0.64063764,1.3302687,-1.0331101
Poetry,is,3813,4.669,0,1,29,8,-1.3993119,-0.164222,1.4497433,-3.179791,-0.04706385,0.24855019
Poetry,i'm,1299,4.565,0,1,24,9,None,None,None,None,None,None
Poetry,it,2894,4.561,0,1,29,10,-1.5484866,0.5591208,0.17637724,-3.6389697,0.21471155,0.22040805
Poetry,i,9543,4.541,0,1,28,11,-0.9335817,-1.1787192,-1.2672739,-3.6094012,-1.000925,-0.32947692
Poetry,with,2208,4.435,0,1,27,12,-1.0857309,-0.29545617,1.1422764,-3.0356035,0.23814338,0.09945579
Poetry,one,1550,4.425,0,1,27,13,0.06388131,-0.8912235,-0.508397,-2.7863765,-0.7878009,0.0035640583
Poetry,like,1461,4.398,0,1,25,14,-1.0514516,-0.04003984,0.048450373,-3.2754328,-0.06366012,-0.74290675
Poetry,your,1432,4.359,0,1,30,15,-1.8685408,0.14160477,0.34084466,-3.7252882,0.5087585,0.337032
Poetry,how,1020,4.342,0,1,24,16,-0.71748495,0.57816833,-0.26012942,-3.1789849,0.71929175,0.18375136
Poetry,my,7403,4.325,0,1,24,17,-1.5153284,-0.12682486,-0.10482114,-3.730388,-0.22782871,-0.46035725
Poetry,just,1422,4.192,0,1,27,18,-1.2453417,0.4113487,-0.046056,-3.5247202,0.3733556,-0.45759273
Poetry,you,4703,4.149,0,1,23,19,-1.9436452,-0.23018982,-0.58760154,-4.033075,-0.037475616,-0.28735858
Poetry,that,1574,4.141,0,1,26,20,-1.452626,0.83706766,0.5394352,-3.7552161,0.8998972,-0.031067893
Pokemongiveaway,cloned,3339,5.824,1,5,20,1,4.1850624,-3.012638,1.4813159,3.0201647,1.4933097,-1.355523
Pokemongiveaway,hacked,3486,5.408,1,4,19,2,1.954644,-2.2365625,3.254558,0.24120578,0.93125486,0.19813621
Pokemongiveaway,gts,2351,5.074,1,4,16,3,3.4120667,-0.2739269,-2.1170444,2.2274542,-0.4188223,-0.91701657
Pokemongiveaway,giveaway,11390,4.561,1,3,16,4,0.838278,5.3779454,1.7537745,0.009364525,-0.4311071,-0.029761031
Pokemongiveaway,shiny,4389,3.972,0,2,17,5,2.4216807,1.6040801,-1.1107585,1.09341,0.15116213,-1.1831743
Pokemongiveaway,the,2434,3.868,0,2,17,6,-4.0448194,-1.3873104,-0.6573546,-3.2426047,-0.24358808,0.80810684
Pokemongiveaway,of,2584,3.817,0,2,16,7,-3.939287,-1.1874485,-0.038312145,-2.9982007,0.07186476,1.1668499
Pokemongiveaway,giving,1751,3.806,0,3,13,8,-1.1952592,1.1045746,1.390613,-1.6883129,1.2839805,-0.02174025
Pokemongiveaway,ball,1656,3.758,0,2,14,9,-0.94042575,-0.057365593,-3.225922,-1.1836313,-0.9888729,-0.870087
Pokemongiveaway,away,2397,3.679,0,2,13,10,-1.6608535,1.4541967,0.5875554,-2.263261,0.44955435,-0.29111457
Pokemongiveaway,5iv,2411,3.669,1,3,12,11,None,None,None,None,None,None
Pokemongiveaway,6iv,1074,3.546,0,1,20,12,None,None,None,None,None,None
Pokemongiveaway,amp,1070,3.532,0,1,17,13,1.6020257,0.15085882,-0.6022893,0.9878386,-0.66699624,-0.14500606
Pokemongiveaway,you,1117,3.428,0,1,18,14,-3.5382438,-0.9143925,1.2850881,-4.033075,-0.037475616,-0.28735858
Pokemongiveaway,5,2626,3.35,0,2,14,15,None,None,None,None,None,None
Pokemongiveaway,4,2380,3.327,0,2,12,16,None,None,None,None,None,None
Pokemongiveaway,3,1709,3.241,0,2,13,17,None,None,None,None,None,None
Pokemongiveaway,2,1505,3.21,0,2,13,18,None,None,None,None,None,None
Pokemongiveaway,1,1201,3.205,0,2,13,19,None,None,None,None,None,None
Pokemongiveaway,iv,2838,2.81,0,1,12,20,0.9051312,-0.62201,-2.0012255,0.29406095,-1.1174223,-0.21751587
Portland,oregon,2384,38.879,0,7,293,1,5.2593694,2.7517285,-0.45894817,1.0673808,0.9927946,0.2720322
Portland,found,1077,38.863,0,10,267,2,0.48231477,1.852474,2.0000052,-1.6166267,1.0226976,-0.38971415
Portland,last,1045,38.016,0,6,316,3,-0.1268409,-0.0616611,-1.3825444,-2.4523034,-0.095323265,-0.17974901
Portland,today,1300,35.983,0,7,262,4,-0.51889884,-0.035655666,-1.3869948,-2.7574947,0.25998557,0.34778124
Portland,was,1407,35.329,0,6,264,5,-1.411729,1.1445647,0.79040825,-3.1935225,0.4661826,-0.7393948
Portland,this,5742,34.005,0,4,279,6,-1.0638411,0.14940529,-0.3123551,-3.423039,0.12052153,0.25829396
Portland,from,3472,31.343,0,4,263,7,-0.42068166,0.38961002,-0.653887,-2.6115398,0.27107444,0.51758957
Portland,has,1265,30.849,0,6,204,8,-0.11841374,1.4933766,2.7632205,-2.2448533,-0.0649025,0.4776435
Portland,by,1396,29.63,0,6,224,9,0.5470353,0.41723207,-0.9629794,-1.9502953,-0.116353825,0.59982204
Portland,just,1556,29.318,0,2,235,10,-1.4203783,0.7514089,0.683127,-3.5247202,0.3733556,-0.45759273
Portland,all,1154,29.042,0,4,241,11,-1.0585781,-0.83211154,-0.36433938,-3.2166746,-0.068885975,0.47858277
Portland,my,3950,28.61,0,3,262,12,-1.6043645,-0.3312699,-0.27508304,-3.730388,-0.22782871,-0.46035725
Portland,r,1761,28.51,0,4,265,13,2.597468,-5.3398647,2.5509079,-1.3318741,-2.923924,0.8412996
Portland,so,1125,28.495,0,2,210,14,-1.2055432,-0.54449165,0.49008682,-3.1185777,-0.6882985,-0.21709311
Portland,it,2515,28.246,0,4,223,15,-1.5138981,0.4294688,0.014892366,-3.6389697,0.21471155,0.22040805
Portland,city,1454,27.93,0,4,234,16,3.3248127,-0.11246863,-1.2012447,-0.87796986,-1.2999176,1.1106799
Portland,day,1124,27.86,0,4,211,17,-0.31053185,-1.6283187,-1.7638932,-2.7567844,-0.50667286,-0.0010164105
Portland,of,9592,26.422,0,4,207,18,-0.87596303,0.07217304,-0.074636325,-2.9982007,0.07186476,1.1668499
Portland,who,1340,25.963,0,4,199,19,-0.4400344,0.38641143,1.9678525,-3.126877,0.843511,-0.12945189
Portland,night,1388,25.82,0,4,224,20,-0.12130307,-0.9520124,-2.4235938,-2.4922626,-0.66206264,-0.68668205
RealEstate,my,3128,5.284,0,2,28,1,-1.2322363,0.70223933,-1.5439535,-3.730388,-0.22782871,-0.46035725
RealEstate,do,2494,4.899,0,2,22,2,2.1029155,-4.206989,-2.4513955,-2.8769507,-1.2141902,0.4546584
RealEstate,this,1556,4.792,0,2,27,3,-1.2799963,0.3777669,-0.45784178,-3.423039,0.12052153,0.25829396
RealEstate,it,1847,4.785,0,2,27,4,-1.1646475,-0.20191628,-0.25338927,-3.6389697,0.21471155,0.22040805
RealEstate,that,1313,4.775,0,2,30,5,-0.84385866,-0.2870106,0.26491582,-3.7552161,0.8998972,-0.031067893
RealEstate,i,4597,4.756,0,2,25,6,-0.27463138,-1.5291954,-0.9721509,-3.6094012,-1.000925,-0.32947692
RealEstate,what,3434,4.702,0,2,24,7,-0.1419331,-0.6488721,0.24231195,-3.2040205,0.28209987,-0.0018237375
RealEstate,you,2737,4.49,0,1,29,8,0.034339968,-0.8450229,0.46506548,-4.033075,-0.037475616,-0.28735858
RealEstate,have,1591,4.432,0,2,23,9,0.23051529,-0.66786134,0.9750628,-3.513116,0.79508233,0.23116368
RealEstate,out,1412,4.351,0,2,23,10,-0.53512764,1.1041586,-0.94080174,-2.968627,0.12615682,0.17456675
RealEstate,are,1917,4.345,0,1,26,11,0.07848954,-0.5264914,2.6949434,-3.1324968,0.5529448,0.6463594
RealEstate,be,1232,4.282,0,1,25,12,-0.43583643,-0.4358187,2.0400996,-3.2174866,0.08383241,0.17779635
RealEstate,is,4383,4.24,0,1,24,13,-1.6254463,0.5390865,1.4506098,-3.179791,-0.04706385,0.24855019
RealEstate,any,1108,4.151,0,2,18,14,1.6034578,0.7937718,-0.17871325,-2.342283,0.63166964,0.83344096
RealEstate,first,2379,4.12,0,2,20,15,0.05068611,1.2883209,-0.83706367,-2.34711,0.2744144,0.23318471
RealEstate,should,1456,3.94,0,2,22,16,0.7898225,-0.34615514,1.0915222,-2.777072,1.2865237,0.41562608
RealEstate,from,1564,3.909,0,1,23,17,-0.7161508,1.9186583,-0.8166936,-2.6115398,0.27107444,0.51758957
RealEstate,can,1863,3.829,0,1,20,18,0.5557799,-0.8040185,1.4206295,-3.0683029,0.2907768,0.2961294
RealEstate,advice,1697,3.809,0,2,16,19,4.6563015,2.8358312,-0.2022735,-1.0216348,1.2479429,0.37754756
RealEstate,on,4314,3.777,0,1,20,20,-1.8524427,0.93951875,-1.9908845,-2.7134001,-0.83771306,0.9725021
RealGirls,body,1998,243.921,0,59,1777,1,0.040753834,-0.84432214,0.9159995,-1.6921262,0.059898764,-0.18311355
RealGirls,perfect,1347,243.778,0,44,2018,2,-0.6256168,1.5982662,0.775212,-2.0671446,-0.53409207,-0.9479256
RealGirls,selfie,2149,229.743,0,54,1644,3,1.0468596,2.0076604,-1.0862182,-0.49145454,-0.728652,-0.93823254
RealGirls,cutie,1091,219.704,0,49,1743,4,2.0310202,3.0436301,0.76986086,-0.57246053,-0.09509195,-2.48514
RealGirls,off,1350,218.224,0,54,1617,5,-1.9339659,-1.6050237,0.5139957,-2.3796492,-0.63543266,-0.021672754
RealGirls,smile,1147,211.078,0,66,1364,6,-0.3234583,2.812241,0.106425256,-2.1046193,-0.3389112,-1.2985395
RealGirls,cute,2677,198.139,0,40,1514,7,0.45605883,3.3245401,0.79651445,-2.3868227,-0.49624494,-2.1766918
RealGirls,just,2196,197.205,0,39,1556,8,-2.3266582,-0.7088047,1.3873136,-3.5247202,0.3733556,-0.45759273
RealGirls,great,1293,194.004,0,56,1355,9,-1.5881048,-0.6495655,0.92027,-2.396747,0.38370907,0.23349452
RealGirls,pink,1097,189.897,0,52,1613,10,0.48741165,0.81808895,-0.6452997,-0.45370063,-1.2121179,-1.3029189
RealGirls,nice,3086,186.336,0,39,1404,11,-0.48838922,1.034206,0.8376801,-2.278948,-0.540193,-1.0302523
RealGirls,brunette,1423,180.344,0,35,1384,12,5.074816,-0.7536606,-0.16606538,0.7574271,0.90363634,-1.9408377
RealGirls,busty,1109,179.62,0,39,1436,13,5.9053035,-2.6584294,-0.42421025,1.4502647,0.7904461,-1.1412866
RealGirls,self,1114,178.53,0,46,1418,14,-0.1857412,-0.16163754,1.0153193,-1.470014,0.8366384,-0.06987787
RealGirls,tits,2198,177.516,0,24,1336,15,3.8180425,-1.960262,0.23011795,-0.53379023,0.6159646,-1.6620463
RealGirls,and,6245,176.571,0,24,1514,16,-2.3394446,-1.3955356,1.3551466,-3.4310362,0.294699,0.15188493
RealGirls,out,1615,173.271,0,38,1282,17,-2.221629,-1.4627807,0.8417976,-2.968627,0.12615682,0.17456675
RealGirls,r,2063,171.897,0,34,1380,18,-1.5294051,0.010317191,-5.7350516,-1.3318741,-2.923924,0.8412996
RealGirls,a,9211,171.747,0,31,1372,19,-2.2462907,-0.6557045,-2.8862772,-2.4333866,-2.5444493,0.38082778
RealGirls,the,11525,171.596,0,38,1312,20,-3.0515625,-1.7932245,0.47747135,-3.2426047,-0.24358808,0.80810684
Romania,ani,1076,17.785,0,12,67,1,2.472726,0.11304963,-0.51390934,1.2930695,-1.8617315,-0.6116554
Romania,am,1803,17.447,0,9,86,2,-1.0427852,-2.547416,1.5732332,-2.2121646,-1.0826863,-0.100710474
Romania,fost,1501,16.383,0,11,65,3,5.818948,-0.11690376,2.4185276,3.1810944,-0.61543995,-0.6069261
Romania,r,2873,16.327,0,10,69,4,-3.359666,3.108851,1.6721851,-1.3318741,-2.923924,0.8412996
Romania,au,2010,16.261,0,11,61,5,1.2851257,0.059611604,0.99607754,0.50304586,-3.0067768,0.5745091
Romania,s,4126,16.177,0,10,69,6,-2.2907336,1.2913548,-0.24587785,-0.96438384,-3.238136,0.82378256
Romania,ie,1066,16.173,0,11,66,7,1.3319244,0.13290817,-0.6511919,1.0553272,-1.3616842,0.853851
Romania,a,9073,16.081,0,10,69,8,-1.9913292,-1.1980726,-0.91747874,-2.4333866,-2.5444493,0.38082778
Romania,c,2970,15.875,0,10,66,9,-1.5980239,1.157372,-1.1125141,-0.7104234,-3.3597982,0.7582064
Romania,ii,1553,15.871,0,10,69,10,0.04066267,-1.2950372,-0.8995925,0.06704074,-2.2078917,0.2517219
Romania,n,6064,15.836,0,10,66,11,-2.2813847,3.2991433,1.1424859,-0.9936986,-2.482717,0.30556273
Romania,m,1548,15.786,0,9,74,12,-2.9858186,2.83877,1.2351239,-1.0815976,-3.4421363,0.9773421
Romania,ponta,1723,15.736,0,9,71,13,4.517684,1.0316991,1.104526,3.0787842,-1.3296047,-0.556941
Romania,ia,1364,15.708,0,10,71,14,1.9179617,0.6325062,-2.6698284,0.98317385,-3.1363971,-0.02286118
Romania,ar,1045,15.66,0,10,66,15,1.3998516,0.5274612,-0.45433643,0.48276204,-2.3640249,0.4537014
Romania,the,1360,15.61,0,9,69,16,-2.6781125,-3.5261679,0.5365963,-3.2426047,-0.24358808,0.80810684
Romania,din,5952,15.609,0,10,67,17,2.3037639,-0.2407869,1.0117577,0.19694178,-2.4337978,-0.124709636
Romania,ti,1514,15.56,0,10,69,18,0.49605927,0.65018964,-5.084823,0.3675298,-4.1666884,-0.18450962
Romania,i,7455,15.553,0,10,66,19,-2.640639,-3.2996855,0.40705302,-3.6094012,-1.000925,-0.32947692
Romania,ca,2235,15.404,0,9,69,20,-0.7162149,-2.6188493,0.45198736,-2.3982158,-0.796375,-0.017951377
SEO,i,3139,3.125,0,1,18,1,-1.8978138,-0.90882105,-0.9846643,-3.6094012,-1.000925,-0.32947692
SEO,this,1526,2.932,0,1,17,2,-1.3276913,0.6130341,-0.29898563,-3.423039,0.12052153,0.25829396
SEO,my,2316,2.89,0,1,16,3,-1.5759006,0.44056967,-0.40702167,-3.730388,-0.22782871,-0.46035725
SEO,have,1086,2.863,0,1,16,4,-1.3155166,0.1011045,0.7844288,-3.513116,0.79508233,0.23116368
SEO,do,2270,2.744,0,1,16,5,-0.32040516,-3.9330745,-1.2395185,-2.8769507,-1.2141902,0.4546584
SEO,it,2133,2.682,0,1,14,6,-1.637203,0.5495188,-0.20911281,-3.6389697,0.21471155,0.22040805
SEO,are,1743,2.662,0,1,15,7,-0.8605361,0.54205185,2.6356995,-3.1324968,0.5529448,0.6463594
SEO,what,3013,2.395,0,1,14,8,-1.2547814,0.6586125,-0.09242985,-3.2040205,0.28209987,-0.0018237375
SEO,you,3699,2.297,0,1,14,9,-1.7943481,0.20352982,-0.042082507,-4.033075,-0.037475616,-0.28735858
SEO,or,1391,2.284,0,1,12,10,-0.55606437,0.48774108,-0.25681707,-2.6681688,0.076676235,0.27281043
SEO,a,7529,2.232,0,1,12,11,-0.3909476,-3.1814325,-1.8388268,-2.4333866,-2.5444493,0.38082778
SEO,sites,1068,2.23,0,1,13,12,5.004918,-1.9822472,2.1747746,0.59113127,0.08228801,2.6350565
SEO,that,1701,2.182,0,1,13,13,-1.7301508,0.6771625,0.0032809314,-3.7552161,0.8998972,-0.031067893
SEO,be,1009,2.153,0,1,12,14,-1.3808845,0.43514228,0.2736687,-3.2174866,0.08383241,0.17779635
SEO,not,1101,2.146,0,1,12,15,-1.1076173,-0.08733574,0.52598107,-3.244656,0.52007806,0.40083283
SEO,keyword,1254,2.093,0,1,12,16,5.325067,2.1746438,-3.2770078,2.0045078,0.45929906,0.8441659
SEO,about,1563,2.079,0,1,11,17,-0.9331626,0.74840623,0.20343944,-3.0813727,0.75868714,0.34861624
SEO,is,4529,2.071,0,1,12,18,-1.3916072,1.7549337,0.48052865,-3.179791,-0.04706385,0.24855019
SEO,tools,1281,2.049,0,1,13,19,4.6445107,1.5200576,-0.34988782,0.9438224,0.3634721,1.9272646
SEO,links,1297,1.994,0,1,12,20,4.5001364,-0.81359893,1.9145532,0.54660535,-0.52450496,1.5342674
Seattle,was,1750,54.325,0,6,437,1,-1.2541554,-0.18416418,1.9245657,-3.1935225,0.4661826,-0.7393948
Seattle,today,1659,51.976,0,6,422,2,-0.5088479,0.13822235,-1.0797892,-2.7574947,0.25998557,0.34778124
Seattle,washington,1633,46.955,0,8,368,3,4.8239965,0.13830881,-0.27706993,0.6478817,0.29374942,1.4869785
Seattle,so,1469,45.294,0,3,412,4,-1.2567087,-2.34331,-0.021691402,-3.1185777,-0.6882985,-0.21709311
Seattle,last,1230,44.951,0,5,416,5,-0.34276614,0.95039845,-1.1588057,-2.4523034,-0.095323265,-0.17974901
Seattle,this,6939,44.525,0,4,394,6,-1.1479537,0.44041622,-0.2820685,-3.423039,0.12052153,0.25829396
Seattle,as,1212,43.781,0,5,403,7,0.7057016,-4.3464494,-0.6384838,-2.2781217,-0.95820844,0.87362534
Seattle,now,1207,43.717,0,5,377,8,-1.0680349,0.35382408,0.4064027,-2.8247273,-0.011966664,0.30824298
Seattle,state,1141,41.828,0,10,309,9,4.493812,0.6481917,1.3777301,-0.7454629,0.6187696,1.8286747
Seattle,my,3870,40.793,0,2,397,10,-1.926311,0.8212718,0.04011402,-3.730388,-0.22782871,-0.46035725
Seattle,post,1093,40.424,0,3,435,11,1.5518637,0.24992196,-2.0992365,-0.96799123,-0.9700228,1.1414212
Seattle,it,3129,39.924,0,4,373,12,-1.5117693,-0.25378755,0.69247484,-3.6389697,0.21471155,0.22040805
Seattle,from,5412,37.938,0,3,362,13,-0.4304936,1.5612814,0.1334336,-2.6115398,0.27107444,0.51758957
Seattle,has,1438,36.864,0,6,309,14,0.4676921,-2.0197978,2.0350952,-2.2448533,-0.0649025,0.4776435
Seattle,day,1662,36.767,0,4,308,15,-0.62451905,0.24770264,-2.6471472,-2.7567844,-0.50667286,-0.0010164105
Seattle,over,1089,36.548,0,6,371,16,0.081304155,0.87770647,1.4317706,-2.4282598,0.20016232,0.49509627
Seattle,just,1793,36.252,0,3,341,17,-1.5709108,-0.048693914,0.954556,-3.5247202,0.3733556,-0.45759273
Seattle,by,1745,36.004,0,6,338,18,-0.01674439,2.1399527,1.3551159,-1.9502953,-0.116353825,0.59982204
Seattle,one,1459,35.721,0,3,330,19,-0.4288085,-0.21353555,-0.784882,-2.7863765,-0.7878009,0.0035640583
Seattle,first,1113,35.7,0,3,287,20,-0.036349107,0.8425402,-1.3620826,-2.34711,0.2744144,0.23318471
Sneakers,finally,1504,37.389,0,22,167,1,-0.45988584,1.4071883,0.66207355,-1.7974865,0.69651,-0.4414816
Sneakers,was,1682,35.001,0,11,228,2,-2.278877,1.2711504,-1.7752185,-3.1935225,0.4661826,-0.7393948
Sneakers,today,2768,32.117,0,14,156,3,-0.6670578,-0.38350347,0.82893455,-2.7574947,0.25998557,0.34778124
Sneakers,my,15588,31.795,0,13,175,4,-1.6610446,-0.505759,0.19086519,-3.730388,-0.22782871,-0.46035725
Sneakers,found,1090,31.423,0,9,191,5,-0.22038002,2.2680235,-0.8898111,-1.6166267,1.0226976,-0.38971415
Sneakers,collection,3425,31.264,0,15,165,6,2.5718243,1.1151271,2.5804837,0.2763002,-0.28919336,0.21068509
Sneakers,when,1116,31.221,0,4,244,7,-1.6541651,-0.1531968,0.30279234,-3.621951,1.0671849,-0.3380017
Sneakers,year,1194,31.121,0,15,155,8,-0.4821675,-1.0263215,1.143619,-2.3330073,0.2867338,0.3811472
Sneakers,post,1257,29.89,0,8,176,9,1.4771218,-0.5520464,1.326575,-0.96799123,-0.9700228,1.1414212
Sneakers,time,1290,29.661,0,10,165,10,-0.7683783,-1.5558121,1.3801959,-2.5689878,-0.6856868,0.21413173
Sneakers,had,1253,28.791,0,11,162,11,-1.789317,1.8627279,-1.4455956,-2.871008,0.79366267,-0.7124806
Sneakers,day,2268,28.374,0,13,162,12,-0.38594872,-2.0007067,0.98266774,-2.7567844,-0.50667286,-0.0010164105
Sneakers,got,3786,28.251,0,12,157,13,-1.4905963,1.4086162,-0.8442356,-2.9497821,0.37691778,-0.89768565
Sneakers,pickup,12977,27.909,0,17,121,14,3.6260421,1.1177734,0.7846672,1.0427101,0.057967536,-0.4492997
Sneakers,first,4363,27.329,0,14,138,15,-0.5465072,-0.16316858,1.4308648,-2.34711,0.2744144,0.23318471
Sneakers,been,1106,27.21,0,12,151,16,-1.6687219,1.7018895,-1.631554,-2.828824,1.065512,-0.18167289
Sneakers,so,2570,26.983,0,9,158,17,-1.5941032,-1.4629154,-0.3303331,-3.1185777,-0.6882985,-0.21709311
Sneakers,all,2289,26.431,0,6,171,18,-1.2242154,-1.2079656,0.1709585,-3.2166746,-0.068885975,0.47858277
Sneakers,r,1459,26.297,0,5,192,19,2.251753,-4.3233933,-3.3491478,-1.3318741,-2.923924,0.8412996
Sneakers,wdywt,10943,26.059,0,16,116,20,6.964632,1.1822962,-1.5188022,3.1819704,0.15648167,-0.6897563
StarWars,today,2075,106.471,0,9,1096,1,-1.4550973,0.26727864,1.2454975,-2.7574947,0.25998557,0.34778124
StarWars,friend,1313,98.322,0,6,986,2,-0.3836951,0.108043075,0.7686887,-2.352772,0.0680445,-1.1581174
StarWars,boba,1824,97.777,0,5,1153,3,5.563244,1.0609584,1.4109737,1.4637489,-1.7187475,-1.0320115
StarWars,my,13992,95.501,0,8,1028,4,-1.8696135,0.3333477,0.3139138,-3.730388,-0.22782871,-0.46035725
StarWars,ever,1426,92.771,0,5,864,5,-0.5477025,-0.12282433,0.33850387,-2.7880251,0.3631495,-0.6065687
StarWars,his,1838,90.916,0,5,963,6,-1.9858481,2.5908985,-2.8147197,-2.9064577,0.89347196,-0.6014442
StarWars,r,4285,90.701,0,6,1108,7,1.2560478,-4.726997,-1.7631671,-1.3318741,-2.923924,0.8412996
StarWars,fett,1867,90.632,0,5,1044,8,6.3168516,2.414187,-0.31238502,2.477241,-0.45486116,-1.3452377
StarWars,got,2392,89.359,0,9,933,9,-1.1902215,0.9731075,-0.29443192,-2.9497821,0.37691778,-0.89768565
StarWars,he,1397,89.158,0,4,793,10,-0.45353147,1.2557259,-4.1111135,-2.7646928,-0.82008827,-0.5936299
StarWars,this,13236,88.179,0,5,958,11,-1.4247522,0.128407,0.93711483,-3.423039,0.12052153,0.25829396
StarWars,by,3636,87.826,0,5,824,12,-1.0494877,-0.4378616,1.0917383,-1.9502953,-0.116353825,0.59982204
StarWars,after,1072,87.224,0,3,800,13,-1.0195196,1.1376522,-0.011824008,-2.4006298,0.6087824,0.34676394
StarWars,at,5523,86.096,0,6,876,14,-1.221997,0.43580738,0.9767016,-2.569361,-0.56025684,0.48392066
StarWars,guys,1643,85.578,0,5,992,15,-0.72559816,-1.0781133,1.48353,-2.5332708,0.02028608,-0.34945717
StarWars,little,1119,85.337,0,5,822,16,-0.17411466,-0.22821987,0.54873604,-2.4438357,-0.40357372,-1.0860568
StarWars,love,1128,85.188,0,4,868,17,-0.42527175,-1.5827956,0.95187545,-2.9468522,-1.0227941,-1.0167005
StarWars,x,3280,85.007,0,6,910,18,1.6175536,-3.3776286,-1.6686034,-1.1175205,-3.2103586,-0.32081115
StarWars,post,3084,84.211,0,6,925,19,0.3918853,-0.5813922,0.28535986,-0.96799123,-0.9700228,1.1414212
StarWars,into,1114,83.783,0,4,878,20,-1.2191397,1.4304141,0.62361145,-2.2992327,1.1029599,0.46017256
Steam,valve,2320,66.311,0,1,841,1,6.820173,3.2135973,0.39136606,2.6027849,0.026360579,0.4606776
Steam,r,1283,63.413,0,2,668,2,3.2835872,-5.431064,0.7773742,-1.3318741,-2.923924,0.8412996
Steam,we,1210,51.222,0,1,486,3,-0.6578083,-0.9143567,-0.35903722,-2.914085,-0.52950966,0.6924777
Steam,it,1287,44.628,0,1,407,4,-1.1441177,0.69434685,-0.26700652,-3.6389697,0.21471155,0.22040805
Steam,this,9523,40.576,0,1,453,5,-0.7963457,0.11625956,-0.7602494,-3.423039,0.12052153,0.25829396
Steam,really,1005,39.303,0,0,499,6,-1.025789,0.6396827,0.23516865,-3.219811,0.6986647,-0.6430858
Steam,like,1882,39.239,0,1,481,7,-1.0365205,0.17999333,0.19368337,-3.2754328,-0.06366012,-0.74290675
Steam,was,1853,39.195,0,1,391,8,-0.76817954,0.32823095,-3.0252361,-3.1935225,0.4661826,-0.7393948
Steam,day,1247,38.98,0,1,294,9,0.17688347,-1.3866693,-0.32391596,-2.7567844,-0.50667286,-0.0010164105
Steam,think,1360,38.812,0,0,368,10,-0.9055353,0.821611,0.1987199,-3.0465298,0.9089453,-0.4417823
Steam,they,1044,38.693,0,1,368,11,-1.3255416,0.6003907,0.6474924,-3.5051446,1.4383961,0.38971087
Steam,by,1226,38.491,0,1,342,12,0.56149244,-0.40061843,-3.2364182,-1.9502953,-0.116353825,0.59982204
Steam,as,1618,38.444,0,1,428,13,0.8550795,0.0035989447,1.0734887,-2.2781217,-0.95820844,0.87362534
Steam,now,2867,37.038,0,1,364,14,-0.15233697,0.13438487,-0.7825262,-2.8247273,-0.011966664,0.30824298
Steam,people,1153,36.565,0,1,449,15,-1.0554099,0.024732566,1.390537,-3.1653438,1.1312002,0.8718072
Steam,first,1071,36.024,0,1,312,16,0.328126,0.39712977,-0.7777052,-2.34711,0.2744144,0.23318471
Steam,you,6253,35.77,0,1,356,17,-1.5817127,-0.1082996,1.2100024,-4.033075,-0.037475616,-0.28735858
Steam,your,2967,34.328,0,1,312,18,-0.9674435,0.8081042,1.8408598,-3.7252882,0.5087585,0.337032
Steam,don't,1743,34.137,0,1,277,19,None,None,None,None,None,None
Steam,make,1048,33.291,0,1,340,20,-0.60860956,0.278943,1.5733988,-2.8032298,0.14797789,0.20531139
TechNewsToday,internet,1454,13.985,0,3,88,1,4.020044,-2.0139244,1.8922353,-0.30941406,-1.8817914,2.4370933
TechNewsToday,us,1314,11.547,0,3,72,2,0.13900757,0.40469816,-1.1572566,-2.3342493,0.076385766,1.4165329
TechNewsToday,after,1253,11.426,0,3,79,3,-0.81436205,0.8919168,0.8107398,-2.4006298,0.6087824,0.34676394
TechNewsToday,it,2217,11.368,0,2,79,4,-1.7952567,0.21517806,0.49030933,-3.6389697,0.21471155,0.22040805
TechNewsToday,all,1058,10.988,0,2,85,5,-1.1209675,-0.2012867,-1.1023912,-3.2166746,-0.068885975,0.47858277
TechNewsToday,data,1487,10.552,0,3,60,6,4.5596533,-1.8077229,0.78102076,0.6023691,-0.8596282,3.5464444
TechNewsToday,has,1383,10.534,0,2,75,7,-0.6937599,0.09217266,2.652796,-2.2448533,-0.0649025,0.4776435
TechNewsToday,that,1964,10.345,0,2,75,8,-2.0886986,-0.037251998,0.31082422,-3.7552161,0.8998972,-0.031067893
TechNewsToday,are,1363,9.923,0,2,74,9,-1.364575,-1.1400532,-2.3342783,-3.1324968,0.5529448,0.6463594
TechNewsToday,not,1233,9.921,0,2,71,10,-1.4086347,-0.9304429,-0.4160059,-3.244656,0.52007806,0.40083283
TechNewsToday,amazon,1135,9.639,0,3,63,11,3.9876873,5.0573134,-0.45520407,0.8285386,-0.7249247,1.4659286
TechNewsToday,over,1592,9.604,0,2,66,12,-0.69442046,0.23226626,1.2867649,-2.4282598,0.20016232,0.49509627
TechNewsToday,is,4382,9.589,0,2,71,13,-1.9478596,-0.40690866,1.6510738,-3.179791,-0.04706385,0.24855019
TechNewsToday,can,1178,9.552,0,2,71,14,-1.0824299,-0.6736619,-1.6357819,-3.0683029,0.2907768,0.2961294
TechNewsToday,users,1224,9.534,0,2,65,15,4.716167,-1.3399347,-2.036372,0.42949674,0.66426677,2.7390294
TechNewsToday,from,2706,9.527,0,2,61,16,-0.84439296,1.4137822,-0.60748583,-2.6115398,0.27107444,0.51758957
TechNewsToday,says,1529,9.401,0,2,66,17,-0.17943089,0.5812812,1.3163251,-1.4983666,1.1672487,0.63161117
TechNewsToday,its,2094,9.303,0,2,66,18,-1.2200328,0.020233529,0.4223754,-2.8551505,0.5479903,0.5090484
TechNewsToday,will,2059,9.282,0,2,62,19,-1.0338477,-0.016990203,-1.075038,-2.8572311,0.3906718,0.7284385
TechNewsToday,how,1167,9.263,0,2,68,20,-1.1338956,-0.3406659,-0.79465175,-3.1789849,0.71929175,0.18375136
Terraria,made,1074,56.724,0,13,335,1,0.11849641,0.16475278,1.5230346,-2.28509,0.5075963,-0.4901376
Terraria,think,1085,47.3,0,7,319,2,1.2500178,-0.65888613,0.63284665,-3.0465298,0.9089453,-0.4417823
Terraria,was,1082,41.637,0,6,287,3,-0.049200624,-0.15439743,2.6705017,-3.1935225,0.4661826,-0.7393948
Terraria,house,1789,37.185,0,6,251,4,-0.58971906,3.0361454,-0.7372458,-1.8251185,-0.17686044,0.044501543
Terraria,all,1278,34.098,0,3,264,5,1.6882731,-0.58766985,-0.48554567,-3.2166746,-0.068885975,0.47858277
Terraria,my,7941,33.429,0,4,234,6,1.1015166,0.030083489,-0.24321023,-3.730388,-0.22782871,-0.46035725
Terraria,like,1258,32.673,0,5,231,7,0.6427274,-0.85420495,-0.102942795,-3.2754328,-0.06366012,-0.74290675
Terraria,at,1229,32.366,0,4,241,8,0.4032896,2.7203758,-2.4730244,-2.569361,-0.56025684,0.48392066
Terraria,you,3570,31.452,0,3,249,9,1.5280806,-1.81521,-0.6019605,-4.033075,-0.037475616,-0.28735858
Terraria,an,1421,30.795,0,3,242,10,-3.8136346,-0.3544751,0.85780823,-2.1368263,-0.7357933,0.54226786
Terraria,this,5080,30.65,0,3,246,11,0.36599228,-0.52982783,0.3032647,-3.423039,0.12052153,0.25829396
Terraria,so,2339,30.431,0,4,217,12,0.03598679,-2.2089221,0.39795738,-3.1185777,-0.6882985,-0.21709311
Terraria,time,1050,30.255,0,3,257,13,-0.159996,-0.15335497,-1.3272532,-2.5689878,-0.6856868,0.21413173
Terraria,i,10475,29.769,0,3,234,14,1.3942372,-1.1724612,-1.4102794,-3.6094012,-1.000925,-0.32947692
Terraria,of,6593,29.523,0,3,233,15,0.652145,1.0684408,0.4186898,-2.9982007,0.07186476,1.1668499
Terraria,out,1306,29.226,0,2,254,16,0.52041173,1.028502,-0.008888802,-2.968627,0.12615682,0.17456675
Terraria,first,1575,29.106,0,4,189,17,-0.3962985,0.63419694,0.18561941,-2.34711,0.2744144,0.23318471
Terraria,3,2672,28.214,0,2,257,18,None,None,None,None,None,None
Terraria,a,11777,27.689,0,3,224,19,-3.9486737,-1.6159422,-2.1213899,-2.4333866,-2.5444493,0.38082778
Terraria,found,1034,27.54,0,2,214,20,-0.74365336,1.422856,2.5220215,-1.6166267,1.0226976,-0.38971415
TheLastAirbender,b4e13,1191,172.057,0,6,1739,1,None,None,None,None,None,None
TheLastAirbender,toph,1293,142.662,0,12,1155,2,5.131801,0.068717375,0.111550376,3.3786173,0.56077653,-1.8890321
TheLastAirbender,content,2905,142.027,0,43,1062,3,0.58927435,-1.062554,3.4503436,0.113424234,0.09040501,2.170064
TheLastAirbender,art,1004,132.716,0,22,1046,4,-0.14687185,-1.1038021,2.9420364,-0.37708622,-0.688241,0.5922759
TheLastAirbender,iroh,1044,132.093,0,8,1242,5,5.5103583,0.709907,-0.5967165,3.1868598,0.20469652,-1.6678443
TheLastAirbender,my,6791,129.171,0,16,1103,6,-2.6398237,1.550237,-0.6940868,-3.730388,-0.22782871,-0.46035725
TheLastAirbender,by,3590,128.436,0,38,951,7,-1.7577837,0.36160237,1.3545738,-1.9502953,-0.116353825,0.59982204
TheLastAirbender,zuko,1269,128.408,0,12,1126,8,5.2386937,0.56821775,-0.97959507,2.9080179,0.24013804,-1.8794711
TheLastAirbender,fan,3715,125.334,0,33,988,9,-0.28695178,-1.5370457,-0.16017626,-1.187335,-1.9562542,-0.4301019
TheLastAirbender,found,1394,124.35,0,9,1193,10,-0.77559835,1.1398836,0.24861401,-1.6166267,1.0226976,-0.38971415
TheLastAirbender,favorite,1390,123.508,0,14,966,11,-0.97226495,-0.18118083,0.8310991,-1.6639853,-0.4225536,-1.0048642
TheLastAirbender,got,1183,123.262,0,14,1132,12,-1.9311259,1.6440167,-1.1875077,-2.9497821,0.37691778,-0.89768565
TheLastAirbender,made,1937,120.691,0,19,961,13,-1.490668,0.95324385,0.24062371,-2.28509,0.5075963,-0.4901376
TheLastAirbender,his,1013,120.323,0,7,1043,14,-1.7568917,2.5627441,-0.9769112,-2.9064577,0.89347196,-0.6014442
TheLastAirbender,best,1243,120.288,0,8,1040,15,-1.5918761,-0.2940024,0.82008225,-2.3450844,-0.89284056,-0.024310216
TheLastAirbender,this,11222,119.636,0,8,1043,16,-2.6198723,1.041539,-0.038322024,-3.423039,0.12052153,0.25829396
TheLastAirbender,aang,2065,117.733,0,8,1146,17,4.965503,0.0900514,-0.4499153,2.8200204,-0.47293603,-1.3093009
TheLastAirbender,no,9059,115.408,0,7,1146,18,-1.4570005,-2.9479399,-4.5266967,-1.9434946,-2.7007306,0.513746
TheLastAirbender,it,1211,109.539,0,7,961,19,-2.3717966,1.3608359,-0.41663066,-3.6389697,0.21471155,0.22040805
TheLastAirbender,r,1944,107.914,0,6,1023,20,-1.637109,-4.9244723,0.027636819,-1.3318741,-2.923924,0.8412996
Watches,omega,3585,31.695,0,3,257,1,3.4168005,2.0448394,-2.0884182,2.1632302,-0.9005324,-0.26910365
Watches,today,1047,29.734,0,3,218,2,-2.58688,0.41688463,-0.18770552,-2.7574947,0.25998557,0.34778124
Watches,collection,1975,26.792,0,3,197,3,0.80200034,0.26906666,3.4411833,0.2763002,-0.28919336,0.21068509
Watches,thread,1041,26.255,1,25,53,4,1.4863544,0.44511735,1.2273265,1.2676537,0.21588847,-0.08971784
Watches,rolex,3109,26.14,0,1,209,5,3.6087375,-2.1794808,-0.46204916,2.0329707,-0.36928993,-0.7785754
Watches,check,1272,25.844,0,24,90,6,-1.245154,0.30994797,0.87376636,-1.5757638,-0.6624473,0.87661326
Watches,got,2255,25.189,0,2,195,7,-2.6493838,-0.9677967,-1.0719119,-2.9497821,0.37691778,-0.89768565
Watches,my,15389,24.212,0,2,190,8,-3.298923,-0.46878818,-0.7163884,-3.730388,-0.22782871,-0.46035725
Watches,gift,1211,23.871,0,1,210,9,-0.3063922,0.79637897,3.558404,-1.0058515,-0.002657195,-0.15327118
Watches,bought,1225,23.835,0,1,220,10,-0.7311804,-1.0993907,0.32309037,-1.1982545,1.0805955,-1.1818205
Watches,here,1111,23.134,0,2,165,11,-2.3567657,0.46674958,-0.32697052,-2.6188154,0.12210431,0.24904615
Watches,first,4547,23.033,0,2,184,12,-1.7936333,0.6226556,-0.19679621,-2.34711,0.2744144,0.23318471
Watches,hamilton,1221,22.974,0,3,177,13,1.0448061,-0.20025548,-0.88537157,1.0311427,-0.50944775,-0.36093575
Watches,wrist,2018,22.936,0,17,107,14,1.889756,-3.8806968,-1.9419557,0.48394826,1.2703382,-1.1670322
Watches,new,4943,21.851,0,2,172,15,-1.8998919,0.6999752,0.4660135,-1.9311304,-0.70225275,1.158011
Watches,seamaster,1126,21.532,0,2,185,16,6.7018623,3.683722,-1.6464548,4.055642,0.07727799,-1.4924544
Watches,day,1076,21.331,0,2,182,17,-2.4499497,1.3904817,-0.090230316,-2.7567844,-0.50667286,-0.0010164105
Watches,up,1358,19.877,0,2,166,18,-2.8624642,-0.024803368,-1.1279225,-3.0872686,-0.26721498,0.050360076
Watches,chronograph,1501,19.245,0,2,165,19,6.0326347,-2.2617028,1.7288923,3.303982,0.14596109,-0.6794975
Watches,just,2809,19.206,0,2,142,20,-2.8023326,-0.062902264,-0.87650114,-3.5247202,0.3733556,-0.45759273
WeAreTheMusicMakers,people,1098,20.883,0,2,204,1,0.627238,1.4604949,-1.9463637,-3.1653438,1.1312002,0.8718072
WeAreTheMusicMakers,was,1739,18.948,0,2,217,2,-2.3991902,-0.5386056,0.05225802,-3.1935225,0.4661826,-0.7393948
WeAreTheMusicMakers,their,1107,18.513,0,3,213,3,0.43285334,1.6960106,-2.1607401,-2.862955,1.4796243,0.9904445
WeAreTheMusicMakers,got,1524,18.387,0,2,177,4,-1.3588381,0.11462489,0.16310556,-2.9497821,0.37691778,-0.89768565
WeAreTheMusicMakers,ever,1166,18.213,0,2,198,5,-0.28061467,0.123160146,-0.5239964,-2.7880251,0.3631495,-0.6065687
WeAreTheMusicMakers,musicians,1569,17.447,0,3,137,6,5.429618,2.7890184,0.8881986,1.2711264,1.4084784,0.41178682
WeAreTheMusicMakers,who,1399,16.762,0,2,163,7,0.0005653135,0.80528045,-2.4143448,-3.126877,0.843511,-0.12945189
WeAreTheMusicMakers,today,1035,16.428,0,2,180,8,-0.98377913,-0.14416754,1.5670207,-2.7574947,0.25998557,0.34778124
WeAreTheMusicMakers,it,1775,15.292,0,2,147,9,-1.7879028,0.08202832,0.3165878,-3.6389697,0.21471155,0.22040805
WeAreTheMusicMakers,has,1618,14.941,0,2,141,10,-1.4000057,-0.4578853,-0.78653806,-2.2448533,-0.0649025,0.4776435
WeAreTheMusicMakers,why,1126,14.636,0,3,131,11,-0.5759866,0.36416712,-0.80936885,-2.7720356,0.5529339,-0.0028814145
WeAreTheMusicMakers,play,1253,14.444,0,2,134,12,0.8610405,-0.29098812,1.7467473,-1.6827856,-1.1681732,-0.103729375
WeAreTheMusicMakers,don't,1201,14.114,0,2,141,13,None,None,None,None,None,None
WeAreTheMusicMakers,when,1591,14.097,0,2,126,14,-1.1196023,0.97954416,-1.1037704,-3.621951,1.0671849,-0.3380017
WeAreTheMusicMakers,so,2874,13.893,0,2,121,15,-0.9674309,-0.7158808,0.5075243,-3.1185777,-0.6882985,-0.21709311
WeAreTheMusicMakers,now,1272,13.845,0,2,130,16,-0.62714136,-0.23169339,1.1167953,-2.8247273,-0.011966664,0.30824298
WeAreTheMusicMakers,time,2064,13.39,0,2,110,17,-0.042113617,-0.53887933,1.7036688,-2.5689878,-0.6856868,0.21413173
WeAreTheMusicMakers,r,1935,13.371,0,2,131,18,3.0034232,-5.592046,-1.5142251,-1.3318741,-2.923924,0.8412996
WeAreTheMusicMakers,work,1571,13.357,0,2,127,19,-0.17875871,0.757937,2.0857987,-2.564885,0.5630508,0.6730019
WeAreTheMusicMakers,post,2247,13.159,0,2,100,20,1.3666252,-0.6621197,1.1116428,-0.96799123,-0.9700228,1.1414212
apple,years,1264,54.61,0,1,638,1,-1.1699886,-0.0063684057,-0.31886345,-2.0438457,0.7118587,0.2206025
apple,tim,1213,52.98,0,1,540,2,2.737996,-2.832306,-4.135235,0.22406304,-1.8990688,0.056377765
apple,cook,1175,52.162,0,1,537,3,1.3586112,-2.0775266,-0.22079445,-0.76606894,0.20948847,-0.9328156
apple,maps,1314,43.892,0,1,394,4,4.4892154,2.039665,1.0887758,1.230036,-0.5255116,1.9110703
apple,we,2027,41.056,0,1,397,5,-1.9673365,-0.14513808,0.4362174,-2.914085,-0.52950966,0.6924777
apple,feature,1723,40.12,0,1,370,6,2.6058393,0.7348593,0.9168309,0.42570734,0.53815866,0.9616694
apple,found,1380,40.001,0,1,433,7,-0.29121724,2.0295367,0.10312199,-1.6166267,1.0226976,-0.38971415
apple,today,2060,37.422,0,1,449,8,-1.5576081,-0.58849525,-0.27288684,-2.7574947,0.25998557,0.34778124
apple,had,1355,37.028,0,1,423,9,-2.1027396,1.6976749,-1.30583,-2.871008,0.79366267,-0.7124806
apple,them,1117,36.24,0,1,333,10,-1.5360348,-1.0856578,2.2580492,-3.2708795,1.2085484,0.06055402
apple,day,1401,35.895,0,1,376,11,-1.4081032,-1.3719913,-0.7689327,-2.7567844,-0.50667286,-0.0010164105
apple,was,3052,35.093,0,1,380,12,-2.41693,2.220026,-1.6011825,-3.1935225,0.4661826,-0.7393948
apple,finally,1256,34.475,0,1,374,13,-0.36329457,0.7332195,-0.4896532,-1.7974865,0.69651,-0.4414816
apple,even,1085,34.457,0,1,427,14,-1.6686127,0.71247184,-0.33934993,-3.071201,0.53740066,-0.27044517
apple,siri,2360,34.37,0,1,375,15,4.4235506,1.6219623,-0.2030023,1.008878,-0.54420257,0.08285606
apple,pay,1724,34.291,0,1,316,16,0.725733,-2.0824378,1.6916742,-1.1739546,0.66361445,1.2680209
apple,post,1624,34.147,0,1,357,17,1.0503097,-0.40756395,0.6617984,-0.96799123,-0.9700228,1.1414212
apple,see,1670,33.597,0,1,331,18,-0.94467056,-0.22671402,1.4551302,-2.790912,-0.09916603,-0.14715068
apple,us,1372,33.558,0,1,247,19,-0.64532715,-1.5497718,1.763489,-2.3342493,0.076385766,1.4165329
apple,ever,1448,32.864,0,1,386,20,-1.3193886,0.5845545,-0.719359,-2.7880251,0.3631495,-0.6065687
askscience,ask,1097,65.975,0,1,1105,1,-2.9305966,-0.83554214,2.8239202,-1.722169,-1.2009302,-0.10810072
askscience,askscience,2527,46.724,0,1,447,2,None,None,None,None,None,None
askscience,0,1188,32.349,0,1,111,3,None,None,None,None,None,None
askscience,old,3035,29.381,0,1,153,4,-2.449184,-0.4730356,-0.3571464,-2.1879292,0.23916592,-0.89891815
askscience,iron,1053,28.767,0,1,164,5,0.99470186,-2.5077045,-1.792594,0.3829369,-0.89509076,-0.54898244
askscience,bottom,1096,28.403,0,1,91,6,0.84379995,0.5621445,1.0932521,-0.64377844,0.5883682,-0.5251997
askscience,year,3057,28.012,0,1,67,7,-2.982478,0.31295836,-0.6588181,-2.3330073,0.2867338,0.3811472
askscience,ago,1779,26.827,0,1,121,8,-2.7841587,1.7662331,-0.5936282,-1.4586748,0.15247318,-0.34578076
askscience,salt,1556,26.78,0,1,101,9,2.9776132,-1.5781364,-0.10390849,0.4639332,0.5412378,-0.55294156
askscience,fish,1452,26.743,0,1,170,10,2.0261145,-0.7625245,0.49437293,-0.4570462,0.44778895,-0.9881344
askscience,damage,2291,26.493,0,1,138,11,0.83682954,2.773328,-1.94142,0.43866783,1.3915033,0.8739609
askscience,discovered,1138,26.319,0,1,88,12,0.4559202,2.5066934,-1.7387769,0.43258584,2.0503187,-0.09528543
askscience,8,1154,25.89,0,1,155,13,None,None,None,None,None,None
askscience,deep,1632,25.595,0,1,95,14,1.4874265,0.5574627,2.3075376,-1.1007906,0.071118675,-0.78211796
askscience,anything,5069,25.571,0,1,136,15,-1.7549223,-0.13065606,1.0026704,-2.6063933,1.1954385,-0.33878154
askscience,tree,1049,25.561,0,1,151,16,0.8143571,0.56863135,-1.6762362,-0.5723332,0.49280572,-0.6989199
askscience,ocean,2603,25.07,0,1,77,17,2.3768497,1.9506665,2.4170406,-0.28091636,0.11769975,-0.64503074
askscience,green,1389,24.424,0,1,121,18,0.787455,-1.6204457,-0.3876386,-0.587787,-0.5801285,-0.09349597
askscience,we're,1088,24.127,0,1,148,19,None,None,None,None,None,None
askscience,fat,2125,24.047,0,1,96,20,-0.69972545,-3.0900757,-0.88863224,-1.8144523,0.40676782,-1.0201038
australia,today,1774,56.415,0,5,537,1,-2.4899786,1.2144191,-0.13867988,-2.7574947,0.25998557,0.34778124
australia,nbn,2337,56.276,0,11,392,2,4.453872,1.2295438,-1.4129397,2.958325,0.54364735,0.9635004
australia,abbott,1156,54.19,0,9,338,3,3.5252483,2.2088351,-0.86991185,1.6872432,1.1164355,0.17032547
australia,laws,1166,48.622,0,8,305,4,2.167532,-1.5136985,3.0488286,0.4736559,2.0814056,1.8372254
australia,anti,1104,48.583,0,9,372,5,1.5069559,-2.7482889,-2.1972473,0.77935284,-1.5058775,1.0585175
australia,marriage,1043,47.995,0,6,398,6,1.2409626,-1.7516807,3.0307117,-0.36843508,1.7580116,0.9664075
australia,only,1411,47.107,0,4,370,7,-2.3275273,0.28680697,0.474517,-2.7601547,0.60493195,0.26616576
australia,my,4461,46.926,0,3,427,8,-3.813578,0.37788883,-0.29024106,-3.730388,-0.22782871,-0.46035725
australia,abbott,6551,46.813,0,5,350,9,3.5252483,2.2088351,-0.86991185,1.6872432,1.1164355,0.17032547
australia,tony,5188,46.034,0,4,332,10,0.66248494,1.2844577,-1.6575453,0.12811992,-0.9718958,-0.7675391
australia,bill,1289,45.889,0,7,298,11,1.1979144,-1.3561393,1.3085902,-0.12882207,0.5230514,1.3868606
australia,greens,1127,45.8,0,7,330,12,1.9516461,3.6663787,-0.43539095,1.1857404,1.1988039,-0.6020453
australia,most,1411,45.299,0,4,335,13,-2.378224,-0.33287826,0.95702636,-2.3899105,0.99787456,0.7540966
australia,internet,1488,43.962,0,7,311,14,-0.14738657,-4.075302,-2.9694858,-0.30941406,-1.8817914,2.4370933
australia,right,1224,43.435,0,4,315,15,-2.3638783,0.9896494,0.48100132,-2.9434712,0.5241887,-0.17900251
australia,than,1922,42.796,0,6,292,16,-2.3355114,0.2988986,1.0675988,-2.6687617,0.9965041,0.19805433
australia,climate,1481,42.746,0,10,298,17,3.0922506,-0.12182405,1.6598171,1.2675796,1.768524,2.1413922
australia,got,1117,42.58,0,3,319,18,-3.12047,1.1365818,-0.42597988,-2.9497821,0.37691778,-0.89768565
australia,post,1980,42.564,0,3,368,19,-0.82230717,-0.793646,-1.6306709,-0.96799123,-0.9700228,1.1414212
australia,0,1099,42.51,0,10,305,20,None,None,None,None,None,None
aviation,today,1254,61.421,0,18,368,1,1.3909094,0.56042653,-0.22770938,-2.7574947,0.25998557,0.34778124
aviation,my,3364,53.953,0,11,380,2,1.6293861,-0.18713018,-0.9899403,-3.730388,-0.22782871,-0.46035725
aviation,x,1467,53.383,0,11,408,3,-2.9595165,-1.3397403,-0.26913327,-1.1175205,-3.2103586,-0.32081115
aviation,post,1323,53.161,0,11,410,4,-0.41816974,-0.118286215,0.61967933,-0.96799123,-0.9700228,1.1414212
aviation,was,1401,52.914,0,12,380,5,2.0304797,0.67707133,0.31312788,-3.1935225,0.4661826,-0.7393948
aviation,r,1926,50.189,0,9,394,6,-4.7456594,1.8796762,-1.4736335,-1.3318741,-2.923924,0.8412996
aviation,i,4155,47.331,0,9,340,7,0.5542078,0.38883835,-1.3649977,-3.6094012,-1.000925,-0.32947692
aviation,just,1208,45.146,0,9,298,8,1.9913026,0.61714786,-0.55880463,-3.5247202,0.3733556,-0.45759273
aviation,f,2387,44.502,0,11,340,9,-4.423512,2.0470917,-0.5672458,-0.91317356,-2.8605049,0.72308725
aviation,this,4830,44.355,0,9,321,10,1.4693925,0.30592138,0.016787093,-3.423039,0.12052153,0.25829396
aviation,747,1059,44.057,0,9,363,11,None,None,None,None,None,None
aviation,one,1459,42.585,0,9,310,12,0.07058603,-0.2576091,0.58661866,-2.7863765,-0.7878009,0.0035640583
aviation,over,1847,42.415,0,8,351,13,1.3627621,0.043544706,-0.7384401,-2.4282598,0.20016232,0.49509627
aviation,me,1075,41.871,0,6,305,14,-0.9744717,-5.130365,-0.8825749,-2.815495,-2.5236044,-0.39501652
aviation,an,2897,39.152,0,7,266,15,-0.023160608,1.0689582,4.4080296,-2.1368263,-0.7357933,0.54226786
aviation,up,1310,38.9,0,7,290,16,1.2726728,0.2664976,-0.53483385,-3.0872686,-0.26721498,0.050360076
aviation,like,1095,37.836,0,7,290,17,1.237949,0.0013066778,-0.2599202,-3.2754328,-0.06366012,-0.74290675
aviation,a,11890,37.59,0,7,288,18,-2.0036147,-1.7495357,2.6098392,-2.4333866,-2.5444493,0.38082778
aviation,the,15803,36.043,0,7,280,19,1.683295,0.68088746,0.15023467,-3.2426047,-0.24358808,0.80810684
aviation,by,1546,35.857,0,7,307,20,0.85516274,0.2452979,-0.8370822,-1.9502953,-0.116353825,0.59982204
aww,neighbor,1012,179.598,0,6,2480,1,1.0907905,2.4789348,1.7548034,-0.055770796,1.8041536,-1.4329123
aww,worried,1222,175.002,0,6,2428,2,0.7445897,-0.417304,-2.187513,-1.0661513,1.5110108,-0.51742476
aww,wife,4827,170.064,0,5,2318,3,1.6288327,2.7595522,0.1447992,-1.4575951,0.8743942,-1.3490343
aww,vet,5225,166.195,0,6,2232,4,-3.1893382,1.1845148,-2.485437,0.7266684,-0.67113984,0.16401114
aww,fox,4417,161.55,0,5,2263,5,-1.9907752,-0.9462731,-0.48832342,0.3802043,-0.94097966,0.42843813
aww,husband,1668,156.773,0,5,2047,6,1.4361032,2.8649547,0.25631326,-1.1296413,1.1388563,-1.3821201
aww,asked,2027,156.289,0,5,2160,7,2.3147259,-1.0831033,0.09873087,-1.6473709,1.5285612,-0.9740044
aww,hospital,1153,154.496,0,5,2289,8,-2.718143,0.117263556,0.5299502,-0.34732327,-0.8003351,0.6842908
aww,proud,2003,152.265,0,5,2256,9,0.38338783,-0.70513886,-2.6283073,-1.7462345,-0.022290558,-0.7090517
aww,wolf,2049,150.992,0,5,2214,10,-2.060795,-0.9081213,-1.5829709,-0.013234037,-0.6416881,-1.3395178
aww,works,1460,150.65,0,5,2380,11,0.0070456374,-0.407898,0.8146123,-0.9453159,1.1544802,0.5180405
aww,grandma,1066,150.072,0,4,2249,12,1.4082788,1.5340565,0.5792812,-1.1466987,1.1454479,-2.323977
aww,said,4705,147.276,0,5,2156,13,2.2974837,-1.5051286,-0.55814886,-2.4672892,0.8450468,-1.0224626
aww,hug,2375,147.249,0,5,2233,14,0.4588885,0.71705943,-1.6515915,-1.1729618,0.12124103,-1.6486033
aww,told,4700,145.758,0,5,1956,15,2.3440201,-0.98853594,-0.2175778,-2.2329273,1.2945334,-1.2332821
aww,picked,2742,145.404,0,7,2066,16,1.1723865,-1.7244151,0.56068665,-0.57158107,1.3533992,-1.1113206
aww,shelter,7071,144.688,0,7,2057,17,-3.2905512,1.6665123,1.0433639,0.92431754,1.0353048,0.20839219
aww,walked,2580,143.262,0,6,2107,18,1.3307967,-1.4305887,1.4884188,-1.1071043,1.5984036,-1.8035105
aww,pool,2157,141.859,0,5,2079,19,-2.1236463,-0.9380837,3.0386777,-0.537089,-0.40484282,-0.24958979
aww,sat,1753,140.977,0,6,2208,20,-1.2440823,-2.2682588,1.4902321,-0.7427356,-0.62321764,-0.28814977
beer,as,1094,33.342,0,2,326,1,-1.1443198,-2.2075174,-1.2694377,-2.2781217,-0.95820844,0.87362534
beer,their,1024,30.83,0,3,315,2,-0.57358783,1.4333509,0.10687759,-2.862955,1.4796243,0.9904445
beer,s,1259,28.497,0,2,319,3,-0.30362037,-4.2465024,-0.055811193,-0.96438384,-3.238136,0.82378256
beer,year,1058,28.449,0,2,291,4,-0.09634741,0.44398466,0.9260539,-2.3330073,0.2867338,0.3811472
beer,now,1020,27.135,0,2,254,5,-0.97071683,0.3578985,-1.1061375,-2.8247273,-0.011966664,0.30824298
beer,breweries,1585,26.829,0,3,277,6,7.02301,0.4553227,-0.38764507,3.5635934,1.3576018,0.3500742
beer,that,2578,25.675,0,2,257,7,-1.8423795,1.5129858,-0.06226603,-3.7552161,0.8998972,-0.031067893
beer,more,1058,25.264,0,2,246,8,-0.9184665,0.30176044,-0.2879353,-2.698736,0.15690249,0.9707182
beer,all,1352,24.553,0,1,225,9,-1.111825,1.0683337,-0.3471831,-3.2166746,-0.068885975,0.47858277
beer,by,1568,24.368,0,1,253,10,0.005147996,-0.42226943,-1.9688108,-1.9502953,-0.116353825,0.59982204
beer,an,1772,23.784,0,2,271,11,-0.86524624,-2.3458545,3.8106992,-2.1368263,-0.7357933,0.54226786
beer,but,1428,23.388,0,1,222,12,-1.6535692,1.2094004,0.10559672,-3.4802496,0.46259698,-0.009232555
beer,brewery,3628,23.06,0,3,233,13,6.0614114,0.11008278,-0.15096109,2.2757645,0.9558891,-0.032318503
beer,craft,4723,22.979,0,2,217,14,4.6419716,0.100654036,0.8223621,1.1100184,0.62177235,0.1458907
beer,on,5650,22.965,0,2,221,15,-1.2919221,-1.8621583,-1.3518065,-2.7134001,-0.83771306,0.9725021
beer,be,2168,22.913,0,2,198,16,-1.5920442,0.29086778,1.541461,-3.2174866,0.08383241,0.17779635
beer,to,15568,21.938,0,2,201,17,-1.5387408,-0.2544324,-1.6542404,-3.2859278,-0.35538822,1.1889808
beer,why,1046,21.436,0,2,206,18,-1.1181597,1.3497654,-0.17874302,-2.7720356,0.5529339,-0.0028814145
beer,would,1023,21.16,0,2,167,19,-1.1582992,1.6811558,1.1348426,-3.172782,1.2400492,-0.2527835
beer,not,1363,20.928,0,1,213,20,-1.5522947,1.0231725,0.3730849,-3.244656,0.52007806,0.40083283
bicycling,his,1573,73.948,0,7,717,1,-1.5944111,1.9698915,1.6812977,-2.9064577,0.89347196,-0.6014442
bicycling,friend,1048,67.759,0,6,694,2,0.36764747,0.20135804,-1.1424055,-2.352772,0.0680445,-1.1581174
bicycling,took,1005,64.175,0,12,598,3,-0.70534617,0.9596981,1.4506967,-1.7923855,1.4048257,-0.85028756
bicycling,guy,1197,61.964,0,6,626,4,-0.13901918,1.7176445,-0.29925424,-2.1731968,0.5513065,-1.1612861
bicycling,years,1309,61.178,0,10,461,5,-0.44114533,-1.9104879,0.84459984,-2.0438457,0.7118587,0.2206025
bicycling,miles,1807,58.952,0,11,504,6,4.1338086,-2.0640457,3.7289624,-0.20893687,-0.78728694,0.10479143
bicycling,morning,1052,58.758,0,14,490,7,1.6451999,-1.9283303,-2.2979393,-2.198765,-0.34736747,-0.42632335
bicycling,was,4072,57.988,0,9,457,8,-2.4502025,0.27698326,0.7245331,-3.1935225,0.4661826,-0.7393948
bicycling,i've,1355,56.64,0,9,492,9,None,None,None,None,None,None
bicycling,see,1061,56.143,0,6,505,10,-0.2665476,-0.6849693,-1.0896103,-2.790912,-0.09916603,-0.14715068
bicycling,today,3937,55.817,0,11,449,11,0.09722675,-1.1592788,-1.558647,-2.7574947,0.25998557,0.34778124
bicycling,made,1747,54.555,0,8,462,12,-0.91021293,0.17350681,0.075801976,-2.28509,0.5075963,-0.4901376
bicycling,had,1849,53.313,0,8,492,13,-2.1306853,0.090667106,0.8666261,-2.871008,0.79366267,-0.7124806
bicycling,we,1422,52.459,0,6,378,14,-1.5254593,-1.4097177,-0.36701515,-2.914085,-0.52950966,0.6924777
bicycling,they,1253,51.813,0,6,378,15,-1.926135,0.2832963,0.015818609,-3.5051446,1.4383961,0.38971087
bicycling,car,1738,51.168,0,8,405,16,2.6855383,2.343395,0.26690882,-1.6008091,-0.341538,0.39290157
bicycling,shop,1031,50.921,0,6,470,17,2.4831495,2.3681474,-2.2246387,-0.6742949,-0.79000777,0.28205085
bicycling,year,1863,50.735,0,7,456,18,-0.34454635,-1.9622896,-0.5246079,-2.3330073,0.2867338,0.3811472
bicycling,hit,1400,50.552,0,9,496,19,0.9779133,1.4101852,0.5095028,-1.8197099,-0.34311205,-0.16136578
bicycling,finally,1453,50.265,0,15,406,20,0.043224677,-0.6756552,-0.66062963,-1.7974865,0.69651,-0.4414816
boardgames,made,1086,35.254,0,5,264,1,-0.50880045,0.6185819,-0.20051257,-2.28509,0.5075963,-0.4901376
boardgames,catan,1170,28.238,0,3,276,2,5.8879933,1.0834279,-2.4764824,3.286826,0.105133966,-1.0531307
boardgames,amp,1590,26.721,0,6,188,3,2.997406,-0.43192422,2.599391,0.9878386,-0.66699624,-0.14500606
boardgames,r,1398,25.491,0,5,230,4,0.41891617,-6.2378573,-0.40856013,-1.3318741,-2.923924,0.8412996
boardgames,we,1160,24.338,0,4,201,5,-1.0982946,-0.27280745,-1.0374335,-2.914085,-0.52950966,0.6924777
boardgames,boardgames,1462,24.074,0,6,153,6,6.2160635,0.5645322,-1.738931,3.4817228,0.8660936,-0.95569783
boardgames,more,1237,23.574,0,7,125,7,-1.0653089,0.37666142,-0.12786879,-2.698736,0.15690249,0.9707182
boardgames,up,1979,22.5,0,6,157,8,-1.2012368,0.6098389,0.37236515,-3.0872686,-0.26721498,0.050360076
boardgames,so,1258,22.324,0,5,165,9,-1.6324711,0.1472765,-0.7326037,-3.1185777,-0.6882985,-0.21709311
boardgames,my,7121,21.204,0,4,170,10,-1.9594787,0.5011318,0.2877477,-3.730388,-0.22782871,-0.46035725
boardgames,gaming,1416,21.156,0,6,171,11,3.8429973,0.23553067,3.4868078,1.2265738,-0.37600213,1.3969584
boardgames,all,1092,21.011,0,5,155,12,-1.5084382,0.35356045,-0.70954466,-3.2166746,-0.068885975,0.47858277
boardgames,by,1206,20.988,0,2,166,13,-0.60423756,0.4504598,0.7950585,-1.9502953,-0.116353825,0.59982204
boardgames,i,7418,20.566,0,4,165,14,-2.1984737,-0.7679707,-1.0093707,-3.6094012,-1.000925,-0.32947692
boardgames,you,5444,20.543,0,8,115,15,-2.4020472,0.37894046,-0.59243566,-4.033075,-0.037475616,-0.28735858
boardgames,i'm,1099,20.423,0,5,123,16,None,None,None,None,None,None
boardgames,now,1166,20.049,0,4,134,17,-1.0986992,0.5227149,0.1745834,-2.8247273,-0.011966664,0.30824298
boardgames,it,3390,19.982,0,5,152,18,-1.9230427,1.0292045,0.23727646,-3.6389697,0.21471155,0.22040805
boardgames,and,9129,19.945,0,5,152,19,-1.7887567,1.1449875,0.26255897,-3.4310362,0.294699,0.15188493
boardgames,an,1603,19.923,0,4,162,20,-0.3740965,-0.3062877,0.817955,-2.1368263,-0.7357933,0.54226786
bodybuilding,year,1131,53.071,0,1,454,1,-0.4402229,1.1306883,1.2909162,-2.3330073,0.2867338,0.3811472
bodybuilding,at,2314,49.27,0,1,376,2,-0.8103422,1.4907305,0.30697355,-2.569361,-0.56025684,0.48392066
bodybuilding,from,2719,47.518,0,1,390,3,-1.4670758,0.9562456,0.07801971,-2.6115398,0.27107444,0.51758957
bodybuilding,r,1583,47.156,0,2,432,4,1.436007,-3.0378964,5.270886,-1.3318741,-2.923924,0.8412996
bodybuilding,gym,2009,44.847,0,1,475,5,3.2067015,0.28811273,-1.8395174,-1.0865664,-1.3888777,-0.4008717
bodybuilding,post,1260,42.737,0,1,393,6,0.75412655,0.5939741,0.54867077,-0.96799123,-0.9700228,1.1414212
bodybuilding,physique,1199,42.501,0,2,369,7,6.733165,2.1570961,-0.17892928,1.7495207,-0.8428612,-0.080816895
bodybuilding,this,4852,42.285,0,1,375,8,-1.420593,0.21565229,-0.33621633,-3.423039,0.12052153,0.25829396
bodybuilding,first,1277,40.783,0,1,345,9,-0.7208309,1.3442253,0.45927963,-2.34711,0.2744144,0.23318471
bodybuilding,new,1415,39.065,0,1,368,10,-0.787277,0.9765931,1.064499,-1.9311304,-0.70225275,1.158011
bodybuilding,out,2533,38.775,0,1,328,11,-0.9747947,0.8402813,-0.3100752,-2.968627,0.12615682,0.17456675
bodybuilding,just,1639,36.375,0,1,353,12,-1.4231131,0.27493146,-0.942664,-3.5247202,0.3733556,-0.45759273
bodybuilding,my,6951,35.855,0,1,341,13,-1.3157827,-0.07432729,-0.62273437,-3.730388,-0.22782871,-0.46035725
bodybuilding,so,1176,34.682,0,1,332,14,-0.7167842,-1.6017005,-0.8680544,-3.1185777,-0.6882985,-0.21709311
bodybuilding,one,1174,33.823,0,1,269,15,-0.518009,-0.4883674,0.5940968,-2.7863765,-0.7878009,0.0035640583
bodybuilding,has,1059,33.414,0,1,286,16,-0.046769217,-0.7624771,-1.2641275,-2.2448533,-0.0649025,0.4776435
bodybuilding,the,10882,32.586,0,1,299,17,-1.7927582,0.69565016,-0.06145047,-3.2426047,-0.24358808,0.80810684
bodybuilding,like,1577,32.45,0,1,287,18,-0.92061883,-0.3106154,-0.79417163,-3.2754328,-0.06366012,-0.74290675
bodybuilding,i'm,1281,32.031,0,1,300,19,None,None,None,None,None,None
bodybuilding,me,1973,31.672,0,1,361,20,1.2249712,-4.688797,-2.3954046,-2.815495,-2.5236044,-0.39501652
books,he,1263,92.725,0,2,1295,1,0.06964686,-3.1341028,2.354191,-2.7646928,-0.82008827,-0.5936299
books,after,1728,89.252,0,2,1231,2,0.47303,0.53652996,0.9950434,-2.4006298,0.6087824,0.34676394
books,they,1715,84.712,0,2,1222,3,1.8742381,-0.78044665,-1.8878055,-3.5051446,1.4383961,0.38971087
books,years,1914,80.725,0,2,1091,4,0.260066,0.4259867,0.56231475,-2.0438457,0.7118587,0.2206025
books,library,2297,80.618,0,2,1101,5,-1.216001,4.0361958,1.9340894,-0.03538242,0.86094284,1.039702
books,found,1747,79.113,0,1,1144,6,0.38570237,0.5680818,0.7217112,-1.6166267,1.0226976,-0.38971415
books,every,1053,75.572,0,1,1024,7,0.38894916,0.54748094,0.06318466,-2.7683692,0.9118755,0.17137478
books,were,1175,75.417,0,3,985,8,1.5759144,-0.18546306,-1.760062,-2.7464306,1.3570955,-0.3241211
books,x,1169,68.545,0,1,1041,9,-4.934207,-1.3993034,-0.46042234,-1.1175205,-3.2103586,-0.32081115
books,feel,1009,67.543,0,2,801,10,0.6377758,0.62971675,-1.2465088,-2.9205418,0.6213269,-0.8857981
books,ever,2887,65.761,0,2,791,11,0.37249687,-0.43979555,-0.63827825,-2.7880251,0.3631495,-0.6065687
books,j,1096,65.284,0,1,873,12,-5.060841,-0.9966377,-0.76815975,-0.72452766,-3.0095024,-0.08853822
books,them,1516,64.532,0,2,754,13,1.3477119,-0.6333023,-1.2709101,-3.2708795,1.2085484,0.06055402
books,his,2980,64.346,0,2,680,14,1.3842609,-2.2195308,3.5107293,-2.9064577,0.89347196,-0.6014442
books,school,1380,64.29,0,1,693,15,-0.6190414,3.2366834,0.31827983,-2.483635,0.0039181313,0.34466007
books,had,1310,62.845,0,2,868,16,0.816138,-0.5750406,0.27713394,-2.871008,0.79366267,-0.7124806
books,being,1045,62.607,0,1,420,17,1.6350733,0.21730545,-0.34370735,-2.8774824,1.5018364,-0.1091999
books,we,1970,62.031,0,1,609,18,0.005390611,-0.6739268,-2.1254256,-2.914085,-0.52950966,0.6924777
books,made,1585,60.665,0,1,662,19,0.45606768,-0.57755494,-0.37145844,-2.28509,0.5075963,-0.4901376
books,today,1874,60.408,0,1,861,20,0.14762574,1.4171245,0.13606094,-2.7574947,0.25998557,0.34778124
boston,line,1057,40.096,0,6,302,1,2.0983636,-0.41017702,1.6068889,-0.9693862,-1.0304278,0.52903235
boston,was,1293,36.145,0,3,322,2,-1.4679604,0.8865458,-0.79224795,-3.1935225,0.4661826,-0.7393948
boston,today,1280,34.458,0,3,321,3,-0.24318106,0.63345164,-1.2095528,-2.7574947,0.25998557,0.34778124
boston,this,4961,33.981,0,3,296,4,-1.3424506,0.2946775,-0.25764865,-3.423039,0.12052153,0.25829396
boston,my,3014,33.98,0,1,281,5,-1.7801669,0.4064985,-0.00021100482,-3.730388,-0.22782871,-0.46035725
boston,mbta,1231,32.943,0,5,241,6,6.906143,2.7251346,2.3628042,3.068514,0.7542797,0.27035215
boston,just,1401,32.74,0,2,259,7,-1.7467713,0.7031567,0.38842374,-3.5247202,0.3733556,-0.45759273
boston,marathon,1086,32.119,0,1,269,8,3.7276554,0.47248694,-4.6704984,0.1783215,-0.11826769,0.3191816
boston,post,1038,32.08,0,1,311,9,1.0652441,-0.42338303,0.3200362,-0.96799123,-0.9700228,1.1414212
boston,not,1106,31.461,0,3,269,10,-1.3233002,0.528662,0.63448715,-3.244656,0.52007806,0.40083283
boston,all,1195,31.39,0,3,262,11,-1.2344977,0.70846426,0.4367033,-3.2166746,-0.068885975,0.47858277
boston,city,1512,30.687,0,2,288,12,1.8853008,-1.728458,-1.178653,-0.87796986,-1.2999176,1.1106799
boston,has,1124,29.509,0,4,251,13,-0.6346177,-0.23035815,0.3939931,-2.2448533,-0.0649025,0.4776435
boston,from,4152,28.94,0,3,255,14,-0.82983625,0.824021,0.11054762,-2.6115398,0.27107444,0.51758957
boston,t,1035,28.183,0,3,236,15,1.8397365,-5.308197,0.78929985,-1.0199112,-3.2262266,0.82829136
boston,like,1115,28.094,0,2,261,16,-1.6283268,-0.11056209,0.3602851,-3.2754328,-0.06366012,-0.74290675
boston,of,9591,27.88,0,3,238,17,-1.3706102,0.44503528,-0.5716925,-2.9982007,0.07186476,1.1668499
boston,it,2275,27.831,0,2,247,18,-1.8515627,0.25711662,0.19100736,-3.6389697,0.21471155,0.22040805
boston,who,1309,27.05,0,2,251,19,-1.2148466,0.0015352118,0.47273144,-3.126877,0.843511,-0.12945189
boston,one,1144,26.95,0,2,253,20,-0.85431063,-0.6756512,0.6132973,-2.7863765,-0.7878009,0.0035640583
breakingbad,aaron,2137,107.513,0,1,1475,1,2.67352,-0.22811799,1.2833612,0.22248067,-0.24237579,-1.0365094
breakingbad,bryan,1962,105.296,0,2,1467,2,3.3636825,-0.14743818,0.6526917,0.22430244,-0.8254498,-1.5478097
breakingbad,paul,1850,103.149,0,1,1427,3,2.4573565,-0.98750687,1.6762227,-0.3660791,-1.1413654,-0.27801263
breakingbad,guy,1596,99.119,0,1,1505,4,-0.5896778,1.2011937,1.4538171,-2.1731968,0.5513065,-1.1612861
breakingbad,cranston,1865,93.523,0,2,1291,5,6.6992435,1.9140011,-2.3386087,2.7355378,0.5464476,-0.7986911
breakingbad,friend,1498,92.193,0,1,1305,6,-0.7250265,0.4518505,1.6237218,-2.352772,0.0680445,-1.1581174
breakingbad,x,1377,90.964,0,1,1272,7,-0.3398984,-4.1339264,0.33808613,-1.1175205,-3.2103586,-0.32081115
breakingbad,him,1070,90.629,0,1,1505,8,-1.1119292,1.3316307,1.5761118,-3.1272774,0.7650703,-0.98501414
breakingbad,best,1769,90.338,0,2,1087,9,-1.2555897,-0.84515387,-0.46101743,-2.3450844,-0.89284056,-0.024310216
breakingbad,into,1170,81.424,0,1,1143,10,-0.96743506,1.8361562,-1.2052269,-2.2992327,1.1029599,0.46017256
breakingbad,post,1978,81.154,0,1,1058,11,-0.07733451,-0.7194203,-0.050837077,-0.96799123,-0.9700228,1.1414212
breakingbad,got,2186,80.003,0,1,877,12,-1.5118158,1.222544,0.09982847,-2.9497821,0.37691778,-0.89768565
breakingbad,r,2611,79.924,0,1,880,13,0.031134339,-4.939553,-2.0914774,-1.3318741,-2.923924,0.8412996
breakingbad,most,1197,78.842,0,1,862,14,-1.6177574,0.8211672,-1.5663975,-2.3899105,0.99787456,0.7540966
breakingbad,today,1826,78.669,0,1,843,15,-1.4260035,0.7831228,-0.8911035,-2.7574947,0.25998557,0.34778124
breakingbad,love,1003,78.547,0,1,1056,16,-1.3708392,-0.88551444,-0.09882211,-2.9468522,-1.0227941,-1.0167005
breakingbad,saw,1604,76.922,0,1,972,17,0.22693314,0.746419,1.4654638,-1.6452175,0.14020331,-1.3867223
breakingbad,this,18092,75.794,0,1,949,18,-1.9300702,0.8184476,-0.93777275,-3.423039,0.12052153,0.25829396
breakingbad,call,1125,75.79,0,1,852,19,-0.87429863,0.046557814,1.7108356,-2.047384,-0.28355154,-0.058982134
breakingbad,these,1109,75.734,0,1,739,20,-1.6542,1.7135397,-2.238879,-2.736071,1.192778,0.26037702
business,he,1286,36.585,0,2,334,1,-2.870251,-2.7248242,1.3238598,-2.7646928,-0.82008827,-0.5936299
business,was,2668,31.401,0,1,260,2,-3.0871487,-1.7232065,0.19411623,-3.1935225,0.4661826,-0.7393948
business,his,1961,30.514,0,1,290,3,-2.9725285,-0.95611566,1.1621076,-2.9064577,0.89347196,-0.6014442
business,sachs,1099,29.863,0,2,261,4,4.568128,-2.491325,-0.28643557,2.9665234,0.55608493,0.31828493
business,were,1114,28.599,0,2,247,5,-2.5693893,0.6825916,-0.32009944,-2.7464306,1.3570955,-0.3241211
business,billion,4863,27.691,0,2,286,6,2.2130406,1.1211358,1.2143458,0.21115492,1.2708087,2.1916316
business,they,3726,26.829,0,1,260,7,-3.0906787,1.2625169,-0.32834524,-3.5051446,1.4383961,0.38971087
business,goldman,1657,26.077,0,2,240,8,4.2295604,-2.5136616,-0.20666315,2.5877626,0.34270218,0.34649602
business,employees,1973,25.997,0,1,310,9,2.3664923,2.9107487,-1.2016789,0.8078771,2.1643524,2.1613576
business,workers,1786,24.941,0,1,248,10,1.8186305,3.8660014,0.033876237,0.4208518,2.109531,2.2694283
business,bailout,2142,24.822,0,2,251,11,3.9995575,0.1963717,3.8031378,2.4167523,1.4251809,1.6331844
business,0,3128,24.751,0,1,250,12,None,None,None,None,None,None
business,said,1218,24.327,0,2,246,13,-2.0821528,-1.3713983,0.67704034,-2.4672892,0.8450468,-1.0224626
business,ceo,3346,23.712,0,1,244,14,2.9926744,-1.0263138,-1.0660275,1.1316575,-0.17762189,1.4594028
business,amazon,1757,23.476,0,1,278,15,1.8919349,-1.00602,-4.9866886,0.8285386,-0.7249247,1.4659286
business,it,2157,23.092,0,1,235,16,-3.0564058,-0.45116988,-0.3869005,-3.6389697,0.21471155,0.22040805
business,their,5484,23.059,0,1,233,17,-2.4239376,1.9877766,-0.13134784,-2.862955,1.4796243,0.9904445
business,federal,1558,22.801,0,1,202,18,3.163976,1.0642196,1.1906284,1.3774526,0.21132453,3.1459632
business,its,5700,22.137,0,1,235,19,-2.284504,-0.032670714,-0.14063604,-2.8551505,0.5479903,0.5090484
business,them,2213,21.921,0,1,255,20,-2.806995,1.2053448,-0.5442888,-3.2708795,1.2085484,0.06055402
canada,bill,3365,78.474,0,9,703,1,1.4248319,-0.35534263,-0.94058603,-0.12882207,0.5230514,1.3868606
canada,today,2104,71.993,0,3,651,2,-1.872533,2.1695979,0.026130043,-2.7574947,0.25998557,0.34778124
canada,marijuana,1039,67.708,0,7,619,3,2.1992676,-0.21493968,-2.8560154,0.5201974,1.5976124,1.2492726
canada,anti,1620,61.996,0,6,565,4,0.9685139,-2.8435488,-0.50484246,0.77935284,-1.5058775,1.0585175
canada,poll,1221,61.642,0,7,587,5,2.5960698,-0.12254613,-0.7938814,0.92401326,0.38570547,1.953787
canada,last,1653,57.162,0,4,487,6,-1.9214599,1.9866686,0.23019323,-2.4523034,-0.095323265,-0.17974901
canada,x,1565,56.735,0,2,592,7,-2.9382062,-2.4128575,1.7473007,-1.1175205,-3.2103586,-0.32081115
canada,canadians,6081,55.95,0,3,531,8,3.190634,0.85286224,-0.23672096,1.1422627,2.1046429,0.3310399
canada,prime,1179,55.41,0,4,524,9,0.72101253,-0.25304008,1.9387475,0.58094454,-0.4621711,0.84103614
canada,internet,1882,54.434,0,5,505,10,-0.4787838,-3.2108703,-0.9543863,-0.30941406,-1.8817914,2.4370933
canada,crtc,1164,54.353,0,8,406,11,4.9076786,-0.33141488,3.1521034,3.796283,1.447131,0.19288482
canada,stop,1321,53.656,0,3,517,12,-1.2672381,0.4974475,-1.3553,-2.1860952,-0.10713767,0.09276842
canada,c,4084,53.554,0,7,462,13,-2.1389084,-2.633768,1.4327106,-0.7104234,-3.3597982,0.7582064
canada,during,1153,52.893,0,5,535,14,-0.6800395,2.5265625,0.0146191595,-1.6063657,1.0675974,0.55968815
canada,while,1141,51.586,0,4,515,15,-1.1656874,2.2931612,-0.7300914,-2.3084924,1.1693336,-0.08994783
canada,justin,1367,51.213,0,1,541,16,-2.6403835,-2.4672396,-0.9500796,-1.7521421,-2.1514733,-0.76529175
canada,world,2310,51.02,0,3,513,17,-1.5932491,0.19533361,-0.82209265,-1.943626,-0.27005294,0.91095984
canada,til,1130,50.954,0,3,502,18,-0.837509,1.7928149,3.4867883,-1.0522882,-0.53707576,-0.5449866
canada,conservatives,1875,50.847,0,7,360,19,3.8190262,0.47161877,-0.8976358,1.4452543,2.3707285,1.2125615
canada,just,3703,50.697,0,3,485,20,-2.2930405,2.0595007,-0.98696196,-3.5247202,0.3733556,-0.45759273
cars,his,1779,57.58,0,1,621,1,-1.8246753,-0.68509173,-2.2128413,-2.9064577,0.89347196,-0.6014442
cars,dream,1029,53.281,0,1,544,2,-0.054291178,0.43657285,-1.2388238,-1.604337,-0.3354725,-0.7852274
cars,bought,1504,48.461,0,2,466,3,0.7457323,-1.2356619,-1.3824905,-1.1982545,1.0805955,-1.1818205
cars,i've,1237,44.005,0,2,458,4,None,None,None,None,None,None
cars,guy,1141,43.95,0,1,452,5,-0.55514556,-0.9325669,-1.2707237,-2.1731968,0.5513065,-1.1612861
cars,spotted,5953,39.163,0,4,326,6,2.0881658,-3.0644274,0.12858942,0.71478343,0.30831686,-0.7491358
cars,reviews,1041,38.829,0,1,456,7,3.5056858,0.5382614,1.4895016,0.76757103,0.4206557,1.1052382
cars,years,1640,38.403,0,2,371,8,-1.1331185,-0.21408004,0.35016954,-2.0438457,0.7118587,0.2206025
cars,was,3789,36.204,0,2,347,9,-2.28905,-0.29454502,-1.3808999,-3.1935225,0.4661826,-0.7393948
cars,gear,1028,36.105,0,1,311,10,3.329344,1.0868133,0.42660183,0.63432676,-0.38581395,0.5433543
cars,got,2733,35.535,0,2,364,11,-1.1881237,-0.3942688,-0.7741371,-2.9497821,0.37691778,-0.89768565
cars,after,1727,35.39,0,1,347,12,-1.2875242,0.22686328,0.5164613,-2.4006298,0.6087824,0.34676394
cars,today,2878,34.511,0,1,330,13,-1.3273519,1.4870594,1.440746,-2.7574947,0.25998557,0.34778124
cars,work,1772,34.069,0,2,356,14,-1.0288749,1.6862438,1.430584,-2.564885,0.5630508,0.6730019
cars,so,3502,33.15,0,1,333,15,-2.205311,1.4035407,0.41174048,-3.1185777,-0.6882985,-0.21709311
cars,seen,1211,32.59,0,1,322,16,0.15648775,-2.2230463,-0.248635,-1.7502369,0.7923969,-0.80985296
cars,now,1792,32.461,0,1,360,17,-1.4104626,1.5595944,0.68062484,-2.8247273,-0.011966664,0.30824298
cars,pics,1131,31.995,0,2,293,18,0.6884066,-2.8272383,2.8144228,-1.4349222,0.21072546,-0.40752697
cars,turbo,1918,31.46,0,1,368,19,4.4948535,2.4433436,-2.1516013,1.9070272,-1.2347637,-0.088837534
cars,next,1203,30.281,0,1,285,20,-0.70474875,1.0026319,0.97071195,-2.1310658,-0.32094786,0.44393578
cats,yesterday,1141,151.382,1,18,1789,1,-1.3389586,-0.34265706,-0.24085332,-1.8821558,0.93812126,-0.6477822
cats,went,1173,141.938,0,11,1558,2,-1.1242266,-0.45665255,1.8369526,-2.1823683,0.9355526,-0.9345606
cats,years,3428,139.233,1,17,1425,3,-0.8859517,2.163523,-0.7662558,-2.0438457,0.7118587,0.2206025
cats,shelter,1449,132.955,1,11,1514,4,4.6457458,-0.5714508,-1.0430746,0.92431754,1.0353048,0.20839219
cats,last,2173,132.162,0,11,1504,5,-1.7383621,-0.15018092,-0.30964804,-2.4523034,-0.095323265,-0.17974901
cats,rescued,1230,131.234,1,14,1444,6,5.053839,0.6076793,-0.071938485,1.3889498,2.050487,-0.98665327
cats,ago,2467,130.171,1,15,1268,7,-1.0590934,2.22443,0.21821667,-1.4586748,0.15247318,-0.34578076
cats,lost,1302,127.422,0,9,1655,8,0.22041124,-0.031004107,1.2853967,-1.8178686,0.43551114,-0.38535884
cats,months,1696,126.897,1,13,1206,9,-0.7195266,3.0872703,-1.1265912,-1.6519196,1.207409,0.120681725
cats,family,1474,122.373,0,10,1446,10,0.6784718,-1.9987786,-1.4160261,-1.9536996,-0.21643409,-0.06076023
cats,morning,2875,120.816,0,11,1383,11,-1.2517127,-2.3540144,-3.3960063,-2.198765,-0.34736747,-0.42632335
cats,came,1404,120.756,0,11,1298,12,-0.5469614,-0.6455507,1.7015855,-1.9116358,0.8544134,-0.9361706
cats,guy,2777,118.901,0,12,1245,13,-0.2743947,-2.1944222,0.97376245,-2.1731968,0.5513065,-1.1612861
cats,weeks,1385,118.808,1,14,1108,14,-1.0873356,2.3782403,-1.103625,-1.5980477,0.9714437,0.19645333
cats,today,5704,118.398,0,12,1212,15,-2.0131614,-1.4372377,-1.6637721,-2.7574947,0.25998557,0.34778124
cats,left,1059,117.863,0,10,1325,16,-0.79280436,-0.011154846,1.458459,-1.9828709,0.85296994,-0.4060481
cats,adopted,2806,117.081,1,13,1050,17,4.093989,0.52457756,0.14282954,0.6917947,2.0207434,-1.0502976
cats,him,6923,116.544,0,12,1219,18,-0.52296,-1.5971665,1.4374019,-3.1272774,0.7650703,-0.98501414
cats,took,2012,115.944,0,11,1264,19,-0.22755554,-0.11441844,2.114672,-1.7923855,1.4048257,-0.85028756
cats,since,1218,113.946,0,11,1265,20,-1.1094607,0.9189654,-0.031483877,-2.049326,0.8418807,-0.14755993
cheatatmathhomework,theory,1129,1.523,0,1,4,1,4.435202,0.40414906,0.0053240517,0.50699025,0.15821452,0.095108785
cheatatmathhomework,that,2080,1.499,0,1,5,2,-1.2654715,1.2812048,0.8331307,-3.7552161,0.8998972,-0.031067893
cheatatmathhomework,if,1137,1.472,0,1,5,3,-0.8348653,0.83057004,2.0237966,-3.4172652,0.6949564,0.07018097
cheatatmathhomework,is,3813,1.47,0,1,5,4,-0.9658508,1.0930989,-0.54035866,-3.179791,-0.04706385,0.24855019
cheatatmathhomework,analysis,1422,1.468,0,1,5,5,5.4184833,1.005439,-0.8783356,1.3082445,0.8729777,2.1512551
cheatatmathhomework,x,2820,1.462,0,1,4,6,0.7766547,-4.5562196,1.2439457,-1.1175205,-3.2103586,-0.32081115
cheatatmathhomework,this,4129,1.45,0,1,5,7,-1.1116925,0.8159284,0.097698934,-3.423039,0.12052153,0.25829396
cheatatmathhomework,proof,1517,1.447,0,1,4,8,3.2245317,0.68067855,1.7930987,-0.17677294,1.0517751,0.19320786
cheatatmathhomework,my,1218,1.433,0,1,5,9,-1.6647942,0.4305878,-0.07660927,-3.730388,-0.22782871,-0.46035725
cheatatmathhomework,a,9700,1.423,0,1,4,10,-0.5264148,-3.8484485,-0.25616315,-2.4333866,-2.5444493,0.38082778
cheatatmathhomework,how,3294,1.418,0,1,4,11,-0.63396835,1.406463,1.5653856,-3.1789849,0.71929175,0.18375136
cheatatmathhomework,for,3149,1.411,0,1,5,12,-1.2765862,0.46541664,-1.3522611,-3.0441322,-0.3696654,1.2194023
cheatatmathhomework,an,1841,1.402,0,1,4,13,-0.07836163,-2.139841,-0.82136977,-2.1368263,-0.7357933,0.54226786
cheatatmathhomework,the,8235,1.398,0,1,4,14,-1.4314754,0.7011508,-1.4909222,-3.2426047,-0.24358808,0.80810684
cheatatmathhomework,by,1007,1.396,0,1,4,15,0.24444401,-0.32214165,-2.3969898,-1.9502953,-0.116353825,0.59982204
cheatatmathhomework,to,5335,1.395,0,1,4,16,-1.6780287,-0.2941045,-1.0694357,-3.2859278,-0.35538822,1.1889808
cheatatmathhomework,i,4454,1.393,0,1,5,17,-1.6397599,-0.43522373,2.2088187,-3.6094012,-1.000925,-0.32947692
cheatatmathhomework,of,9858,1.393,0,1,4,18,-0.63797694,1.0923405,-1.8839139,-2.9982007,0.07186476,1.1668499
cheatatmathhomework,two,1111,1.392,0,1,4,19,0.5568732,0.15488055,-0.51686627,-2.1536121,0.6572427,0.13041157
cheatatmathhomework,what,1496,1.391,0,1,5,20,-0.91094285,1.2340696,1.5120265,-3.2040205,0.28209987,-0.0018237375
chicago,today,1770,45.847,0,3,465,1,-1.2693357,0.5931316,-0.085685916,-2.7574947,0.25998557,0.34778124
chicago,illinois,1142,44.59,0,5,356,2,4.246445,2.7223952,0.07186173,1.4393743,1.1103644,0.967512
chicago,found,1102,44.137,0,7,316,3,-0.18901625,1.5238314,0.55575895,-1.6166267,1.0226976,-0.38971415
chicago,x,1077,40.449,0,3,361,4,1.086148,-4.4302974,-0.70926994,-1.1175205,-3.2103586,-0.32081115
chicago,this,7767,38.922,0,2,345,5,-1.7333132,-0.06413512,0.45042825,-3.423039,0.12052153,0.25829396
chicago,post,1389,38.779,0,2,360,6,1.0319614,-0.9567622,-0.44204843,-0.96799123,-0.9700228,1.1414212
chicago,was,2100,38.561,0,3,335,7,-1.9644481,1.0179468,1.3079087,-3.1935225,0.4661826,-0.7393948
chicago,last,1413,38.316,0,3,337,8,-0.8839251,0.08240962,0.6867898,-2.4523034,-0.095323265,-0.17974901
chicago,now,1171,37.249,0,3,335,9,-1.383875,-0.14741628,0.32992667,-2.8247273,-0.011966664,0.30824298
chicago,cta,1206,37.231,0,6,287,10,5.297627,-1.6365898,2.1452901,2.5002131,-1.0620501,0.04877497
chicago,line,1254,34.724,0,4,289,11,2.1322477,-1.1492646,0.58750516,-0.9693862,-1.0304278,0.52903235
chicago,from,5737,34.373,0,3,322,12,-1.1187861,0.547918,0.7426998,-2.6115398,0.27107444,0.51758957
chicago,just,2008,33.956,0,3,334,13,-1.8324282,0.20263153,0.5847507,-3.5247202,0.3733556,-0.45759273
chicago,my,5273,33.453,0,1,326,14,-2.1918442,-0.504391,1.1148864,-3.730388,-0.22782871,-0.46035725
chicago,as,1305,32.179,0,3,279,15,-0.5827713,-0.3101072,-4.05221,-2.2781217,-0.95820844,0.87362534
chicago,by,2086,31.62,0,4,285,16,-0.83554626,0.51532656,0.5953921,-1.9502953,-0.116353825,0.59982204
chicago,please,1027,31.468,0,1,303,17,-0.1515654,-2.1750028,-1.9592651,-2.395506,-0.8483724,0.26497635
chicago,all,1537,31.269,0,2,264,18,-1.2827151,-0.48868755,0.35858756,-3.2166746,-0.068885975,0.47858277
chicago,after,1229,30.947,0,4,258,19,-0.76790774,1.2068532,-0.26031715,-2.4006298,0.6087824,0.34676394
chicago,police,1005,30.84,0,5,208,20,2.393048,3.450209,-2.0229897,-0.5204222,0.8160596,1.7042092
childfree,facebook,1357,120.572,0,25,972,1,-3.621787,4.072957,0.3604483,-0.83643013,-2.07202,1.8222812
childfree,thought,1276,108.258,0,20,751,2,1.449618,-0.9574808,-0.55810815,-2.4158912,1.3569754,-0.9856474
childfree,my,9443,103.178,0,37,663,3,1.0829241,-0.22856978,0.7571232,-3.730388,-0.22782871,-0.46035725
childfree,her,1505,102.995,0,31,738,4,2.0556445,1.7254362,3.769136,-3.1888888,0.1947253,-1.2958006
childfree,was,1959,102.804,0,30,696,5,1.8027946,-1.4314946,-0.85491186,-3.1935225,0.4661826,-0.7393948
childfree,got,1044,101.579,0,41,589,6,1.4322281,-0.79255116,-0.09866518,-2.9497821,0.37691778,-0.89768565
childfree,today,1261,99.709,0,38,606,7,1.2155615,0.08812657,-1.2162162,-2.7574947,0.25998557,0.34778124
childfree,this,8568,99.216,0,19,751,8,0.9645607,-0.34599504,-1.0650743,-3.423039,0.12052153,0.25829396
childfree,me,3947,97.152,0,32,670,9,-3.4631383,-2.4629886,2.0222378,-2.815495,-2.5236044,-0.39501652
childfree,x,1758,96.188,0,15,714,10,-3.0360186,-0.54765105,-2.4887736,-1.1175205,-3.2103586,-0.32081115
childfree,post,2616,91.225,0,15,666,11,-1.6693051,2.5105157,-1.1806661,-0.96799123,-0.9700228,1.1414212
childfree,on,5696,90.754,0,19,719,12,0.33272475,1.0634181,-1.3013278,-2.7134001,-0.83771306,0.9725021
childfree,i,12756,90.737,0,28,625,13,0.5358776,-0.7845007,-0.070609145,-3.6094012,-1.000925,-0.32947692
childfree,no,1819,90.448,0,28,599,14,-4.511668,-2.2701669,1.0649878,-1.9434946,-2.7007306,0.513746
childfree,at,2665,90.387,0,33,565,15,1.3601332,1.373603,-0.4045804,-2.569361,-0.56025684,0.48392066
childfree,it,4221,90.148,0,22,734,16,1.2652407,-0.7078862,-0.9089616,-3.6389697,0.21471155,0.22040805
childfree,mom,1030,90.063,0,32,544,17,0.93209255,0.2166438,2.2853005,-2.4358513,0.32242885,-1.5319763
childfree,i'm,2887,89.676,0,28,631,18,None,None,None,None,None,None
childfree,up,1553,88.897,0,23,657,19,0.7454503,-0.048008066,-0.47872615,-3.0872686,-0.26721498,0.050360076
childfree,because,1338,88.876,0,31,544,20,1.1270659,-0.47340477,0.367386,-3.0100658,1.2618247,-0.08475999
comicbooks,deadpool,1602,81.852,0,2,946,1,4.042409,0.65601313,0.40072018,2.8464441,0.22101907,-1.2508763
comicbooks,america,1327,65.6,0,3,824,2,0.041282754,-0.51998,-0.21655636,-0.6692899,-0.0037545117,1.3353744
comicbooks,spider,4417,65.361,0,4,627,3,1.9490868,-1.0635053,-3.3613565,0.47678584,0.035614505,-1.5694553
comicbooks,had,1043,65.01,0,6,610,4,-2.746231,-1.2786103,1.3792174,-2.871008,0.79366267,-0.7124806
comicbooks,cover,2448,64.895,0,8,524,5,-0.7429495,3.137413,0.6546534,-0.81709915,-1.2051615,0.08903396
comicbooks,daredevil,1155,64.751,0,4,491,6,3.844739,-0.4222859,-0.24333031,2.9498873,0.5968585,-1.3213842
comicbooks,fan,2072,63.793,0,5,652,7,-0.9648785,-0.20276417,0.0029124748,-1.187335,-1.9562542,-0.4301019
comicbooks,captain,1613,61.639,0,3,759,8,1.3577673,-1.9563706,0.77720815,0.17730892,-0.07915212,-1.0813128
comicbooks,wolverine,1392,61.04,0,4,619,9,4.034175,-0.8299805,-0.6595148,2.149295,-0.33792776,-1.3121827
comicbooks,art,3141,60.995,0,5,551,10,-0.37631005,3.294284,-1.5775357,-0.37708622,-0.688241,0.5922759
comicbooks,amazing,1702,60.14,0,4,549,11,-1.7795833,1.4833702,-0.7791816,-2.112441,0.049312107,-0.5880601
comicbooks,variant,1015,59.929,0,5,515,12,3.5530615,2.140633,3.753864,2.826969,-0.1297956,-0.057999928
comicbooks,he,1268,59.835,0,6,522,13,-2.724056,-2.661434,1.9053746,-2.7646928,-0.82008827,-0.5936299
comicbooks,i've,1068,59.26,0,5,570,14,None,None,None,None,None,None
comicbooks,made,1655,58.78,0,7,474,15,-2.2283099,0.3423815,0.21149458,-2.28509,0.5075963,-0.4901376
comicbooks,my,9430,58.124,0,4,535,16,-3.2522004,0.40798756,-0.88939273,-3.730388,-0.22782871,-0.46035725
comicbooks,man,6477,57.843,0,3,601,17,-1.5553049,-1.8952454,0.066175304,-2.0789037,-1.2185299,-0.5937323
comicbooks,thor,1083,56.928,0,4,530,18,2.9346104,-1.3789842,-0.81985766,1.2489456,-0.98270565,-1.452138
comicbooks,love,1634,56.178,0,5,517,19,-2.7808893,0.8345672,-0.8127015,-2.9468522,-1.0227941,-1.0167005
comicbooks,really,1425,56.121,0,5,581,20,-2.6064212,-0.087489575,0.20780706,-3.219811,0.6986647,-0.6430858
comics,smbc,2388,135.883,0,29,1094,1,5.3428035,-0.77894473,-3.1493006,3.8859148,0.5271032,-1.0307679
comics,oc,6874,99.417,0,2,1226,2,2.0033157,-1.5766661,0.5305476,1.0525255,-1.1526995,-0.39761293
comics,cy,2327,95.846,0,7,964,3,2.2943158,-2.4557235,0.7136706,1.7968006,-0.9160922,-0.7540237
comics,xkcd,1655,91.439,0,6,886,4,4.4830112,1.5844876,-1.9540716,3.2491815,0.65020204,-0.95485574
comics,h,2729,86.328,0,5,838,5,-0.05637967,-3.968357,2.443345,-0.52340466,-3.1682446,0.88104934
comics,oh,1011,78.258,0,1,999,6,-1.310461,-1.0363938,-0.14805649,-1.9382948,-1.9030315,-1.0891687
comics,i'm,2600,66.797,0,1,687,7,None,None,None,None,None,None
comics,got,1540,65.157,0,1,797,8,-2.3408988,0.49068007,-0.19007877,-2.9497821,0.37691778,-0.89768565
comics,nsfw,2160,57.506,0,1,684,9,3.2869713,2.8982549,4.1799903,1.3006428,0.33649844,-0.71263635
comics,i,17172,56.213,0,1,599,10,-3.280838,0.081612505,0.30034328,-3.6094012,-1.000925,-0.32947692
comics,amp,5833,55.726,0,1,625,11,1.5945113,-1.8380678,-0.29788077,0.9878386,-0.66699624,-0.14500606
comics,reddit,1634,55.173,0,1,625,12,3.223018,2.498325,0.93128854,1.7281685,0.7255452,0.39683768
comics,every,1252,55.03,0,1,562,13,-1.9558599,1.2684724,-0.27704886,-2.7683692,0.9118755,0.17137478
comics,years,1098,53.632,0,1,545,14,-1.5103917,0.0566587,-0.4650679,-2.0438457,0.7118587,0.2206025
comics,it,3299,52.725,0,1,402,15,-2.9305124,0.8516447,-0.16796108,-3.6389697,0.21471155,0.22040805
comics,too,1534,52.263,0,1,542,16,-2.1357625,0.20329309,-0.29449597,-2.9900703,-0.045363046,-0.5515425
comics,made,2005,51.938,0,1,526,17,-1.6684457,1.0187967,-0.8092013,-2.28509,0.5075963,-0.4901376
comics,love,2804,51.331,0,1,350,18,-2.5225885,-0.019206125,-0.31124714,-2.9468522,-1.0227941,-1.0167005
comics,never,1512,51.168,0,1,420,19,-2.5158086,0.72113514,-1.0347744,-3.041413,0.4030866,-0.54474926
comics,can't,1047,49.714,0,1,542,20,None,None,None,None,None,None
community,my,5305,127.401,0,13,1236,1,-2.0246248,-0.030891893,0.15873455,-3.730388,-0.22782871,-0.46035725
community,one,1986,113.312,0,10,1192,2,-0.703963,-0.5695073,0.5099865,-2.7863765,-0.7878009,0.0035640583
community,found,1058,110.742,0,4,1385,3,-0.62283033,1.925179,-0.69467634,-1.6166267,1.0226976,-0.38971415
community,his,1002,108.5,0,8,1208,4,-1.7447253,1.6070595,0.48048532,-2.9064577,0.89347196,-0.6014442
community,it,1121,107.214,0,7,1236,5,-1.9101841,0.08342046,-0.14735323,-3.6389697,0.21471155,0.22040805
community,favorite,1390,106.267,0,17,1036,6,0.6600771,0.45664048,2.9159682,-1.6639853,-0.4225536,-1.0048642
community,made,1036,105.84,0,15,1089,7,-0.89453846,0.8355632,-0.35159686,-2.28509,0.5075963,-0.4901376
community,this,8778,105.282,0,8,1153,8,-1.8749155,0.23141487,0.0995975,-3.423039,0.12052153,0.25829396
community,best,1219,103.068,0,11,1131,9,-0.010622062,-0.6601192,2.6360126,-2.3450844,-0.89284056,-0.024310216
community,just,2813,101.175,0,6,1152,10,-1.7235326,0.57296365,-0.25818044,-3.5247202,0.3733556,-0.45759273
community,i,11010,98.862,0,7,1118,11,-1.7116225,-0.911899,-0.95091164,-3.6094012,-1.000925,-0.32947692
community,r,1400,98.41,0,6,1319,12,1.5892951,-3.0046182,-0.23997283,-1.3318741,-2.923924,0.8412996
community,last,1059,97.443,0,7,1034,13,-0.7363197,0.31200463,0.995074,-2.4523034,-0.095323265,-0.17974901
community,dan,1755,95.211,0,11,951,14,5.3524637,-3.4116845,1.4584236,-0.07304635,-3.8631594,-0.030769933
community,me,2294,95.031,0,6,1070,15,0.22173953,-2.7453144,-4.0581346,-2.815495,-2.5236044,-0.39501652
community,troy,2003,94.524,0,7,1036,16,2.9480362,2.484522,-1.6202624,0.87779725,-0.18765472,-1.268398
community,time,1143,94.392,0,9,1102,17,-0.87591404,-0.52379423,0.71662116,-2.5689878,-0.6856868,0.21413173
community,harmon,1620,94.166,0,10,954,18,5.1486673,3.9315135,-0.7667887,2.6103668,0.54968315,-0.92701495
community,we,1664,93.631,0,7,908,19,-0.29305664,-1.2279001,-0.86570716,-2.914085,-0.52950966,0.6924777
community,at,2705,92.909,0,7,1002,20,-0.7934372,0.6454445,-0.017315669,-2.569361,-0.56025684,0.48392066
conspiracy,til,1299,149.5,0,13,1442,1,-1.9634365,0.052088767,2.897141,-1.0522882,-0.53707576,-0.5449866
conspiracy,banned,1195,95.904,0,6,738,2,1.8748219,-0.26130718,0.6316926,0.6153006,1.2064173,0.636481
conspiracy,cops,1628,83.434,0,12,662,3,1.253334,2.700412,-0.78816634,-0.18539947,1.0782225,0.16813871
conspiracy,monsanto,1741,78.983,0,16,588,4,3.357899,-3.031354,-1.8299098,2.434128,0.8296483,1.4203861
conspiracy,cop,1265,78.746,0,11,605,5,0.69792545,2.503004,-0.42362654,-0.07132111,0.0125696855,-0.25914246
conspiracy,she,1046,77.839,0,8,740,6,-3.7069802,-0.05687524,0.036870185,-3.4891548,0.56836784,-1.3699143
conspiracy,cnn,1460,76.273,0,8,590,7,2.438436,-1.6343106,1.9970797,1.0191035,-0.28896227,1.3392318
conspiracy,prison,1446,74.425,0,10,689,8,1.5480776,0.567991,-0.71755314,0.16704269,0.83353347,0.7381014
conspiracy,her,1651,74.023,0,7,617,9,-4.4637737,-0.38180768,1.538703,-3.1888888,0.1947253,-1.2958006
conspiracy,0,2661,73.186,0,10,494,10,None,None,None,None,None,None
conspiracy,front,1489,71.476,0,7,527,11,-1.1291739,0.081430875,-0.6448002,-1.2762383,0.44580472,0.1386465
conspiracy,caught,1327,70.623,0,8,476,12,-0.09624927,1.8574109,-0.16888866,-1.1264364,1.5022264,-0.95255256
conspiracy,reddit,4140,70.196,0,5,528,13,1.9201882,-2.2038126,3.3930213,1.7281685,0.7255452,0.39683768
conspiracy,billion,1382,68.452,0,11,471,14,1.6102527,-3.7492566,-1.4657049,0.21115492,1.2708087,2.1916316
conspiracy,while,2299,66.569,0,7,506,15,-1.7685497,-0.28310144,-0.11765238,-2.3084924,1.1693336,-0.08994783
conspiracy,because,2437,66.237,0,7,573,16,-2.3927257,-0.8211811,-0.94072086,-3.0100658,1.2618247,-0.08475999
conspiracy,officer,1227,64.082,0,11,404,17,2.1652026,2.9285622,0.26360986,0.6255564,1.202121,1.1428632
conspiracy,act,1606,62.924,0,10,401,18,-1.0907252,-0.5737165,-2.5283628,-1.4981837,0.5427933,0.55881083
conspiracy,them,3374,62.26,0,8,446,19,-2.7798724,-0.398649,-1.385801,-3.2708795,1.2085484,0.06055402
conspiracy,arrested,1515,61.876,0,10,459,20,2.5253572,2.704472,0.2530719,0.03501491,1.555471,0.20910214
conspiro,reddit,2320,2.483,0,1,6,1,4.5162935,1.985641,1.3827808,1.7281685,0.7255452,0.39683768
conspiro,stop,1218,1.768,0,1,3,2,-0.47115594,-0.46044213,-1.1229885,-2.1860952,-0.10713767,0.09276842
conspiro,her,1032,1.748,0,1,5,3,-1.6837527,0.5839007,4.914417,-3.1888888,0.1947253,-1.2958006
conspiro,michael,1107,1.445,0,1,4,4,2.0118098,-0.88553506,-1.2799053,-0.6143453,-0.9614113,-0.9100078
conspiro,own,1273,1.413,0,1,3,5,-0.46767497,0.6075851,0.708329,-1.990759,0.5947786,0.28688976
conspiro,r,5383,1.405,0,1,3,6,1.8818116,-5.9593453,0.99408823,-1.3318741,-2.923924,0.8412996
conspiro,had,1686,1.4,0,1,3,7,-1.1257242,0.36282903,-0.5103998,-2.871008,0.79366267,-0.7124806
conspiro,down,2485,1.377,0,1,3,8,-0.8957766,0.23417518,-0.56272817,-2.4505754,-0.011835438,0.07782673
conspiro,then,1163,1.364,0,1,4,9,-1.7005067,0.6100662,-0.6649897,-3.073671,0.6224968,-0.3619638
conspiro,because,1460,1.333,0,1,3,10,-1.3013033,0.8079134,-0.26184002,-3.0100658,1.2618247,-0.08475999
conspiro,need,1258,1.316,0,1,3,11,-1.3317456,-0.09296194,-0.81666243,-2.7775822,0.25521228,0.39256024
conspiro,them,2036,1.31,0,1,3,12,-1.9245042,0.65946454,-0.2232276,-3.2708795,1.2085484,0.06055402
conspiro,while,1341,1.297,0,1,4,13,-0.580766,1.0742503,-0.1407778,-2.3084924,1.1693336,-0.08994783
conspiro,all,5758,1.283,0,1,3,14,-1.572079,-0.6814571,-1.3744874,-3.2166746,-0.068885975,0.47858277
conspiro,story,1610,1.277,0,1,3,17,1.5671936,-0.5777119,0.15344048,-1.2552335,-0.5610146,0.10395481
conspiro,0,1617,1.277,0,1,4,16,None,None,None,None,None,None
conspiro,nsa,4578,1.277,0,1,3,15,5.0926185,1.8388366,-0.82354367,1.6781052,0.5438326,2.2438788
conspiro,4,1082,1.273,0,1,3,18,None,None,None,None,None,None
conspiro,not,7381,1.269,0,1,3,19,-1.518378,0.028283674,0.0047149835,-3.244656,0.52007806,0.40083283
conspiro,last,1299,1.268,0,1,3,20,-0.49636242,-0.13549376,-0.37622038,-2.4523034,-0.095323265,-0.17974901
dating_advice,never,1210,5.139,0,2,27,1,0.21209967,-0.049305424,-0.015571515,-3.041413,0.4030866,-0.54474926
dating_advice,guys,1065,4.43,0,1,27,2,-0.8539284,0.071429685,-1.363624,-2.5332708,0.02028608,-0.34945717
dating_advice,had,1165,3.942,0,2,18,3,1.3096707,2.3324413,1.6481342,-2.871008,0.79366267,-0.7124806
dating_advice,one,1232,3.931,0,1,18,4,0.15615822,-1.0404731,-0.52755237,-2.7863765,-0.7878009,0.0035640583
dating_advice,feel,1090,3.85,0,2,20,5,-0.42156225,0.550138,-1.3026196,-2.9205418,0.6213269,-0.8857981
dating_advice,been,1778,3.812,0,2,20,6,1.6272418,1.8858396,1.9965658,-2.828824,1.065512,-0.18167289
dating_advice,asked,1026,3.638,0,2,20,7,-0.02126245,1.2278425,1.4770935,-1.6473709,1.5285612,-0.9740044
dating_advice,when,2226,3.623,0,2,18,8,-0.20976314,0.8060464,-1.4322894,-3.621951,1.0671849,-0.3380017
dating_advice,girlfriend,1122,3.602,0,1,20,9,-3.0728815,-1.2686324,2.2468128,-1.6343548,0.27033776,-1.6099055
dating_advice,you,4626,3.573,0,1,23,10,-0.24693145,0.18227515,-2.397284,-4.033075,-0.037475616,-0.28735858
dating_advice,21,1273,3.559,0,1,13,11,None,None,None,None,None,None
dating_advice,being,1413,3.533,0,2,18,12,0.038688455,1.0465945,0.70424926,-2.8774824,1.5018364,-0.1091999
dating_advice,as,1055,3.506,0,2,20,13,2.0786374,-2.482086,-0.079099566,-2.2781217,-0.95820844,0.87362534
dating_advice,was,1260,3.488,0,2,21,14,2.3880246,2.1914055,1.3421135,-3.1935225,0.4661826,-0.7393948
dating_advice,that,3006,3.475,0,1,18,15,0.57629454,0.6647577,-0.93804866,-3.7552161,0.8998972,-0.031067893
dating_advice,no,1470,3.469,0,2,16,16,2.3172646,-5.319001,1.00371,-1.9434946,-2.7007306,0.513746
dating_advice,so,1902,3.466,0,2,18,17,1.6477351,-0.7001167,-1.0604031,-3.1185777,-0.6882985,-0.21709311
dating_advice,someone,1943,3.44,0,2,16,18,-2.2205553,0.42386585,-1.4737278,-3.1746886,0.9475446,-0.70470935
dating_advice,relationship,2958,3.421,0,1,17,19,-4.6824045,-1.0546227,1.7891283,-1.9780376,1.0198492,-0.20254576
dating_advice,want,2438,3.419,0,1,16,20,-0.622528,0.5316012,-1.6175895,-3.0542312,0.1142474,-0.14470194
depression,their,1143,19.564,0,3,206,1,1.6113068,-0.9300158,-2.4722266,-2.862955,1.4796243,0.9904445
depression,you're,1023,19.45,0,3,206,2,None,None,None,None,None,None
depression,fuck,1402,19.234,0,3,194,3,-0.04692713,0.30217773,0.028897548,-2.6575449,-0.41933048,-0.7493952
depression,today,3858,19.096,0,3,183,4,0.08241555,-0.27873707,1.379908,-2.7574947,0.25998557,0.34778124
depression,kill,1635,18.573,0,3,158,5,-0.8919661,2.0475156,-1.057802,-1.5658847,0.3416793,-0.4621421
depression,they,1787,17.93,0,3,173,6,1.6347538,-1.262204,-1.5026172,-3.5051446,1.4383961,0.38971087
depression,else,4103,17.659,0,3,170,7,0.9962313,0.48586157,1.1438489,-2.3998125,1.1771288,-0.3504384
depression,found,1047,17.166,0,2,176,8,-0.35256198,0.7357456,1.1365985,-1.6166267,1.0226976,-0.38971415
depression,suicide,2749,16.861,0,3,145,9,-2.3773556,5.064345,-1.8295927,-0.15997246,0.7601058,0.41265965
depression,made,1490,16.534,0,3,140,10,0.23629594,-0.41745603,0.8104591,-2.28509,0.5075963,-0.4901376
depression,r,2248,16.022,0,3,159,11,-5.826962,-2.9930305,-0.36259347,-1.3318741,-2.923924,0.8412996
depression,we,1022,15.639,0,2,136,12,-0.07317718,-2.1500974,-0.7674634,-2.914085,-0.52950966,0.6924777
depression,every,1292,14.658,0,2,114,13,0.5508864,0.04296183,0.36239496,-2.7683692,0.9118755,0.17137478
depression,because,2277,14.513,0,3,132,14,1.334813,0.09364593,-0.15188652,-3.0100658,1.2618247,-0.08475999
depression,did,1377,14.51,0,2,126,15,0.90297437,-0.25394487,0.5340552,-2.9973285,0.9449186,-0.7106697
depression,people,4723,14.503,0,3,132,16,0.8919282,-0.43932915,-1.6653901,-3.1653438,1.1312002,0.8718072
depression,wish,1166,14.224,0,3,129,17,-0.5910955,-0.64892995,1.5463313,-2.4167633,-0.09604908,-0.9345279
depression,feels,1290,14.031,0,2,130,18,-0.06668506,1.1456794,3.182677,-1.7434288,0.27814186,-1.0080259
depression,does,4108,13.993,0,3,134,19,1.4066586,0.26762637,0.30214232,-2.6269302,1.2335058,-0.051058374
depression,most,1026,13.969,0,2,135,20,0.57846785,-0.8118122,-0.6177392,-2.3899105,0.99787456,0.7540966
diablo3,blizzard,1120,18.138,0,1,206,1,4.947483,2.3388953,2.2791662,1.4157854,0.23855959,-0.1910107
diablo3,was,1009,17.275,0,1,166,2,-1.2870466,1.1775291,-1.4941751,-3.1935225,0.4661826,-0.7393948
diablo3,time,1081,16.662,0,1,179,3,-0.2806787,-0.61839575,-0.04826198,-2.5689878,-0.6856868,0.21413173
diablo3,when,1373,16.52,0,1,166,4,-1.7700692,0.1017622,1.0150591,-3.621951,1.0671849,-0.3380017
diablo3,after,1284,15.909,0,1,156,5,-0.15299487,1.0732064,-0.3820685,-2.4006298,0.6087824,0.34676394
diablo3,this,5100,15.366,0,1,152,6,-1.0719426,0.0108426,0.015725488,-3.423039,0.12052153,0.25829396
diablo3,playing,1062,14.682,0,1,136,7,0.5517862,0.66528213,0.16782522,-1.6094813,0.02153217,-0.9379351
diablo3,an,1097,14.509,0,1,149,8,-0.031569086,1.8353311,-4.206192,-2.1368263,-0.7357933,0.54226786
diablo3,like,1194,14.503,0,1,168,9,-1.174534,-0.08043705,0.52341634,-3.2754328,-0.06366012,-0.74290675
diablo3,all,1486,14.336,0,1,141,10,-0.8639403,-1.3169737,0.52771044,-3.2166746,-0.068885975,0.47858277
diablo3,inferno,1593,14.073,0,1,107,11,5.6265244,-4.4150233,-1.2834471,1.7878443,-1.6145016,-0.19367556
diablo3,you,3288,13.638,0,1,133,12,-2.108217,-0.9763188,1.1083311,-4.033075,-0.037475616,-0.28735858
diablo3,found,1120,13.457,0,1,130,13,0.4718139,1.0933597,-1.039458,-1.6166267,1.0226976,-0.38971415
diablo3,patch,1127,13.015,0,1,118,14,4.5789104,1.6067232,0.66849285,1.0440265,-0.7935854,-0.11265742
diablo3,so,2088,12.912,0,1,136,15,-1.0732602,-1.248016,-0.99428535,-3.1185777,-0.6882985,-0.21709311
diablo3,i'm,1089,12.84,0,1,134,16,None,None,None,None,None,None
diablo3,why,1115,12.729,0,1,94,17,-1.2391683,-0.14423336,1.2081127,-2.7720356,0.5529339,-0.0028814145
diablo3,that,1562,12.702,0,1,130,18,-1.7996761,0.05742617,0.3796117,-3.7552161,0.8998972,-0.031067893
diablo3,how,3453,12.38,0,1,124,19,-1.5364798,0.022024697,1.0615021,-3.1789849,0.71929175,0.18375136
diablo3,i,10301,12.125,0,1,134,20,-1.7869369,-1.1829824,0.49293616,-3.6094012,-1.000925,-0.32947692
dogs,today,1314,31.374,0,2,301,1,-0.9381203,1.8829889,-0.76999146,-2.7574947,0.25998557,0.34778124
dogs,him,1924,30.104,0,1,274,2,1.927285,-0.20334221,1.0301908,-3.1272774,0.7650703,-0.98501414
dogs,was,2199,26.799,0,1,249,3,1.1878097,0.6832168,-2.517942,-3.1935225,0.4661826,-0.7393948
dogs,found,1365,24.329,0,2,242,4,0.6143547,0.44303825,-0.85443044,-1.6166267,1.0226976,-0.38971415
dogs,love,1353,23.682,0,1,218,5,-1.7518604,0.35313213,2.0781415,-2.9468522,-1.0227941,-1.0167005
dogs,after,1686,23.157,0,2,246,6,0.5813253,0.76585984,-1.0854367,-2.4006298,0.6087824,0.34676394
dogs,he,2619,22.854,0,1,235,7,2.0371494,-3.0224733,-0.6292352,-2.7646928,-0.82008827,-0.5936299
dogs,no,1086,22.83,0,1,213,8,-2.517721,-5.5591555,-0.95128936,-1.9434946,-2.7007306,0.513746
dogs,so,2104,21.57,0,1,229,9,-1.6455778,0.23012273,-0.61590654,-3.1185777,-0.6882985,-0.21709311
dogs,his,3140,21.19,0,1,227,10,3.58287,-0.587798,0.68431485,-2.9064577,0.89347196,-0.6014442
dogs,been,1013,20.989,0,2,181,11,0.72499263,0.9077886,-2.159499,-2.828824,1.065512,-0.18167289
dogs,all,1533,20.979,0,1,212,12,-1.2939277,0.67063,-0.46289536,-3.2166746,-0.068885975,0.47858277
dogs,day,1464,20.491,0,1,209,13,-1.827862,1.5585288,-0.1669572,-2.7567844,-0.50667286,-0.0010164105
dogs,her,3330,20.463,0,1,207,14,3.4262512,0.17365022,2.7277737,-3.1888888,0.1947253,-1.2958006
dogs,they,1117,20.431,0,2,220,15,0.074254125,0.29776254,-0.92964524,-3.5051446,1.4383961,0.38971087
dogs,friend,1338,20.313,0,1,231,16,-0.31457946,-0.15766364,1.79817,-2.352772,0.0680445,-1.1581174
dogs,now,1216,20.312,0,2,199,17,-1.0150143,0.9526816,-0.48908612,-2.8247273,-0.011966664,0.30824298
dogs,who,1426,20.056,0,2,194,18,-0.053795077,-0.28219378,0.42717788,-3.126877,0.843511,-0.12945189
dogs,it,1079,19.934,0,1,190,19,-0.3466849,0.6778594,-0.4499858,-3.6389697,0.21471155,0.22040805
dogs,please,2498,19.41,0,1,168,20,-2.4511466,0.21536583,3.3365288,-2.395506,-0.8483724,0.26497635
economy,americans,1043,22.459,0,7,129,1,2.7309933,2.082028,2.9252512,0.006741109,2.294442,1.800747
economy,their,1284,19.858,0,6,134,2,-1.7576667,1.3541372,0.22828825,-2.862955,1.4796243,0.9904445
economy,they,1175,19.476,0,5,122,3,-2.4757094,1.1230916,0.38165224,-3.5051446,1.4383961,0.38971087
economy,people,1088,18.567,0,5,108,4,-1.2897725,1.2994204,1.2090172,-3.1653438,1.1312002,0.8718072
economy,banks,2007,17.758,0,5,112,5,3.1685913,0.114331506,-1.5196837,0.68663025,1.1928992,1.1481366
economy,wall,1002,17.561,0,6,116,6,1.3734105,-0.4832478,-2.5952532,-0.40712655,-0.15988594,0.39406916
economy,than,1958,17.478,0,4,112,7,-1.0684423,1.1468585,0.24939658,-2.6687617,0.9965041,0.19805433
economy,billion,1311,17.356,0,5,122,8,3.118603,1.980172,-2.4393406,0.21115492,1.2708087,2.1916316
economy,america,1394,17.29,0,5,113,9,2.113428,-0.16739738,2.627851,-0.6692899,-0.0037545117,1.3353744
economy,have,2078,16.992,0,5,115,10,-2.5774462,0.4529742,-0.09356574,-3.513116,0.79508233,0.23116368
economy,just,1084,16.824,0,4,114,11,-2.5000978,0.1256334,-0.5677911,-3.5247202,0.3733556,-0.45759273
economy,years,1177,16.81,0,5,112,12,-0.13166702,1.1224676,-0.917826,-2.0438457,0.7118587,0.2206025
economy,that,3553,16.607,0,5,110,13,-2.595159,0.16962868,-0.17959419,-3.7552161,0.8998972,-0.031067893
economy,has,1994,16.604,0,5,103,14,-1.4160014,-1.9389625,-0.3990223,-2.2448533,-0.0649025,0.4776435
economy,0,1243,16.47,0,4,112,15,None,None,None,None,None,None
economy,american,1015,16.35,0,4,103,16,2.0417879,0.39894137,2.0665336,-0.53258926,0.16532494,0.74075556
economy,federal,1058,15.983,0,4,100,17,4.4894185,-2.2759943,-0.44680068,1.3774526,0.21132453,3.1459632
economy,no,1363,15.918,0,4,111,18,-0.97182864,-5.5440016,1.2637217,-1.9434946,-2.7007306,0.513746
economy,its,1336,15.709,0,4,100,19,-1.7782494,0.19937767,-0.74233603,-2.8551505,0.5479903,0.5090484
economy,big,1056,15.601,0,4,105,20,-0.47419775,-1.1594561,-1.0504984,-2.0308697,-0.9441441,-0.031145213
education,their,1430,12.253,0,1,102,1,-0.12225605,1.5977551,1.1628904,-2.862955,1.4796243,0.9904445
education,that,3059,10.895,0,1,90,2,-1.4439721,1.1103638,-0.3075985,-3.7552161,0.8998972,-0.031067893
education,teachers,3777,10.299,0,1,84,3,4.6313553,0.23814736,-1.190853,-0.7582568,1.9444371,1.1158786
education,not,1825,9.72,0,1,73,4,-1.1113915,0.35200313,-0.47006187,-3.244656,0.52007806,0.40083283
education,teacher,3114,9.55,0,1,82,5,3.9316745,-0.78441554,-1.7270223,-1.287126,0.6264457,-0.13158394
education,has,1114,9.519,0,1,74,6,-1.7279325,-1.6201437,0.3006199,-2.2448533,-0.0649025,0.4776435
education,public,1961,9.432,0,1,76,7,2.2277703,-0.71647376,2.6210597,-0.67933446,0.67759895,2.1864817
education,no,1070,9.324,0,1,77,8,-1.8242879,-5.1272182,-1.7067393,-1.9434946,-2.7007306,0.513746
education,who,1195,9.31,0,1,71,9,-0.63111675,1.1979445,-0.9737841,-3.126877,0.843511,-0.12945189
education,have,1951,9.249,0,1,73,10,-1.2915996,1.4323474,-0.27021578,-3.513116,0.79508233,0.23116368
education,we,1551,9.096,0,1,70,11,-1.3442004,0.56762594,-0.58421195,-2.914085,-0.52950966,0.6924777
education,this,2354,8.884,0,1,77,12,-1.16609,1.0815265,0.15571879,-3.423039,0.12052153,0.25829396
education,teach,1135,8.848,0,1,75,13,3.220695,0.21983588,-1.7938142,-0.872684,1.2185489,-0.2660512
education,one,1294,8.504,0,1,75,14,-0.97676927,-0.24787822,-0.43562818,-2.7863765,-0.7878009,0.0035640583
education,as,2004,8.335,0,1,68,15,-1.1119591,-2.3177295,0.472905,-2.2781217,-0.95820844,0.87362534
education,out,1622,8.167,0,1,67,16,-0.7429989,1.0004447,0.579495,-2.968627,0.12615682,0.17456675
education,state,1193,8.131,0,1,68,17,1.5040278,-1.2764697,4.434594,-0.7454629,0.6187696,1.8286747
education,if,1038,7.987,0,1,60,18,-0.9547979,1.1457033,-0.6699788,-3.4172652,0.6949564,0.07018097
education,year,1538,7.895,0,1,75,19,0.13977896,0.7897271,0.7168799,-2.3330073,0.2867338,0.3811472
education,are,4389,7.835,0,1,67,20,-1.2059247,1.3569021,-0.3142543,-3.1324968,0.5529448,0.6463594
elderscrollsonline,media,1224,20.15,0,5,134,1,4.456727,-2.9054418,-2.4502296,-0.20238455,-1.33182,3.0136673
elderscrollsonline,that,1789,15.545,0,1,150,2,-1.3323463,-0.1584718,-0.21260527,-3.7552161,0.8998972,-0.031067893
elderscrollsonline,this,5031,14.842,0,1,137,3,-0.97103035,0.22227114,-0.103984475,-3.423039,0.12052153,0.25829396
elderscrollsonline,like,1275,14.273,0,1,137,4,-0.9827656,0.27753732,0.49754423,-3.2754328,-0.06366012,-0.74290675
elderscrollsonline,we,1091,13.716,0,1,127,5,0.17214449,-1.8552337,-0.7104933,-2.914085,-0.52950966,0.6924777
elderscrollsonline,of,6585,13.365,0,1,118,6,-0.2259245,-0.7252766,-0.5110504,-2.9982007,0.07186476,1.1668499
elderscrollsonline,when,1434,13.349,0,1,129,7,-1.4808303,0.124308676,0.012184709,-3.621951,1.0671849,-0.3380017
elderscrollsonline,all,1536,13.175,0,1,118,8,-0.7554946,-0.30516067,-1.0464288,-3.2166746,-0.068885975,0.47858277
elderscrollsonline,an,1804,12.869,0,1,120,9,1.3601733,0.2940697,3.1859038,-2.1368263,-0.7357933,0.54226786
elderscrollsonline,i'm,1163,12.829,0,1,136,10,None,None,None,None,None,None
elderscrollsonline,you,4184,12.765,0,1,114,11,-2.0478404,-0.1112176,-0.81896925,-4.033075,-0.037475616,-0.28735858
elderscrollsonline,just,2039,12.593,0,1,121,12,-1.1795205,-0.11069123,-0.07564084,-3.5247202,0.3733556,-0.45759273
elderscrollsonline,as,1150,12.532,0,1,109,13,1.4795488,-1.5158994,3.071051,-2.2781217,-0.95820844,0.87362534
elderscrollsonline,out,1429,12.477,0,1,130,14,-0.5692101,0.7178053,-0.18568711,-2.968627,0.12615682,0.17456675
elderscrollsonline,patch,1010,12.373,0,1,96,15,4.429637,4.732073,-0.6429565,1.0440265,-0.7935854,-0.11265742
elderscrollsonline,at,1652,12.342,0,1,106,16,-0.64583707,-0.07883185,1.8189336,-2.569361,-0.56025684,0.48392066
elderscrollsonline,has,1199,12.098,0,1,122,17,1.7582186,-0.98013794,0.095860645,-2.2448533,-0.0649025,0.4776435
elderscrollsonline,my,4546,11.827,0,1,110,18,-1.583227,1.3915695,-0.857553,-3.730388,-0.22782871,-0.46035725
elderscrollsonline,your,1979,11.802,0,2,91,19,-1.8824203,0.9867276,-1.0658789,-3.7252882,0.5087585,0.337032
elderscrollsonline,1,1451,11.703,0,1,94,20,None,None,None,None,None,None
electronic_cigarette,we,2799,35.773,0,5,288,1,-2.274264,0.014829975,-1.7220378,-2.914085,-0.52950966,0.6924777
electronic_cigarette,us,1611,29.494,0,3,223,2,-1.5350497,0.8020859,-1.2603618,-2.3342493,0.076385766,1.4165329
electronic_cigarette,smoking,2620,28.31,0,5,207,3,3.120211,-2.5911653,1.0506797,-0.7942995,1.1425352,-0.3767727
electronic_cigarette,made,2371,27.923,0,4,187,4,-1.6408254,-0.40312815,0.20874652,-2.28509,0.5075963,-0.4901376
electronic_cigarette,year,1184,27.896,0,7,179,5,-1.3296158,0.4314648,1.7795628,-2.3330073,0.2867338,0.3811472
electronic_cigarette,thought,1051,27.055,0,4,259,6,-1.7521511,-1.2309101,0.44738165,-2.4158912,1.3569754,-0.9856474
electronic_cigarette,tobacco,2049,26.074,0,5,171,7,4.984117,-0.8855186,0.26317716,1.6611767,1.7183392,0.7922541
electronic_cigarette,quit,1374,25.764,0,5,178,8,1.0747919,-0.9949086,1.3083967,-1.0129576,1.0415007,-0.33043674
electronic_cigarette,thank,1500,25.435,0,8,168,9,-1.8126286,1.1659714,0.51060325,-2.3037446,-0.15681584,-0.4241301
electronic_cigarette,giveaway,4445,25.259,0,13,117,10,0.2954452,5.7782145,2.7518866,0.009364525,-0.4311071,-0.029761031
electronic_cigarette,local,1569,25.221,0,4,229,11,0.33328697,1.1385648,-2.4214258,-0.044351976,-0.61920595,2.3255057
electronic_cigarette,found,1732,25.213,0,4,222,12,-0.74125403,-0.6792274,0.3659968,-1.6166267,1.0226976,-0.38971415
electronic_cigarette,cigarettes,4018,25.045,0,4,196,13,4.9904313,-1.990817,0.8342293,0.56902725,1.9037207,0.21547286
electronic_cigarette,our,1812,25.041,0,3,181,14,-1.8124907,1.3998711,-1.2663542,-2.6149535,0.50715643,1.1347957
electronic_cigarette,people,1640,24.768,0,4,216,15,-1.3053231,-1.2897447,-1.5799615,-3.1653438,1.1312002,0.8718072
electronic_cigarette,ecigs,1290,24.277,0,4,252,16,5.9789534,2.6988108,-2.729974,3.137209,0.8695605,0.8685727
electronic_cigarette,was,3312,23.698,0,4,199,17,-2.3762386,-1.5804888,0.58286035,-3.1935225,0.4661826,-0.7393948
electronic_cigarette,see,1446,23.367,0,3,187,18,-1.8165673,-0.27106586,-0.71281844,-2.790912,-0.09916603,-0.14715068
electronic_cigarette,they,2282,23.041,0,3,225,19,-1.8200613,-1.3245155,-1.2856318,-3.5051446,1.4383961,0.38971087
electronic_cigarette,months,1164,22.416,0,5,147,20,-0.5607632,-0.18832465,2.8750455,-1.6519196,1.207409,0.120681725
electronicmusic,daft,1714,30.491,0,1,334,1,4.3928556,-0.13694772,-1.8860153,1.0086757,-0.7452779,-0.69690883
electronicmusic,punk,1658,28.436,0,1,299,2,3.0070364,-0.30978376,-2.3426085,-0.09754474,-1.1851028,-1.1481986
electronicmusic,deadmau5,1573,22.01,0,1,244,3,None,None,None,None,None,None
electronicmusic,will,1331,18.959,0,1,203,4,-1.719813,0.54043484,-0.06614385,-2.8572311,0.3906718,0.7284385
electronicmusic,album,4302,18.514,0,2,198,5,2.711834,0.5412551,2.3099718,-1.0127494,-1.6028835,-0.10733312
electronicmusic,has,1130,18.442,0,2,197,6,-1.7233305,1.9019277,0.15389174,-2.2448533,-0.0649025,0.4776435
electronicmusic,his,1570,18.221,0,2,204,7,-2.176113,1.9460452,-0.33254212,-2.9064577,0.89347196,-0.6014442
electronicmusic,was,1300,16.519,0,1,156,8,-2.2666073,1.1507369,-0.67466533,-3.1935225,0.4661826,-0.7393948
electronicmusic,official,1639,15.234,0,2,150,9,1.8960025,1.2637701,2.719743,-0.25766072,-0.8559357,0.85184574
electronicmusic,skrillex,1149,14.599,0,1,150,10,4.276509,0.033941578,-2.1807592,1.4368887,-1.2554369,-1.4563358
electronicmusic,released,1152,14.525,0,2,153,11,1.5388929,2.529294,2.6633425,-0.004977523,0.8723921,0.8912475
electronicmusic,who,1087,14.466,0,2,163,12,-1.9377351,-0.011515411,-1.1193506,-3.126877,0.843511,-0.12945189
electronicmusic,full,1421,14.177,0,2,157,13,0.44039145,-0.412048,1.5975859,-1.1755949,-1.2168245,0.5861053
electronicmusic,make,1213,13.63,0,1,140,14,-1.3587896,-0.6125294,-0.9602876,-2.8032298,0.14797789,0.20531139
electronicmusic,as,1171,13.599,0,2,108,15,-1.8088688,-0.28040448,-0.8298386,-2.2781217,-0.95820844,0.87362534
electronicmusic,an,2613,13.428,0,1,139,16,-1.6864474,-0.42259017,0.0070678676,-2.1368263,-0.7357933,0.54226786
electronicmusic,pretty,1139,13.346,0,2,112,17,-0.7923049,-0.42964926,-1.0323331,-2.3632207,0.15740444,-1.1827505
electronicmusic,at,3515,13.302,0,1,135,18,-1.8908844,-0.8783815,-0.12276683,-2.569361,-0.56025684,0.48392066
electronicmusic,r,3023,13.295,0,2,103,19,0.0560945,-5.2829857,2.2930636,-1.3318741,-2.923924,0.8412996
electronicmusic,best,1839,13.054,0,1,134,20,-0.958715,-1.1305689,-0.19735582,-2.3450844,-0.89284056,-0.024310216
energy,than,1416,23.36,0,7,146,1,-0.9509985,0.3279397,0.7340397,-2.6687617,0.9965041,0.19805433
energy,that,2688,21.925,0,7,133,2,-2.0706058,0.79530704,0.12434908,-3.7552161,0.8998972,-0.031067893
energy,has,1521,19.725,0,7,119,3,-0.91386956,2.3193827,-2.016782,-2.2448533,-0.0649025,0.4776435
energy,have,1208,18.675,0,6,115,4,-1.7278981,0.52939016,-0.8224901,-3.513116,0.79508233,0.23116368
energy,its,1303,18.434,0,6,114,5,-1.1991248,-0.014421624,0.19621544,-2.8551505,0.5479903,0.5090484
energy,coal,1912,18.159,0,6,111,6,4.236538,1.7760276,3.048014,1.4215574,1.4671094,0.56657577
energy,1,1071,17.993,0,5,117,7,None,None,None,None,None,None
energy,it,2144,17.989,0,5,115,8,-1.969469,-0.049691427,0.44368827,-3.6389697,0.21471155,0.22040805
energy,more,2013,17.512,0,5,111,9,-1.0554714,-0.47906795,0.091164574,-2.698736,0.15690249,0.9707182
energy,by,3082,17.259,0,6,112,10,-0.38752568,-1.1542227,2.1275158,-1.9502953,-0.116353825,0.59982204
energy,are,2257,16.921,0,4,112,11,-1.741531,0.0059134304,-0.9139192,-3.1324968,0.5529448,0.6463594
energy,electricity,1871,16.361,0,4,102,12,4.2911954,0.7670947,-0.10971463,0.80330783,1.6057838,1.3380786
energy,u,2207,16.219,0,6,104,13,-1.1794977,-4.3106236,0.5543196,-2.3740785,-2.3784745,0.07697179
energy,says,1022,16.161,0,6,107,14,-0.2676953,2.0445564,0.49080685,-1.4983666,1.1672487,0.63161117
energy,first,1121,16.157,0,7,94,15,-0.6985155,-0.3420812,0.08488314,-2.34711,0.2744144,0.23318471
energy,over,1123,16.037,0,5,107,16,-0.9319406,-0.35238227,1.6090392,-2.4282598,0.20016232,0.49509627
energy,as,2389,16.025,0,5,102,17,-0.94045454,-0.23916827,-2.727427,-2.2781217,-0.95820844,0.87362534
energy,electric,1269,15.938,0,5,94,18,4.1949716,-1.5491847,-1.1426308,0.7835111,-0.10896372,0.22784558
energy,solar,6561,15.865,0,5,97,19,5.256287,-0.81335205,-1.8309495,1.6317966,-0.58201176,2.0237203
energy,is,5590,15.858,0,5,104,20,-1.9443924,0.7385864,0.05987942,-3.179791,-0.04706385,0.24855019
entertainment,bill,1160,27.967,0,1,309,1,2.5281773,-0.11479935,0.9480246,-0.12882207,0.5230514,1.3868606
entertainment,been,1589,24.838,0,1,313,2,-1.7059234,0.02185755,0.9987541,-2.828824,1.065512,-0.18167289
entertainment,he,2900,24.37,0,1,280,3,-1.713191,1.7663165,-2.4981167,-2.7646928,-0.82008827,-0.5936299
entertainment,conan,1064,24.289,0,1,323,4,4.661178,0.7283194,-2.4141047,1.6986567,-0.7903181,-1.3555374
entertainment,the,1557,21.446,0,1,293,5,-1.4273373,-1.1093465,-0.53203905,-3.2426047,-0.24358808,0.80810684
entertainment,dies,1773,21.231,0,1,259,6,2.8353755,2.7658393,-0.4984204,-0.30595094,0.02343374,-0.40896744
entertainment,they,2176,20.921,0,1,236,7,-2.0486765,-1.148302,0.7755872,-3.5051446,1.4383961,0.38971087
entertainment,before,1411,19.985,0,1,184,8,-0.6397305,0.07629533,0.8555343,-2.5872476,0.89573485,0.055239726
entertainment,arrested,1224,19.8,0,1,257,9,2.3339877,2.7836905,2.6395183,0.03501491,1.555471,0.20910214
entertainment,r,1413,19.76,0,1,240,10,2.5918722,-4.5366526,-2.4950469,-1.3318741,-2.923924,0.8412996
entertainment,was,4653,19.659,0,1,249,11,-1.8180761,0.50657403,-0.0048720865,-3.1935225,0.4661826,-0.7393948
entertainment,him,1273,19.569,0,1,245,12,-1.414242,0.98237115,-0.7148653,-3.1272774,0.7650703,-0.98501414
entertainment,only,1443,19.234,0,1,243,13,-0.8561947,-1.2760476,0.52375627,-2.7601547,0.60493195,0.26616576
entertainment,million,1455,19.134,0,1,240,14,2.0291252,-1.7282578,2.5716875,-0.984038,0.5351191,1.3701212
entertainment,has,5213,19.112,0,1,233,15,-1.3501099,1.0538522,-0.9698935,-2.2448533,-0.0649025,0.4776435
entertainment,years,2203,18.921,0,1,223,16,0.6335875,-0.5630966,1.5473036,-2.0438457,0.7118587,0.2206025
entertainment,his,5634,18.859,0,1,220,17,-1.6472462,1.6650512,-1.4599487,-2.9064577,0.89347196,-0.6014442
entertainment,just,3504,18.83,0,1,235,18,-1.6513796,-0.7245992,0.42886284,-3.5247202,0.3733556,-0.45759273
entertainment,don't,1443,18.644,0,1,203,19,None,None,None,None,None,None
entertainment,its,1470,18.589,0,1,213,20,-1.3411928,-1.1490643,0.29827708,-2.8551505,0.5479903,0.5090484
environment,monsanto,1086,70.043,0,9,548,1,3.798274,1.7509252,1.4964279,2.434128,0.8296483,1.4203861
environment,ban,1242,54.74,0,7,492,2,2.3917236,0.054483432,-2.4007666,0.6468146,-0.4177461,1.5970142
environment,because,1112,45.519,0,7,417,3,-2.5208082,-0.24476022,1.0311437,-3.0100658,1.2618247,-0.08475999
environment,he,1118,45.047,0,7,432,4,-3.3475835,0.034684043,-2.2994752,-2.7646928,-0.82008827,-0.5936299
environment,0,2883,44.327,0,7,375,5,None,None,None,None,None,None
environment,obama,2688,44.104,0,6,455,6,0.27976257,3.138636,-1.8387262,-0.5799885,0.5127698,1.6562415
environment,his,1415,43.705,0,6,435,7,-3.1757402,0.26838,-1.580215,-2.9064577,0.89347196,-0.6014442
environment,said,1243,43.003,0,8,405,8,-2.493318,-0.15094912,-0.5425698,-2.4672892,0.8450468,-1.0224626
environment,fracking,2919,41.903,0,7,397,9,4.0753036,1.3533584,0.4512437,2.2850294,1.0096496,1.640272
environment,companies,1617,41.376,0,7,371,10,2.11129,0.6078413,2.903086,0.64332163,2.1010702,3.1401756
environment,xl,1116,41.24,0,8,360,11,2.4098675,-4.286916,-2.2787814,1.4964678,-1.5235194,0.7359073
environment,bill,1717,40.143,0,5,382,12,1.5267327,1.7455218,-1.5890112,-0.12882207,0.5230514,1.3868606
environment,amp,4471,39.987,0,5,389,13,1.2760351,-3.3884203,0.39690173,0.9878386,-0.66699624,-0.14500606
environment,fossil,1549,39.966,0,8,397,14,3.8790624,-1.6185132,0.8016367,2.3136096,0.812388,0.009941359
environment,state,2545,39.815,0,7,342,15,0.30223724,1.4929248,-0.8958168,-0.7454629,0.6187696,1.8286747
environment,who,2378,39.719,0,6,340,16,-3.063264,0.07283047,1.2103055,-3.126877,0.843511,-0.12945189
environment,million,2498,39.528,0,7,348,17,0.0048681595,0.49802133,1.1779665,-0.984038,0.5351191,1.3701212
environment,want,1166,39.479,0,4,375,18,-2.5560715,-0.7986636,1.6350896,-3.0542312,0.1142474,-0.14470194
environment,while,1018,39.473,0,5,348,19,-1.8040451,-0.09653137,0.5982122,-2.3084924,1.1693336,-0.08994783
environment,they,3282,39.341,0,6,357,20,-3.094325,-0.43285143,1.72335,-3.5051446,1.4383961,0.38971087
europe,post,1382,57.629,0,6,479,1,0.3521501,-1.2513651,-1.5649565,-0.96799123,-0.9700228,1.1414212
europe,r,2481,57.427,0,6,472,2,1.4329662,-5.5526013,2.7936692,-1.3318741,-2.923924,0.8412996
europe,now,1358,48.972,0,6,339,3,-1.28122,-0.34573367,-0.5866797,-2.8247273,-0.011966664,0.30824298
europe,this,2903,47.987,0,4,385,4,-1.7285033,-0.36448765,-0.962428,-3.423039,0.12052153,0.25829396
europe,years,1461,45.687,0,8,347,5,0.35838655,-0.373305,0.2876138,-2.0438457,0.7118587,0.2206025
europe,so,1071,44.719,0,4,333,6,-1.699208,-0.76658946,-0.37054512,-3.1185777,-0.6882985,-0.21709311
europe,been,1131,44.666,0,8,255,7,-1.2819299,0.39055657,-0.28041324,-2.828824,1.065512,-0.18167289
europe,like,1098,42.311,0,5,304,8,-1.8966906,-0.27661172,-0.4606469,-3.2754328,-0.06366012,-0.74290675
europe,country,2543,41.73,0,11,242,9,1.8884679,1.2096901,1.6310503,-1.3092291,0.4388119,0.6604563
europe,0,1017,41.423,0,9,275,10,None,None,None,None,None,None
europe,just,1059,40.751,0,4,359,11,-2.304681,0.08075051,-0.78346467,-3.5247202,0.3733556,-0.45759273
europe,people,1891,40.217,0,6,301,12,-1.0714586,1.2579632,1.2219998,-3.1653438,1.1312002,0.8718072
europe,who,1683,40.127,0,6,259,13,-1.2951977,0.25811508,0.43153015,-3.126877,0.843511,-0.12945189
europe,romania,1002,39.213,0,10,250,14,4.8988047,-0.78536046,-2.3953023,1.6671984,-0.11633667,0.23211834
europe,most,1370,38.725,0,7,276,15,-0.29946285,1.2502356,1.3934274,-2.3899105,0.99787456,0.7540966
europe,countries,1622,38.422,0,7,282,16,3.5546842,2.5347729,2.757097,0.19855517,1.7594204,2.1125717
europe,from,6472,37.389,0,6,254,17,-0.6588636,-0.14563338,-1.32404,-2.6115398,0.27107444,0.51758957
europe,parliament,1629,36.932,0,7,255,18,4.5480275,0.93348116,-1.9915655,1.4098994,1.5863297,1.6867492
europe,some,1082,36.641,0,5,289,19,-1.7962644,0.8821542,-0.46664262,-2.936425,0.5602152,0.024037298
europe,they,1290,36.093,0,5,297,20,-1.7200134,1.0639675,0.6702985,-3.5051446,1.4383961,0.38971087
facepalm,that,1699,124.021,0,7,1342,1,1.3999759,1.1312559,-0.57223946,-3.7552161,0.8998972,-0.031067893
facepalm,x,1496,119.346,0,6,1549,2,-4.469324,-0.62127537,-0.27152455,-1.1175205,-3.2103586,-0.32081115
facepalm,there,1112,116.464,0,4,1656,3,0.7411259,1.2698332,-0.15658587,-3.191409,0.9392001,0.11138632
facepalm,she,3570,113.868,0,5,1347,4,1.5807432,-0.8335819,-1.3417277,-3.4891548,0.56836784,-1.3699143
facepalm,her,2938,113.018,0,5,1347,5,2.1016498,-4.090742,-1.8143712,-3.1888888,0.1947253,-1.2958006
facepalm,stupid,1129,110.009,0,4,1243,6,0.81982267,1.1863071,0.8054942,-2.1439688,0.83523303,-0.46879223
facepalm,never,1161,108.754,0,5,1025,7,0.23995139,1.4861387,-0.6828867,-3.041413,0.4030866,-0.54474926
facepalm,posted,1384,107.681,0,4,1260,8,-0.31476936,-0.96517855,3.837331,-0.64646083,0.61557055,0.024328746
facepalm,how,3431,106.158,0,5,1266,9,0.9549266,0.62346005,0.18500243,-3.1789849,0.71929175,0.18375136
facepalm,his,2198,104.961,0,3,1254,10,1.8759569,-2.4824119,-0.9899142,-2.9064577,0.89347196,-0.6014442
facepalm,got,1591,104.458,0,3,1171,11,0.8725442,-0.121359564,0.027416868,-2.9497821,0.37691778,-0.89768565
facepalm,can't,1501,102.621,0,5,1179,12,None,None,None,None,None,None
facepalm,when,2144,102.467,0,2,1215,13,1.4596921,0.91894585,-0.45268437,-3.621951,1.0671849,-0.3380017
facepalm,you're,1203,100.22,0,4,1119,14,None,None,None,None,None,None
facepalm,wrong,1154,99.903,0,3,1068,15,0.9262797,1.3364613,0.81743383,-2.3376236,1.1140901,-0.40552422
facepalm,no,2918,97.114,0,4,882,16,-3.4739225,2.5292816,-2.9462907,-1.9434946,-2.7007306,0.513746
facepalm,r,2234,96.497,0,4,960,17,-4.6845098,-2.3709173,-0.39037085,-1.3318741,-2.923924,0.8412996
facepalm,post,3356,96.487,0,4,1042,18,-1.7757571,-0.5152471,2.8358126,-0.96799123,-0.9700228,1.1414212
facepalm,apparently,1060,96.286,0,5,1068,19,0.83158463,0.6650439,1.6212932,-1.0711832,1.7622671,-0.3574869
facepalm,it,2678,95.826,0,4,1159,20,0.91402835,0.8539862,-0.51118875,-3.6389697,0.21471155,0.22040805
fashion,my,2246,6.358,0,1,60,1,-0.19798808,0.25180328,-1.8656447,-3.730388,-0.22782871,-0.46035725
fashion,i,3714,6.271,0,1,52,2,-0.84290594,0.30051547,0.26602224,-3.6094012,-1.000925,-0.32947692
fashion,do,1366,6.125,0,1,47,3,-3.703442,0.8845909,3.368747,-2.8769507,-1.2141902,0.4546584
fashion,these,1017,5.556,0,1,46,4,0.74683774,1.8655771,0.09302479,-2.736071,1.192778,0.26037702
fashion,this,3873,5.03,0,1,47,5,0.58854276,0.42029,-0.8881665,-3.423039,0.12052153,0.25829396
fashion,that,1540,4.944,0,1,50,6,0.59652084,0.89921975,-0.28552547,-3.7552161,0.8998972,-0.031067893
fashion,find,1163,4.679,0,1,39,7,0.07267959,-0.6257823,1.3426102,-2.2997594,0.73031807,0.23174784
fashion,an,1014,4.629,0,1,44,8,1.9133996,-4.577978,0.61467266,-2.1368263,-0.7357933,0.54226786
fashion,what,2616,4.592,0,1,39,9,0.13113457,1.0023147,0.22978698,-3.2040205,0.28209987,-0.0018237375
fashion,it,2159,4.487,0,1,36,10,0.70767796,0.15947595,-0.16865686,-3.6389697,0.21471155,0.22040805
fashion,is,3867,4.38,0,1,40,11,1.081179,0.16877957,-1.4075605,-3.179791,-0.04706385,0.24855019
fashion,love,1137,4.359,0,1,37,12,-1.0152857,0.36266774,-1.1101389,-2.9468522,-1.0227941,-1.0167005
fashion,can,1636,4.318,0,1,34,13,0.86607933,-0.41022527,1.9055308,-3.0683029,0.2907768,0.2961294
fashion,out,1538,4.254,0,1,30,14,0.883088,0.03695819,-0.29992923,-2.968627,0.12615682,0.17456675
fashion,are,1925,4.245,0,1,40,15,0.86719745,1.7417929,0.5594539,-3.1324968,0.5529448,0.6463594
fashion,like,1237,4.239,0,1,28,16,0.093031056,0.52211934,-0.2783204,-3.2754328,-0.06366012,-0.74290675
fashion,me,1152,4.214,0,1,43,17,-4.8226347,-1.973016,-2.0356786,-2.815495,-2.5236044,-0.39501652
fashion,one,1067,4.091,0,1,47,18,-0.38212162,-0.6636332,0.30258474,-2.7863765,-0.7878009,0.0035640583
fashion,from,2903,4.078,0,1,35,19,0.877712,0.44438747,-1.7320058,-2.6115398,0.27107444,0.51758957
fashion,be,1172,3.947,0,1,35,20,1.5392996,-0.8098553,1.3891958,-3.2174866,0.08383241,0.17779635
feedthebeast,so,1241,20.829,0,5,138,1,-0.31600145,-1.0505263,2.1587615,-3.1185777,-0.6882985,-0.21709311
feedthebeast,your,1001,17.525,0,6,116,2,-0.94715005,1.7841052,-0.75596887,-3.7252882,0.5087585,0.337032
feedthebeast,you,2593,16.461,0,4,118,3,-1.3696686,0.9854603,1.4894211,-4.033075,-0.037475616,-0.28735858
feedthebeast,new,1989,16.375,0,3,115,4,1.050786,-0.02188449,-2.068223,-1.9311304,-0.70225275,1.158011
feedthebeast,this,3258,16.249,0,3,117,5,-0.5903621,0.20383428,-0.25175795,-3.423039,0.12052153,0.25829396
feedthebeast,my,4802,16.196,0,3,115,6,-0.4112024,1.4464487,-0.23938146,-3.730388,-0.22782871,-0.46035725
feedthebeast,minecraft,1058,16.115,0,2,134,7,7.7839727,1.1236306,0.9268153,1.4428638,-1.6263528,0.41033673
feedthebeast,of,5340,15.641,0,3,117,8,0.037887238,1.1320151,-2.3214612,-2.9982007,0.07186476,1.1668499
feedthebeast,i,7427,15.153,0,3,119,9,-0.4775089,0.1448518,2.7034767,-3.6094012,-1.000925,-0.32947692
feedthebeast,an,1549,14.752,0,3,104,10,0.40380907,-3.7374136,-1.5182424,-2.1368263,-0.7357933,0.54226786
feedthebeast,that,1774,14.593,0,3,117,11,-1.3763785,0.55686504,0.36342508,-3.7552161,0.8998972,-0.031067893
feedthebeast,it,2469,14.516,0,3,111,12,-0.88985896,0.23881212,0.65890974,-3.6389697,0.21471155,0.22040805
feedthebeast,be,1100,14.357,0,3,105,13,-1.0052751,-1.4754647,0.3071511,-3.2174866,0.08383241,0.17779635
feedthebeast,out,1221,13.929,0,3,108,14,-0.3445168,0.35542953,-0.48433605,-2.968627,0.12615682,0.17456675
feedthebeast,a,10437,13.532,0,3,110,15,0.63551044,-4.007518,0.19145562,-2.4333866,-2.5444493,0.38082778
feedthebeast,0,1075,13.493,0,3,102,16,None,None,None,None,None,None
feedthebeast,have,1496,13.163,0,3,101,17,-0.8356087,0.47219166,0.73014283,-3.513116,0.79508233,0.23116368
feedthebeast,the,10053,13.142,0,3,104,18,-0.36425766,0.8521716,-1.5720073,-3.2426047,-0.24358808,0.80810684
feedthebeast,and,5592,13.098,0,3,95,19,-1.0341583,0.87163967,0.11971199,-3.4310362,0.294699,0.15188493
feedthebeast,some,1357,13.043,0,3,103,20,0.049983334,0.12535045,-0.43789077,-2.936425,0.5602152,0.024037298
ffxiv,guide,1188,32.053,0,2,235,1,2.5869186,1.6873174,0.07862323,0.1208105,0.15432441,1.6482441
ffxiv,by,1040,23.874,0,1,219,2,-0.719164,0.2896785,2.6567228,-1.9502953,-0.116353825,0.59982204
ffxiv,was,1925,20.981,0,0,181,3,-2.0148983,-0.3006134,0.053268205,-3.1935225,0.4661826,-0.7393948
ffxiv,fantasy,1714,20.861,0,1,175,4,3.6439898,0.011947529,0.38632688,0.26951024,-0.53583163,-0.19566265
ffxiv,xiv,1601,20.695,0,1,191,5,6.03738,-0.6796061,1.9445461,3.059661,-0.70267993,-0.4147135
ffxiv,patch,1448,20.477,0,1,227,6,3.3800197,3.214467,-2.1592731,1.0440265,-0.7935854,-0.11265742
ffxiv,friend,1086,20.301,0,1,203,7,-0.85993665,1.7228103,-0.16533224,-2.352772,0.0680445,-1.1581174
ffxiv,all,2807,19.655,0,1,182,8,-1.6472118,-0.23817755,-0.4164132,-3.2166746,-0.068885975,0.47858277
ffxiv,final,2107,19.331,0,1,169,9,2.9037654,-4.1557255,-2.4296827,-0.26140067,-2.976521,0.8942176
ffxiv,we,1964,18.831,0,0,161,10,-1.704035,-0.93859243,-0.52467674,-2.914085,-0.52950966,0.6924777
ffxiv,my,8494,17.533,0,0,178,11,-1.8674861,1.0491357,-0.08901238,-3.730388,-0.22782871,-0.46035725
ffxiv,like,2313,17.401,0,1,164,12,-2.0066168,0.75647146,-0.3660523,-3.2754328,-0.06366012,-0.74290675
ffxiv,don't,1359,17.176,0,0,158,13,None,None,None,None,None,None
ffxiv,so,4279,16.925,0,0,164,14,-1.953528,-0.56224793,-2.0756707,-3.1185777,-0.6882985,-0.21709311
ffxiv,5,1018,16.92,0,1,143,15,None,None,None,None,None,None
ffxiv,at,2954,16.111,0,1,147,16,-1.3979945,-1.1350563,2.4664943,-2.569361,-0.56025684,0.48392066
ffxiv,2,3839,15.882,0,1,145,17,None,None,None,None,None,None
ffxiv,this,8844,15.419,0,0,153,18,-1.8469094,0.06301852,-0.4923456,-3.423039,0.12052153,0.25829396
ffxiv,of,13000,15.314,0,1,142,19,-1.1008439,-0.68353826,1.517769,-2.9982007,0.07186476,1.1668499
ffxiv,see,1093,15.149,0,1,145,20,-1.4334496,-0.10128864,-0.38528934,-2.790912,-0.09916603,-0.14715068
finance,that,1786,5.269,0,1,41,1,-1.7004789,0.95017207,-0.32476887,-3.7552161,0.8998972,-0.031067893
finance,this,1548,4.941,0,1,46,2,-0.9370656,0.5698378,0.18566388,-3.423039,0.12052153,0.25829396
finance,s,1358,4.814,0,1,36,3,2.8472943,-2.5387316,-1.1959268,-0.96438384,-3.238136,0.82378256
finance,why,1592,4.436,0,1,41,4,-0.78030556,1.5637559,-0.76779073,-2.7720356,0.5529339,-0.0028814145
finance,as,1238,4.36,0,1,37,5,1.3497254,-1.9532002,-2.4776528,-2.2781217,-0.95820844,0.87362534
finance,it,1985,4.326,0,1,36,6,-1.3075143,0.2842208,-0.20687442,-3.6389697,0.21471155,0.22040805
finance,the,13021,4.085,0,1,32,7,-1.0589241,-0.61080694,0.83004487,-3.2426047,-0.24358808,0.80810684
finance,at,2051,3.932,0,1,32,8,0.7166116,-0.8980902,2.7574794,-2.569361,-0.56025684,0.48392066
finance,finance,4825,3.851,0,1,32,9,5.8945994,3.7006063,-0.12626515,1.269752,0.5452274,2.8569448
finance,have,1475,3.793,0,1,29,10,-1.3766948,0.82122153,-0.711841,-3.513116,0.79508233,0.23116368
finance,from,2344,3.793,0,1,30,11,-0.19545631,0.112266615,2.2643206,-2.6115398,0.27107444,0.51758957
finance,what,3686,3.726,0,1,28,12,-1.3653448,1.1996323,-0.77662396,-3.2040205,0.28209987,-0.0018237375
finance,are,2563,3.682,0,1,31,13,-1.4545265,0.79139066,-0.88039386,-3.1324968,0.5529448,0.6463594
finance,is,4646,3.661,0,1,31,14,-1.1537699,0.99657065,-0.57171106,-3.179791,-0.04706385,0.24855019
finance,by,1573,3.658,0,1,34,15,0.6627412,-0.3757587,3.2054942,-1.9502953,-0.116353825,0.59982204
finance,an,2338,3.637,0,1,32,16,1.1231046,-2.2566888,-1.1216197,-2.1368263,-0.7357933,0.54226786
finance,good,1012,3.542,0,1,28,17,-0.39079258,0.25838494,-0.92486364,-2.9332032,-0.30683005,-0.26410672
finance,i,3340,3.511,0,1,26,18,-1.0251834,-0.55291873,0.5542058,-3.6094012,-1.000925,-0.32947692
finance,be,1529,3.491,0,1,32,19,-0.49597138,-0.4672704,-0.6690569,-3.2174866,0.08383241,0.17779635
finance,on,5064,3.479,0,1,26,20,0.64794743,-1.5945941,0.95818025,-2.7134001,-0.83771306,0.9725021
food,birthday,1978,125.408,0,5,1565,1,-1.1962134,-3.4740114,1.6192676,-2.0543482,-1.1845433,-1.8526753
food,here,1221,103.543,0,3,1253,2,-1.3033776,0.5415803,0.64781564,-2.6188154,0.12210431,0.24904615
food,morning,1036,100.476,0,6,1196,3,-1.6308893,-0.98000693,2.6386073,-2.198765,-0.34736747,-0.42632335
food,lobster,1097,91.439,0,3,1045,4,4.2287483,-0.19379513,-0.059073012,1.2326481,0.835661,-1.6087034
food,every,1058,91.428,0,1,1145,5,-1.4991057,0.8976887,0.43361974,-2.7683692,0.9118755,0.17137478
food,friend,1336,90.808,0,2,1324,6,-1.2402865,-0.7659546,0.84542316,-2.352772,0.0680445,-1.1581174
food,scratch,1043,88.616,0,8,986,7,2.1237788,1.1602696,0.05915393,0.31288424,0.5346717,-0.7858892
food,work,1452,87.456,0,3,996,8,-1.3641458,0.94866997,1.0488621,-2.564885,0.5630508,0.6730019
food,made,15367,86.477,0,6,856,9,-0.56285626,1.4224732,-0.56495297,-2.28509,0.5075963,-0.4901376
food,my,24298,85.282,0,3,898,10,-2.1038134,0.3149912,0.6158093,-3.730388,-0.22782871,-0.46035725
food,was,4265,83.996,0,4,876,11,-2.2359846,2.347456,-1.6786733,-3.1935225,0.4661826,-0.7393948
food,last,2178,81.259,0,5,888,12,-1.6481975,0.51923555,-0.64257276,-2.4523034,-0.095323265,-0.17974901
food,night,2275,81.082,0,6,957,13,-1.637671,-0.7921453,1.0709473,-2.4922626,-0.66206264,-0.68668205
food,x,1962,80.557,0,4,689,14,-1.0273235,-3.3751183,-4.134033,-1.1175205,-3.2103586,-0.32081115
food,cheddar,1229,78.861,0,7,702,15,5.534974,0.07170098,-0.46357024,1.6483173,0.21274182,-1.4345888
food,had,3112,77.424,0,4,795,16,-1.5148817,2.3061419,-1.4128044,-2.871008,0.79366267,-0.7124806
food,sushi,1952,76.332,0,1,834,17,3.2408502,-1.3988813,-0.05342548,0.4321165,-1.5303302,-1.284904
food,post,2916,74.104,0,2,543,18,-0.3433049,-0.7851326,-0.99162126,-0.96799123,-0.9700228,1.1414212
food,i've,2157,73.434,0,4,856,19,None,None,None,None,None,None
food,cinnamon,1189,72.835,0,2,726,20,4.179698,1.2348373,1.0212203,0.95357186,0.75848746,-1.4404546
forhire,is,1019,7.026,0,3,47,1,-0.04921056,1.8112804,-0.9111002,-3.179791,-0.04706385,0.24855019
forhire,me,1458,6.996,0,2,42,2,-2.76677,-2.8253589,-3.1245904,-2.815495,-2.5236044,-0.39501652
forhire,the,2800,6.867,0,3,41,3,-0.2754482,1.9882894,-0.5798394,-3.2426047,-0.24358808,0.80810684
forhire,i,3148,6.846,0,2,44,4,-1.044875,0.04996731,0.3325112,-3.6094012,-1.000925,-0.32947692
forhire,you,2135,6.399,0,2,42,5,-1.5389184,0.5722381,1.1764352,-4.033075,-0.037475616,-0.28735858
forhire,my,1953,6.113,0,2,41,6,-0.5227149,1.2760872,-0.17266652,-3.730388,-0.22782871,-0.46035725
forhire,do,1053,5.883,0,2,39,7,-2.3783197,-3.0950537,1.4057891,-2.8769507,-1.2141902,0.4546584
forhire,make,1199,5.782,0,2,32,8,-0.46895403,-0.6246951,2.0049882,-2.8032298,0.14797789,0.20531139
forhire,job,1870,5.742,0,3,30,9,2.8989165,-1.5358527,0.5599778,-1.4766713,0.04665172,1.4842694
forhire,will,1503,5.576,0,2,37,10,-0.30275315,0.10411408,1.4684141,-2.8572311,0.3906718,0.7284385
forhire,of,3883,5.312,0,2,29,11,0.4437988,2.3308344,-1.4774574,-2.9982007,0.07186476,1.1668499
forhire,can,1639,5.26,0,2,31,12,-0.4890367,0.056687612,2.1874027,-3.0683029,0.2907768,0.2961294
forhire,from,1293,5.162,0,2,27,13,0.34892526,1.7448249,-0.6846799,-2.6115398,0.27107444,0.51758957
forhire,entry,1063,5.112,0,3,18,14,5.2749734,-1.8667781,0.47941756,0.56637394,0.17365597,1.5612776
forhire,a,9898,4.975,0,2,24,15,-1.2045515,-2.4903042,-2.2986662,-2.4333866,-2.5444493,0.38082778
forhire,your,2144,4.883,0,2,27,16,-0.31143913,1.5521609,1.2358519,-3.7252882,0.5087585,0.337032
forhire,in,8917,4.866,0,3,21,17,0.4373819,2.2027543,-1.9269186,-2.8785682,-0.5683023,1.1003566
forhire,to,9644,4.857,0,2,24,18,-1.2891985,-0.87663186,0.5727949,-3.2859278,-0.35538822,1.1889808
forhire,level,1139,4.841,0,3,17,19,3.763524,-1.2417245,-1.2064971,-0.46424207,-0.49352854,1.06208
forhire,it,1399,4.729,0,3,23,20,-0.52532744,0.8671605,0.9588311,-3.6389697,0.21471155,0.22040805
formula1,today,1347,73.481,0,14,488,1,-1.8851391,0.4198532,0.31946355,-2.7574947,0.25998557,0.34778124
formula1,my,3171,66.916,0,11,482,2,-3.135814,-0.30423,-0.06550671,-3.730388,-0.22782871,-0.46035725
formula1,his,2962,60.577,0,11,394,3,-2.0453417,1.6044868,1.4633926,-2.9064577,0.89347196,-0.6014442
formula1,williams,1458,51.846,0,10,407,4,2.1109316,0.930406,0.7990152,0.35837412,-0.6359878,-0.9472395
formula1,kimi,1962,51.565,0,6,384,5,4.2132444,1.7991124,-2.1678832,1.7176049,-1.302544,-0.8421889
formula1,mark,1072,51.547,0,9,400,6,0.96897966,0.3122599,1.7255405,-0.3415961,-0.5034846,0.116672486
formula1,this,7638,50.562,0,6,389,7,-2.6452236,0.18421715,-0.25305182,-3.423039,0.12052153,0.25829396
formula1,i,6849,49.89,0,6,372,8,-2.4499853,-1.1318796,-2.928345,-3.6094012,-1.000925,-0.32947692
formula1,me,1581,49.83,0,6,398,9,-1.1433246,-5.203447,1.1540442,-2.815495,-2.5236044,-0.39501652
formula1,lotus,1926,49.722,0,10,362,10,3.4873295,1.3916285,-0.91398954,1.8257425,-0.533122,-0.6512995
formula1,years,1088,49.453,0,9,344,11,-1.1295261,1.4921087,1.0295229,-2.0438457,0.7118587,0.2206025
formula1,massa,1050,49.116,0,9,428,12,4.1969275,-1.8048544,-2.7192545,1.8004123,-2.3698325,0.20392902
formula1,just,2297,49.076,0,6,363,13,-2.537567,-0.041379273,-1.3832941,-3.5247202,0.3733556,-0.45759273
formula1,when,1388,48.984,0,7,380,14,-2.7322407,-0.16469729,-0.4755684,-3.621951,1.0671849,-0.3380017
formula1,monaco,1823,48.957,0,8,361,15,3.9244368,1.0644413,1.2398604,1.6702493,-1.1966918,-0.11577169
formula1,fernando,1063,48.819,0,8,340,16,3.7322764,-1.2816784,1.476396,1.1546595,-1.9277632,-0.33584175
formula1,from,5154,48.34,0,8,363,17,-2.0195968,0.55872643,0.39173263,-2.6115398,0.27107444,0.51758957
formula1,last,1342,48.334,0,8,349,18,-1.598208,1.168229,0.110618144,-2.4523034,-0.095323265,-0.17974901
formula1,nico,1158,47.553,0,4,404,19,3.2195396,-1.7428222,1.2548703,1.431701,-2.236128,-0.93784
formula1,was,2920,47.342,0,8,351,20,-2.5316942,0.74951816,-0.057563294,-3.1935225,0.4661826,-0.7393948
funny,fianc,1192,169.877,0,2,2285,1,None,None,None,None,None,None
funny,arrived,1581,168.689,0,1,2313,2,2.1027381,0.24734579,1.3960718,-0.15892458,0.5864989,-0.1872444
funny,homer,1657,164.034,0,1,2368,3,-2.7838047,0.9030513,0.25144625,1.6223805,-0.3571457,-1.2148945
funny,calvin,1119,163.171,0,2,2108,4,0.43850395,1.1478661,-0.8403723,0.85868716,-0.61197937,-1.3230017
funny,son,1364,162.639,0,2,2397,5,-2.973941,-5.367172,-1.1743499,-0.7320886,-2.7320874,-0.6120671
funny,simpsons,3546,158.397,0,1,2172,6,-3.9291556,0.17781126,1.2701011,1.3817476,-1.1808561,-1.1771638
funny,yearbook,2396,157.135,0,2,2084,7,0.32932788,0.18173254,2.3856826,1.0115694,0.40012604,-0.7237937
funny,struggle,1713,154.338,0,1,2518,8,1.6190001,-0.69255656,-1.3252839,-0.8745479,1.2073985,0.02218624
funny,cosplay,1397,152.127,0,1,2488,9,-1.5539038,0.47512817,1.1722957,1.6373341,-1.3910275,-1.0236526
funny,wore,1766,150.231,0,1,2309,10,2.1371748,-0.09374736,2.2129786,-0.3239578,1.2374651,-2.1706007
funny,grandparents,1036,148.631,0,2,2097,11,0.57338214,-1.7473608,1.0828258,0.09894412,1.6865919,-1.360663
funny,smooth,1574,144.895,0,1,2162,12,1.2506998,1.5435725,-2.9641354,0.018378882,0.17729624,-1.0909258
funny,vet,1058,142.416,0,2,2109,13,0.33653829,-1.1745371,-3.6978953,0.7266684,-0.67113984,0.16401114
funny,majestic,2129,142.174,0,2,2116,14,0.050723303,2.0276616,-1.0120139,1.8757519,0.30065617,-1.0663961
funny,colbert,3306,138.527,0,1,2332,15,-1.5806507,3.412659,-1.2612977,2.4146972,0.9668777,-0.40378153
funny,ordered,3399,137.902,0,2,2148,16,2.4001691,-0.08845603,1.3217666,0.017674118,1.5032905,-0.39985976
funny,handed,1775,137.816,0,1,2156,17,2.1086733,0.4617907,-0.6465542,0.23905358,1.6638308,-0.63098043
funny,daughter,8611,137.48,0,1,2047,18,0.61978364,-2.5575814,0.024168981,-1.1851778,1.2682079,-1.8982751
funny,waited,1005,137.426,0,1,2204,19,2.5735936,-0.3084495,0.85154986,-0.28831348,1.4018779,-1.4330301
funny,futurama,1898,137.187,0,1,2139,20,-3.718855,1.4512368,0.9530184,2.3894846,-0.37075835,-1.3907033
futurebeats,album,1910,16.73,0,3,134,1,3.9199183,2.3742654,0.7074156,-1.0127494,-1.6028835,-0.10733312
futurebeats,futurebeats,1056,14.706,0,3,115,2,None,None,None,None,None,None
futurebeats,is,2035,14.384,0,3,121,3,-1.6512413,0.05854176,1.7818592,-3.179791,-0.04706385,0.24855019
futurebeats,just,1062,12.742,0,2,113,4,-1.4974912,0.53124064,-0.25056028,-3.5247202,0.3733556,-0.45759273
futurebeats,live,1094,12.434,0,3,100,5,1.8228266,0.05988248,-0.6865179,-1.5161883,-1.5646782,0.6876678
futurebeats,new,3806,12.408,0,2,94,6,1.0534649,0.9534183,-0.4456568,-1.9311304,-0.70225275,1.158011
futurebeats,and,3315,11.897,0,2,102,7,-2.0155942,0.5726196,-0.031391155,-3.4310362,0.294699,0.15188493
futurebeats,to,3087,11.568,0,2,99,8,-1.5371118,-0.352715,-2.4846056,-3.2859278,-0.35538822,1.1889808
futurebeats,music,1587,11.407,0,2,91,9,2.9934034,1.953071,0.14922997,-1.6774569,-0.88773495,0.49807927
futurebeats,video,1393,11.1,0,3,85,10,3.3543465,0.95875686,-0.9289033,-0.99927104,-2.3009136,0.62200725
futurebeats,of,4717,10.788,0,2,89,11,-1.420698,0.43189546,2.091742,-2.9982007,0.07186476,1.1668499
futurebeats,in,2960,10.672,0,2,81,12,-1.2299984,-0.6286708,2.5950801,-2.8785682,-0.5683023,1.1003566
futurebeats,a,5326,10.611,0,2,88,13,0.56522673,-3.5192454,-2.3707366,-2.4333866,-2.5444493,0.38082778
futurebeats,for,2595,10.566,0,2,87,14,-1.6405749,-0.16137125,-0.48500037,-3.0441322,-0.3696654,1.2194023
futurebeats,this,3035,10.414,0,2,85,15,-1.0420834,0.2961709,-0.21046078,-3.423039,0.12052153,0.25829396
futurebeats,on,2931,10.399,0,2,82,16,-0.5853628,0.15798086,-1.4576001,-2.7134001,-0.83771306,0.9725021
futurebeats,r,1371,10.024,0,2,83,17,3.0611627,-4.7768984,1.9128897,-1.3318741,-2.923924,0.8412996
futurebeats,from,2286,9.935,0,2,76,18,-1.1241559,0.6005388,0.61300474,-2.6115398,0.27107444,0.51758957
futurebeats,it,2139,9.928,0,2,87,19,-1.4483681,0.45709074,-0.13832274,-3.6389697,0.21471155,0.22040805
futurebeats,with,1582,9.836,0,2,74,20,-1.5776738,0.033427984,-0.3614662,-3.0356035,0.23814338,0.09945579
gadgets,into,1398,55.951,0,1,502,1,-0.4631544,-0.1530714,0.63480777,-2.2992327,1.1029599,0.46017256
gadgets,its,1230,50.297,0,1,501,2,-1.08215,0.72230744,0.4720231,-2.8551505,0.5479903,0.5090484
gadgets,that,4514,48.15,0,1,464,3,-2.1313355,0.69644123,0.43943813,-3.7552161,0.8998972,-0.031067893
gadgets,just,1575,47.857,0,1,442,4,-1.9303734,0.6028703,0.6339021,-3.5247202,0.3733556,-0.45759273
gadgets,3d,1120,43.616,0,1,438,5,None,None,None,None,None,None
gadgets,microsoft,1054,40.499,0,1,378,6,4.6558204,-2.3841252,1.0953552,1.4053435,-0.79853916,2.6357322
gadgets,this,4633,35.671,0,1,370,7,-1.7816156,0.46789598,0.15071313,-3.423039,0.12052153,0.25829396
gadgets,computer,1093,34.954,0,1,335,8,3.5177667,1.1504506,1.2111328,-0.4691661,0.13642633,1.4124278
gadgets,make,1262,34.377,0,1,291,9,-1.4458842,-0.35846898,0.7603455,-2.8032298,0.14797789,0.20531139
gadgets,but,1500,33.764,0,1,258,10,-1.8897516,0.64324266,0.24990338,-3.4802496,0.46259698,-0.009232555
gadgets,can,3266,33.562,0,1,315,11,-1.5931126,0.05099873,0.6889446,-3.0683029,0.2907768,0.2961294
gadgets,battery,1101,32.846,0,1,229,12,3.9158506,4.6859627,-3.027494,0.025738984,-0.06002664,0.9603394
gadgets,like,1658,32.729,0,1,299,13,-1.8391131,0.17720751,-0.020396212,-3.2754328,-0.06366012,-0.74290675
gadgets,will,2431,32.621,0,1,267,14,-1.3277473,-0.15418749,0.47204694,-2.8572311,0.3906718,0.7284385
gadgets,it,3888,32.605,0,1,350,15,-1.8935828,0.4009806,0.726027,-3.6389697,0.21471155,0.22040805
gadgets,why,1087,32.33,0,1,316,16,-1.0678535,0.4791996,1.0283732,-2.7720356,0.5529339,-0.0028814145
gadgets,device,1504,32.225,0,1,214,17,4.1504116,0.82832915,0.578653,0.9239149,0.5296738,2.0368783
gadgets,google,2292,32.217,0,1,333,18,3.671035,-3.205577,1.0478616,0.10840304,-1.6534,2.4000084
gadgets,a,18029,32.077,0,1,290,19,-0.6841965,-2.4322848,-3.7821696,-2.4333866,-2.5444493,0.38082778
gadgets,as,1474,31.683,0,1,314,20,-0.78101426,-2.218171,-3.359467,-2.2781217,-0.95820844,0.87362534
gamecollecting,finally,1748,31.73,0,18,136,1,-1.29255,0.33934996,0.791628,-1.7974865,0.69651,-0.4414816
gamecollecting,was,2286,28.469,0,14,147,2,-2.8569822,0.17614713,0.936918,-3.1935225,0.4661826,-0.7393948
gamecollecting,garage,1020,28.255,0,15,136,3,2.5772762,0.09833458,-0.7284845,0.7360753,-0.48500076,0.101418085
gamecollecting,at,5005,28.108,0,14,145,4,-1.262535,0.21445087,-2.829278,-2.569361,-0.56025684,0.48392066
gamecollecting,found,3288,27.725,0,13,150,5,-0.68259317,1.2198138,0.81847554,-1.6166267,1.0226976,-0.38971415
gamecollecting,goodwill,2099,27.519,0,15,131,6,3.7823389,2.7742944,1.2363642,1.8236744,1.171202,-0.42554575
gamecollecting,my,12708,26.586,0,14,139,7,-2.6390593,-0.73761356,-0.58600867,-3.730388,-0.22782871,-0.46035725
gamecollecting,nintendo,1437,26.472,0,9,172,8,3.2245257,-3.6708727,1.7605419,1.4279279,-1.1871264,0.60797685
gamecollecting,got,3610,26.415,0,14,130,9,-2.3814914,0.4853021,0.7833439,-2.9497821,0.37691778,-0.89768565
gamecollecting,store,1787,26.415,0,12,144,10,2.3144238,0.5451763,-1.7359139,-0.583709,-0.6169217,1.0758709
gamecollecting,sale,1836,26.21,0,13,136,11,2.7363074,-0.9002041,-3.4165785,0.04415802,-2.3269362,1.191423
gamecollecting,today,3728,26.178,0,15,130,12,-1.6385828,0.10601135,-1.0333595,-2.7574947,0.25998557,0.34778124
gamecollecting,thrift,1382,26.145,0,13,134,13,3.7435117,3.4828343,0.3536912,1.0966109,0.60027343,-1.0951004
gamecollecting,had,1220,25.403,0,13,136,14,-2.6033683,0.3832329,1.4750372,-2.871008,0.79366267,-0.7124806
gamecollecting,just,2597,25.188,0,11,137,15,-2.5644293,0.054267205,-0.16038527,-3.5247202,0.3733556,-0.45759273
gamecollecting,one,2049,25.126,0,12,135,16,-1.3249005,-0.7919888,-0.66721874,-2.7863765,-0.7878009,0.0035640583
gamecollecting,5,1193,24.63,0,13,115,17,None,None,None,None,None,None
gamecollecting,time,1118,24.544,0,12,131,18,-1.5592235,-0.94484353,-1.0899379,-2.5689878,-0.6856868,0.21413173
gamecollecting,gaming,1052,24.329,0,9,145,19,2.7552795,-3.7731154,1.6430871,1.2265738,-0.37600213,1.3969584
gamecollecting,picked,1376,24.274,0,14,114,20,-0.32794,0.93942475,2.448084,-0.57158107,1.3533992,-1.1113206
gamedev,free,2006,42.665,0,3,395,1,0.9593624,-0.64145863,0.22824474,-1.461445,-0.7716073,1.2995393
gamedev,art,1147,27.758,0,3,240,2,2.244091,-2.1734605,0.6407686,-0.37708622,-0.688241,0.5922759
gamedev,developers,1071,25.574,0,3,252,3,4.7759295,2.9111161,0.22240917,1.7976242,0.95544463,2.400862
gamedev,made,1265,25.404,0,3,220,4,-0.7361718,0.09265218,-0.2932973,-2.28509,0.5075963,-0.4901376
gamedev,use,1491,23.346,0,2,244,5,0.48986927,1.2509854,-2.0568814,-1.638817,0.2510551,1.1932615
gamedev,from,2622,22.542,0,3,193,6,-1.236459,-0.6067433,1.644813,-2.6115398,0.27107444,0.51758957
gamedev,your,3202,22.445,0,4,185,7,-2.297534,0.9083465,0.39561525,-3.7252882,0.5087585,0.337032
gamedev,just,1247,22.411,0,2,194,8,-2.0791352,0.54349434,0.22569066,-3.5247202,0.3733556,-0.45759273
gamedev,2,1153,22.227,0,2,202,9,None,None,None,None,None,None
gamedev,as,1151,21.871,0,3,197,10,-0.84810865,-0.06928791,-4.5293894,-2.2781217,-0.95820844,0.87362534
gamedev,of,7703,21.79,0,3,188,11,-1.5815105,-0.33169103,1.087499,-2.9982007,0.07186476,1.1668499
gamedev,it,2960,20.738,0,2,184,12,-2.1066701,0.65609187,-0.18660793,-3.6389697,0.21471155,0.22040805
gamedev,at,1161,20.585,0,3,195,13,-1.1816053,-0.48024645,1.9379277,-2.569361,-0.56025684,0.48392066
gamedev,that,1741,20.439,0,2,214,14,-2.3146696,0.9762716,-0.096826576,-3.7552161,0.8998972,-0.031067893
gamedev,programming,1178,20.19,0,2,192,15,4.4735885,2.1926582,0.9767542,1.5746057,0.60326505,1.495009
gamedev,you,4869,19.906,0,3,158,16,-2.6119223,0.9578818,0.25050765,-4.033075,-0.037475616,-0.28735858
gamedev,indie,2106,19.871,0,3,162,17,3.9753008,-0.8956017,-0.1454848,0.8972383,-0.8281415,0.5204642
gamedev,post,1275,19.855,0,3,167,18,1.1415443,-1.9834307,-0.6336624,-0.96799123,-0.9700228,1.1414212
gamedev,and,7710,19.848,0,2,175,19,-2.0141356,0.7911058,0.5714162,-3.4310362,0.294699,0.15188493
gamedev,video,1496,19.606,0,3,153,20,0.9482291,-4.0986853,-0.2394953,-0.99927104,-2.3009136,0.62200725
gamegrumps,barry,1588,86.559,0,12,602,1,2.222641,-2.9209015,-0.7499368,0.92991936,0.2259618,-1.1774937
gamegrumps,1,1339,85.675,0,19,563,2,None,None,None,None,None,None
gamegrumps,ross,2141,80.453,0,9,629,3,1.3655648,-3.2848303,-1.1051636,-0.11366724,-0.19727783,-1.3679569
gamegrumps,by,1659,75.461,0,12,572,4,-1.9342614,-0.7940111,1.4214704,-1.9502953,-0.116353825,0.59982204
gamegrumps,at,2356,74.522,0,7,570,5,-2.616223,-0.10764453,0.8961332,-2.569361,-0.56025684,0.48392066
gamegrumps,made,2140,74.321,0,13,577,6,-1.3445195,0.33695683,0.4054474,-2.28509,0.5075963,-0.4901376
gamegrumps,his,1120,73.96,0,8,602,7,-2.4695177,-0.0026870908,0.477986,-2.9064577,0.89347196,-0.6014442
gamegrumps,arin,1032,71.731,0,7,571,8,3.6748297,-1.4000274,0.61972564,2.3577752,-0.5870756,-1.9347963
gamegrumps,i'm,1565,71.508,0,5,600,9,None,None,None,None,None,None
gamegrumps,part,5913,71.222,0,50,341,10,-0.2528442,1.335734,-0.48839465,-1.2608324,-0.72060496,0.51944864
gamegrumps,jontron,1268,70.476,0,3,725,11,6.1101475,1.4940083,1.9969107,3.8173401,1.0093683,-1.210898
gamegrumps,pokemon,1089,70.345,0,11,474,12,2.0168376,3.2511783,-1.8320068,0.7088404,-1.2812434,-0.9237376
gamegrumps,as,1244,69.75,0,8,600,13,-2.0743306,0.7135196,-4.263696,-2.2781217,-0.95820844,0.87362534
gamegrumps,it,1290,66.688,0,5,547,14,-2.6768248,0.3441097,0.43404403,-3.6389697,0.21471155,0.22040805
gamegrumps,found,1534,65.738,0,6,477,15,-0.8500648,0.25259957,0.7002386,-1.6166267,1.0226976,-0.38971415
gamegrumps,my,4072,65.519,0,9,492,16,-2.9728906,0.376626,1.0726386,-3.730388,-0.22782871,-0.46035725
gamegrumps,3,1402,65.13,0,21,397,17,None,None,None,None,None,None
gamegrumps,animated,2298,63.325,0,16,446,18,2.5348191,2.578795,0.033092972,1.4601984,0.7615709,-0.5047415
gamegrumps,from,3159,61.371,0,6,460,19,-2.4036655,-0.057116423,1.3577472,-2.6115398,0.27107444,0.51758957
gamegrumps,danny,3666,61.223,0,6,522,20,1.6702988,-2.116308,-0.9762362,0.107070364,-0.953625,-1.5684824
gameofthrones,s3e9,1386,158.402,0,1,1962,1,None,None,None,None,None,None
gameofthrones,s1,1381,130.024,0,3,1647,2,None,None,None,None,None,None
gameofthrones,him,1185,121.001,0,1,1503,3,-2.041348,-0.126912,-0.98851234,-3.1272774,0.7650703,-0.98501414
gameofthrones,art,1255,120.543,0,2,1490,4,4.3322096,1.4285368,-1.9161806,-0.37708622,-0.688241,0.5922759
gameofthrones,s5,10882,119.094,0,2,1561,5,None,None,None,None,None,None
gameofthrones,never,1213,118.424,0,1,1626,6,-0.5124551,-0.2657323,1.9668038,-3.041413,0.4030866,-0.54474926
gameofthrones,s4,2190,117.939,0,2,1768,7,None,None,None,None,None,None
gameofthrones,his,3120,115.93,0,1,1480,8,-2.5463362,0.6157137,-3.2448015,-2.9064577,0.89347196,-0.6014442
gameofthrones,e9,1551,114.298,0,1,1429,9,None,None,None,None,None,None
gameofthrones,picture,1016,114.162,0,1,1354,10,1.4692802,1.9381605,-0.032164093,-1.9575729,0.3887631,-1.0706995
gameofthrones,she,1075,113.613,0,1,1429,11,-1.5525374,-0.43806407,0.746365,-3.4891548,0.56836784,-1.3699143
gameofthrones,x,2057,112.495,0,1,1397,12,3.5265203,-4.412313,-0.37955904,-1.1175205,-3.2103586,-0.32081115
gameofthrones,friend,2060,112.34,0,1,1625,13,0.074168086,0.7058429,1.6601721,-2.352772,0.0680445,-1.1581174
gameofthrones,very,1033,111.918,0,1,1726,14,0.7633745,0.7102614,0.284969,-2.2591443,0.35278362,-0.050373945
gameofthrones,he,2724,111.036,0,1,1626,15,-2.3891277,-2.6870143,-1.0557541,-2.7646928,-0.82008827,-0.5936299
gameofthrones,s3,1690,108.905,0,1,1418,16,None,None,None,None,None,None
gameofthrones,my,16220,108.257,0,1,1390,17,-0.13429914,1.2362232,-0.915461,-3.730388,-0.22782871,-0.46035725
gameofthrones,guy,1687,106.587,0,1,1239,18,-0.937358,0.34653482,1.3349059,-2.1731968,0.5513065,-1.1612861
gameofthrones,these,1748,106.423,0,1,1382,19,0.13931419,2.03923,0.9821912,-2.736071,1.192778,0.26037702
gameofthrones,man,1269,105.209,0,1,1364,20,-0.19140488,-1.0904667,1.557028,-2.0789037,-1.2185299,-0.5937323
gameswap,to,2193,3.993,0,1,28,1,-2.2431867,-0.681438,-1.4871304,-3.2859278,-0.35538822,1.1889808
gameswap,i,1185,2.876,0,1,15,2,-2.0981712,-1.1474904,1.7687974,-3.6094012,-1.000925,-0.32947692
gameswap,in,1488,2.815,0,1,10,3,-1.7214574,0.99701846,2.0189924,-2.8785682,-0.5683023,1.1003566
gameswap,a,4249,2.71,0,1,13,4,-1.1585736,-3.2959094,-2.9747577,-2.4333866,-2.5444493,0.38082778
gameswap,have,2173,2.661,0,2,9,5,-1.9125425,0.24253312,0.6069972,-3.513116,0.79508233,0.23116368
gameswap,with,2497,2.614,0,1,9,6,-1.8154056,0.046141777,0.05378438,-3.0356035,0.23814338,0.09945579
gameswap,new,3121,2.562,0,2,7,7,-0.6874477,0.2743592,-1.3552763,-1.9311304,-0.70225275,1.158011
gameswap,can,2414,2.497,0,2,7,8,-1.582792,0.2750347,0.20501927,-3.0683029,0.2907768,0.2961294
gameswap,time,1152,2.401,0,2,7,9,-0.92463475,-1.1344008,-0.44187927,-2.5689878,-0.6856868,0.21413173
gameswap,all,2878,2.393,0,2,7,10,-1.5303949,0.8406945,1.1303341,-3.2166746,-0.068885975,0.47858277
gameswap,want,1857,2.382,0,2,7,11,-1.5917037,-0.1334966,1.2839694,-3.0542312,0.1142474,-0.14470194
gameswap,more,3466,2.353,0,2,7,12,-1.3063517,0.5856634,-0.63211507,-2.698736,0.15690249,0.9707182
gameswap,psp,2308,2.333,0,2,7,13,4.9112897,-1.5873574,0.6061754,2.1602602,-1.6548342,0.06877053
gameswap,list,8884,2.323,0,2,7,14,0.336492,1.2645633,-1.220274,-0.93048215,-0.05145143,1.1978829
gameswap,systems,1173,2.311,0,2,7,15,3.1663153,3.9810388,-2.204025,1.5425775,0.8614436,2.7089555
gameswap,the,7517,2.297,0,1,7,16,-1.8512044,0.09260886,0.34515718,-3.2426047,-0.24358808,0.80810684
gameswap,inside,5586,2.297,0,2,7,17,0.27369574,0.98167586,0.8619356,-1.2776518,0.7090104,-0.048781943
gameswap,snes,4107,2.295,0,2,7,18,5.7746,-0.7337952,0.75061435,2.9268534,-0.6717497,-0.79110956
gameswap,ps2,5313,2.29,0,2,7,19,None,None,None,None,None,None
gameswap,gba,4276,2.286,0,2,7,20,5.961468,-0.8674444,0.6836824,2.8637083,-1.2086896,-0.24173915
gaming,logic,5847,216.974,0,1,2229,1,1.5093338,1.773942,1.3309151,0.499288,0.60785437,0.11669856
gaming,cosplay,3929,183.099,0,1,1952,2,2.2387996,0.8361085,-2.6831799,1.6373341,-1.3910275,-1.0236526
gaming,painted,1614,156.636,0,3,1717,3,2.142473,-3.3956945,1.6392224,0.7893868,1.4831175,-1.664438
gaming,painting,1713,151.483,0,1,1814,4,2.2361758,-2.9272323,0.77644277,0.3374571,0.91081065,-0.59936064
gaming,gif,1758,147.69,0,1,1832,5,2.1620717,1.9373268,-2.82153,0.5087607,-1.5573933,-0.7032857
gaming,dad,2859,138.13,0,1,1831,6,-2.7202272,0.3579571,0.7385325,-2.010817,0.45103785,-1.5617516
gaming,wife,3084,135.634,0,1,1790,7,-2.337557,0.13589574,1.0058187,-1.4575951,0.8743942,-1.3490343
gaming,local,4546,133.979,0,1,1773,8,0.36355206,-1.0552031,-1.5080602,-0.044351976,-0.61920595,2.3255057
gaming,asked,2872,120.553,0,1,1642,9,-1.9003407,-0.23117356,0.7773527,-1.6473709,1.5285612,-0.9740044
gaming,sister,1969,119.806,0,1,1453,10,-3.0279508,0.22518396,0.3881902,-1.9387361,0.064952925,-1.9034742
gaming,she,5088,117.429,0,1,1588,11,-2.9698865,0.35516807,1.346262,-3.4891548,0.56836784,-1.3699143
gaming,sent,2485,115.827,0,1,1548,12,-1.2721796,-0.21238151,-1.1121651,-1.04706,-0.0662351,-0.3128012
gaming,quote,1580,115.273,0,1,1631,13,1.2978904,1.9732577,-0.04683771,-0.6706332,-0.08592797,-0.5240579
gaming,mom,2434,111.364,0,1,1649,14,-3.289783,0.7077746,0.8596906,-2.4358513,0.32242885,-1.5319763
gaming,birthday,6699,111.029,0,1,1522,15,-2.8520944,0.9397812,-1.8342355,-2.0543482,-1.1845433,-1.8526753
gaming,arrived,1082,110.279,0,1,1399,16,-0.24088068,-2.0811865,-1.8533844,-0.15892458,0.5864989,-0.1872444
gaming,realistic,2387,108.103,0,1,1733,17,3.4532604,1.3844125,2.043035,0.84633553,0.94070965,-0.5282469
gaming,built,2268,107.208,0,1,1632,18,1.5717468,-2.0196311,1.844986,0.0678786,1.6117593,0.5531782
gaming,spotted,1266,106.816,0,1,1436,19,0.72780323,-1.9988916,-2.2210956,0.71478343,0.30831686,-0.7491358
gaming,accurate,1447,105.356,0,1,1456,20,2.907793,3.2945848,1.3300424,0.35084525,1.3422052,-0.06423428
gardening,was,1382,53.457,0,9,463,1,-1.6406014,0.10830259,-2.2118201,-3.1935225,0.4661826,-0.7393948
gardening,year,2208,52.42,0,9,459,2,1.0646126,0.06546994,0.4354247,-2.3330073,0.2867338,0.3811472
gardening,harvest,1740,51.219,1,14,393,3,5.8420753,3.3176663,-1.0716797,1.4902716,0.32307655,0.1199824
gardening,so,2130,46.92,0,8,393,4,-1.0299813,-1.0433328,-2.2162209,-3.1185777,-0.6882985,-0.21709311
gardening,our,1406,43.123,0,8,371,5,0.6515837,0.42145923,2.57619,-2.6149535,0.50715643,1.1347957
gardening,little,1465,43.007,0,7,365,6,0.36841914,0.012679634,-0.16773215,-2.4438357,-0.40357372,-1.0860568
gardening,first,4054,42.35,1,10,334,7,0.37412703,0.7875245,0.49201134,-2.34711,0.2744144,0.23318471
gardening,found,1243,37.962,0,6,307,8,0.20484088,1.0560719,-0.8920623,-1.6166267,1.0226976,-0.38971415
gardening,it,1429,37.951,0,7,347,9,-1.4998385,0.12072112,-0.50545526,-3.6389697,0.21471155,0.22040805
gardening,got,1026,37.795,0,7,313,10,-1.0170246,0.4646484,-0.21507649,-2.9497821,0.37691778,-0.89768565
gardening,when,1228,36.83,0,4,336,11,-1.30191,0.30331117,-0.28478295,-3.621951,1.0671849,-0.3380017
gardening,here,1347,35.932,0,6,248,12,-0.39401394,-0.20804399,0.70168936,-2.6188154,0.12210431,0.24904615
gardening,all,1728,34.061,0,5,280,13,-0.54174864,-0.59881866,1.0652333,-3.2166746,-0.068885975,0.47858277
gardening,but,2281,33.643,0,6,293,14,-1.1947277,0.23024517,-1.1300814,-3.4802496,0.46259698,-0.009232555
gardening,just,2116,32.776,0,6,281,15,-1.4750177,0.27770308,-0.6286951,-3.5247202,0.3733556,-0.45759273
gardening,from,4467,32.704,0,5,300,16,-0.3063239,0.3216009,1.7465434,-2.6115398,0.27107444,0.51758957
gardening,out,2144,31.322,0,5,314,17,-0.69909656,0.08595978,1.0676831,-2.968627,0.12615682,0.17456675
gardening,r,1514,31.111,0,5,277,18,3.6615813,-5.4477487,-0.4019348,-1.3318741,-2.923924,0.8412996
gardening,my,21611,30.877,0,5,262,19,-1.066952,-0.27541846,1.6407639,-3.730388,-0.22782871,-0.46035725
gardening,i'm,1746,30.681,0,5,254,20,None,None,None,None,None,None
geek,my,5302,100.916,0,2,1261,1,0.9028094,0.05535261,-1.1138707,-3.730388,-0.22782871,-0.46035725
geek,was,1611,99.537,0,2,1156,2,1.7233123,-0.5114712,0.5422246,-3.1935225,0.4661826,-0.7393948
geek,this,6876,94.781,0,1,1189,3,1.0608904,0.012189354,-0.046074033,-3.423039,0.12052153,0.25829396
geek,post,1002,89.548,0,2,1096,4,-1.1609787,0.4145086,2.141303,-0.96799123,-0.9700228,1.1414212
geek,it,1142,88.428,0,1,1023,5,1.4804348,0.023488553,-0.41510946,-3.6389697,0.21471155,0.22040805
geek,made,1438,87.37,0,2,1089,6,0.8737761,-0.3829267,0.94687116,-2.28509,0.5075963,-0.4901376
geek,i,8059,86.39,0,1,1074,7,0.29843798,1.3957615,-2.4154892,-3.6094012,-1.000925,-0.32947692
geek,at,2748,86.352,0,1,1101,8,0.834308,2.9637244,-1.0556264,-2.569361,-0.56025684,0.48392066
geek,so,1727,85.139,0,2,1086,9,0.018342545,-0.96265095,-1.0037098,-3.1185777,-0.6882985,-0.21709311
geek,just,1882,82.51,0,1,1063,10,1.7382629,0.39464062,-0.5609757,-3.5247202,0.3733556,-0.45759273
geek,me,2030,81.151,0,1,1008,11,-2.0986984,-4.3044915,-2.45677,-2.815495,-2.5236044,-0.39501652
geek,r,1501,79.665,0,2,1074,12,-4.9184346,2.4199111,-0.57458454,-1.3318741,-2.923924,0.8412996
geek,x,1095,79.374,0,2,1088,13,-4.1628036,-0.47869545,1.238367,-1.1175205,-3.2103586,-0.32081115
geek,when,1295,77.249,0,2,1009,14,1.6740333,0.16605435,-0.65098196,-3.621951,1.0671849,-0.3380017
geek,time,1545,76.332,0,1,977,15,-0.31158033,0.4631822,0.40717563,-2.5689878,-0.6856868,0.21413173
geek,it,4385,73.683,0,1,781,16,1.4804348,0.023488553,-0.41510946,-3.6389697,0.21471155,0.22040805
geek,ever,1153,71.927,0,1,936,17,0.73478997,-0.37984338,1.0293931,-2.7880251,0.3631495,-0.6065687
geek,old,1025,70.581,0,2,852,18,0.6223267,0.6817545,1.9440635,-2.1879292,0.23916592,-0.89891815
geek,i'm,1037,68.577,0,1,881,19,None,None,None,None,None,None
geek,has,1497,65.47,0,2,769,20,0.6907728,-1.9704876,2.0437949,-2.2448533,-0.0649025,0.4776435
general,loss,1409,1.107,1,1,1,1,2.9553452,3.73151,1.3081365,-0.29316655,0.57996124,1.1061387
general,weight,2031,1.077,1,1,1,2,2.6097448,4.5891085,0.45232883,-1.2091392,1.1919379,0.24858174
general,small,1155,1.075,1,1,1,3,0.2021173,0.95440835,-1.5997719,-1.2576894,0.932859,0.59296983
general,right,1384,1.021,1,1,1,4,-1.8138658,0.3651858,-0.31322336,-2.9434712,0.5241887,-0.17900251
general,video,5045,1.02,1,1,1,5,1.3727037,-2.5206552,3.9247787,-0.99927104,-2.3009136,0.62200725
general,we,1044,1.019,1,1,1,7,-1.9068027,-0.7279207,-0.1397275,-2.914085,-0.52950966,0.6924777
general,website,2065,1.019,1,1,1,6,2.5877993,-1.622568,-1.603936,-0.33010587,-0.05625543,2.4424007
general,internet,2920,1.011,1,1,1,8,2.9728568,-3.0070105,-1.6943505,-0.30941406,-1.8817914,2.4370933
general,about,3764,1.007,1,1,1,9,-1.8164865,0.50143385,-0.2619593,-3.0813727,0.75868714,0.34861624
general,and,22334,1.006,1,1,1,11,-2.362984,0.07554251,-0.09855588,-3.4310362,0.294699,0.15188493
general,my,3002,1.006,1,1,1,10,-2.1646154,0.037825175,0.21146181,-3.730388,-0.22782871,-0.46035725
general,have,2169,1.004,1,1,1,12,-2.4629486,0.2588351,-0.84977,-3.513116,0.79508233,0.23116368
general,health,1359,1.003,1,1,1,13,2.1793206,2.487468,-0.47160175,-0.45880175,1.1514066,2.6708288
general,online,6624,1.002,1,1,1,14,3.212481,-3.1913679,-1.2951356,-0.5528194,-1.663725,2.3882015
general,how,16032,1.001,1,1,1,17,-1.596785,0.38908398,-0.37212238,-3.1789849,0.71929175,0.18375136
general,not,2162,1.001,1,1,1,16,-1.8035957,0.10058622,-1.0542032,-3.244656,0.52007806,0.40083283
general,best,6633,1.001,1,1,1,15,-0.7614457,-0.52358735,0.6273717,-2.3450844,-0.89284056,-0.024310216
general,life,2357,1.0,1,1,1,19,-1.4027715,0.20003001,0.66351706,-2.8062446,-0.114754654,-0.030254032
general,live,1411,1.0,1,1,1,18,-7.0451155e-05,-2.0979075,2.5667636,-1.5161883,-1.5646782,0.6876678
general,2013,2742,0.999,1,1,1,20,None,None,None,None,None,None
gifs,water,2120,267.189,0,5,3229,1,2.9210887,2.7906477,2.3136885,-1.272239,0.49561357,0.30577892
gifs,dog,4155,248.677,0,2,3238,2,1.7989035,-0.42659616,-0.9420016,-1.4462063,0.044273164,-1.345277
gifs,jump,1251,239.288,0,3,2996,3,0.48583943,1.5839133,-1.8150904,-0.76760995,-0.08257368,-0.573319
gifs,ball,1605,238.636,0,3,2888,4,-1.2073804,-0.016241709,-0.5535152,-1.1836313,-0.9888729,-0.870087
gifs,trick,1159,236.76,0,4,3028,5,-0.28150666,1.001743,-3.4864872,-0.43624696,0.022379793,-0.63677996
gifs,shit,2272,232.843,0,4,2689,6,1.0083048,-1.8021258,-0.83597386,-2.9900718,-0.09661475,-0.6081196
gifs,playing,1432,222.779,0,2,3150,7,-2.0555294,-1.3088024,0.8406901,-1.6094813,0.02153217,-0.9379351
gifs,doesn't,1190,216.993,0,2,2978,8,None,None,None,None,None,None
gifs,kid,1699,215.246,0,1,2904,9,0.5729856,-1.0598903,-0.59789056,-1.6135466,0.23393753,-1.5120858
gifs,i'll,1176,211.326,0,3,2641,10,None,None,None,None,None,None
gifs,his,4684,208.621,0,1,2912,11,1.0914783,-2.6121964,1.1946993,-2.9064577,0.89347196,-0.6014442
gifs,fuck,3066,206.078,0,5,2459,12,0.5076476,-1.9032243,-0.83569616,-2.6575449,-0.41933048,-0.7493952
gifs,motion,1510,204.853,0,8,2713,13,-0.38850603,2.7133737,-1.8771182,0.7788071,-0.03882762,0.7358168
gifs,two,1712,202.413,0,2,2653,14,0.4460225,-0.97789985,1.0055952,-2.1536121,0.6572427,0.13041157
gifs,10,1022,201.174,0,1,3160,15,None,None,None,None,None,None
gifs,play,1428,199.387,0,2,2585,16,-2.7159433,-1.2050729,0.171264,-1.6827856,-1.1681732,-0.103729375
gifs,vs,2634,198.175,0,2,2520,17,-4.6995955,1.9653592,1.7564484,0.29326716,-2.429432,0.34330934
gifs,close,1254,197.152,0,5,2493,18,0.42283913,-0.4369052,0.004191762,-1.7665633,0.40733293,0.115808755
gifs,ice,1192,197.016,0,2,2913,19,1.5350286,2.4088836,1.7407863,-0.90135485,-0.6782464,-0.7495183
gifs,during,1267,196.583,0,1,2648,20,0.5583223,-0.71496844,1.9164115,-1.6063657,1.0675974,0.55968815
golf,his,1041,39.828,0,5,298,1,-1.5246197,1.3799903,-0.2876965,-2.9064577,0.89347196,-0.6014442
golf,was,1809,32.235,0,8,222,2,-1.8700405,0.7450552,-0.41034064,-3.1935225,0.4661826,-0.7393948
golf,today,2769,29.714,0,8,210,3,-0.6863398,-0.08791855,0.17374286,-2.7574947,0.25998557,0.34778124
golf,one,2411,28.804,0,6,216,4,0.12921332,-0.99184585,0.45253932,-2.7863765,-0.7878009,0.0035640583
golf,this,6593,28.535,0,6,214,5,-1.4873631,-0.7824701,-0.08575978,-3.423039,0.12052153,0.25829396
golf,hole,2243,28.021,0,8,205,6,1.6328436,2.4797282,1.3177216,-0.3506318,0.46926516,-0.8311393
golf,got,1723,27.788,0,8,190,7,-1.5121787,0.69422436,-0.16834202,-2.9497821,0.37691778,-0.89768565
golf,had,1090,27.505,0,7,194,8,-1.7327099,0.96795505,-0.5004366,-2.871008,0.79366267,-0.7124806
golf,after,1238,27.162,0,5,212,9,-0.8230174,0.8268125,0.10840462,-2.4006298,0.6087824,0.34676394
golf,me,2399,25.833,0,5,199,10,1.7276554,-2.9288566,-4.1914444,-2.815495,-2.5236044,-0.39501652
golf,par,1169,25.74,0,7,196,11,6.288788,0.6016861,-1.357661,0.767163,-3.0366728,0.6249219
golf,just,2094,25.692,0,6,211,12,-1.6122395,-0.4561663,-0.40817505,-3.5247202,0.3733556,-0.45759273
golf,day,2226,25.588,0,12,160,13,-0.25403804,-0.9987194,1.330055,-2.7567844,-0.50667286,-0.0010164105
golf,my,10682,25.293,0,5,186,14,-1.6361022,-0.9654947,-0.50987667,-3.730388,-0.22782871,-0.46035725
golf,shot,1764,25.196,0,6,203,15,0.85006726,2.5038607,0.5359128,-1.1073923,0.16624784,-0.6582496
golf,i,9403,24.289,0,5,191,16,-1.219683,-2.48973,0.11038365,-3.6094012,-1.000925,-0.32947692
golf,r,1692,24.22,0,4,191,17,2.4628403,-3.9413662,3.9094572,-1.3318741,-2.923924,0.8412996
golf,when,1266,23.987,0,5,205,18,-1.6728455,-0.48532674,-0.60810465,-3.621951,1.0671849,-0.3380017
golf,played,1277,23.722,0,7,152,19,-0.292841,2.4117715,0.76711214,-1.2177033,0.6658088,-1.0563654
golf,tee,1012,23.584,0,6,183,20,3.232614,1.5168096,-0.17749065,0.2530626,-1.3555878,-0.92049545
google,this,2837,33.385,0,1,340,1,-0.7919962,-0.14975,0.15373154,-3.423039,0.12052153,0.25829396
google,just,1092,31.645,0,2,293,2,-1.0926187,0.5619897,0.33414775,-3.5247202,0.3733556,-0.45759273
google,out,1119,30.318,0,1,248,3,-0.45032156,1.0361105,0.63287,-2.968627,0.12615682,0.17456675
google,now,2380,29.127,0,2,302,4,-0.25515205,0.89065224,0.5481647,-2.8247273,-0.011966664,0.30824298
google,me,1281,29.023,0,1,311,5,2.2280931,-4.595979,0.738501,-2.815495,-2.5236044,-0.39501652
google,when,1024,25.217,0,1,243,6,-1.2020544,0.115623325,0.029505182,-3.621951,1.0671849,-0.3380017
google,you,3371,24.4,0,1,267,7,-1.273694,-0.518029,0.1618039,-4.033075,-0.037475616,-0.28735858
google,at,1236,24.012,0,1,262,8,-0.8576391,1.1463556,2.7667909,-2.569361,-0.56025684,0.48392066
google,i,4677,23.586,0,1,260,9,-1.1820569,-0.2779321,2.3611078,-3.6094012,-1.000925,-0.32947692
google,are,1280,23.537,0,1,229,10,-1.2050425,0.57715976,-2.0222137,-3.1324968,0.5529448,0.6463594
google,will,1333,22.519,0,1,250,11,-0.60840726,0.27249855,-1.6745708,-2.8572311,0.3906718,0.7284385
google,has,1245,22.363,0,1,217,12,1.0951667,-1.1334106,-2.6719568,-2.2448533,-0.0649025,0.4776435
google,it,2680,22.189,0,1,236,13,-1.0408115,0.35612878,-0.025844611,-3.6389697,0.21471155,0.22040805
google,youtube,1271,22.008,0,1,201,14,4.4302535,1.3463776,1.453484,-0.3034034,-1.989904,1.0400225
google,maps,1321,22.002,0,1,246,15,5.3096027,2.7248447,-1.0042832,1.230036,-0.5255116,1.9110703
google,that,1861,21.868,0,1,195,16,-1.4987607,-0.16906776,-0.664388,-3.7552161,0.8998972,-0.031067893
google,a,7508,21.255,0,1,242,17,1.6125076,-3.3869486,0.2239672,-2.4333866,-2.5444493,0.38082778
google,be,1484,20.668,0,1,212,18,-1.3493055,0.14373086,-0.97804755,-3.2174866,0.08383241,0.17779635
google,all,1233,20.491,0,1,192,19,-0.968246,0.594698,-0.07983586,-3.2166746,-0.068885975,0.47858277
google,the,9695,20.188,0,1,214,20,-0.8995102,0.46495602,-0.28293514,-3.2426047,-0.24358808,0.80810684
gossip,photos,3978,1.485,0,1,7,1,0.69560397,3.3349566,-0.8739723,-0.8609178,0.0011181347,0.5635411
gossip,his,1284,1.444,0,1,6,2,-3.2539532,-0.48997602,0.9791141,-2.9064577,0.89347196,-0.6014442
gossip,her,3143,1.443,0,1,6,3,-2.101561,-1.027776,3.7193139,-3.1888888,0.1947253,-1.2958006
gossip,kate,1094,1.411,0,1,6,4,2.0621169,1.8184433,0.76234305,0.15223013,-0.8951519,-1.1908966
gossip,cyrus,1143,1.375,0,1,6,5,3.7942145,-3.0594532,-0.810813,-0.034659605,-0.9902148,-1.5228773
gossip,miley,1220,1.355,0,1,6,6,3.6038861,-3.048467,-0.71563864,-0.6042454,-1.4663191,-1.4865093
gossip,britney,1176,1.334,0,1,6,7,3.3029149,-1.4522052,-0.025534157,0.11328189,-1.2154862,-1.2720225
gossip,jessica,1020,1.333,0,1,6,8,2.47267,1.7436123,1.0488092,-0.052187152,-1.2197737,-1.5795152
gossip,has,1270,1.309,0,1,6,9,-1.8964854,-0.4870781,-2.185562,-2.2448533,-0.0649025,0.4776435
gossip,jennifer,1603,1.297,0,1,5,10,3.315013,0.12002043,0.15103224,0.09828373,-0.9187711,-1.4245903
gossip,up,1866,1.289,0,1,5,11,-2.2435577,-0.23385938,0.13786028,-3.0872686,-0.26721498,0.050360076
gossip,baby,1603,1.239,0,1,5,12,-0.61146104,0.20737451,2.1220043,-2.288564,-1.2792435,-1.627744
gossip,is,7004,1.232,0,1,5,13,-2.5616796,-0.38862512,-1.8837129,-3.179791,-0.04706385,0.24855019
gossip,magazine,1216,1.22,0,1,4,14,1.163465,3.5557978,-1.4484317,0.19285803,-0.517319,0.89770454
gossip,will,1168,1.218,0,1,6,15,-2.5005262,-0.206707,-1.4730592,-2.8572311,0.3906718,0.7284385
gossip,girl,1084,1.213,0,1,5,16,-0.8341647,0.34440905,1.8228384,-2.7847033,-0.23959495,-1.4880413
gossip,out,1661,1.205,0,1,5,17,-2.3406734,0.1976198,-0.047574278,-2.968627,0.12615682,0.17456675
gossip,not,1311,1.194,0,1,5,19,-2.6030586,-0.7041966,-0.7183019,-3.244656,0.52007806,0.40083283
gossip,lohan,1284,1.194,0,1,5,18,3.4170628,0.6604585,0.19802329,1.3100477,-0.09414583,-0.99007475
gossip,be,1486,1.186,0,1,5,20,-2.87982,-0.8843483,-0.7587401,-3.2174866,0.08383241,0.17779635
halo,today,1134,61.331,0,4,592,1,-1.0695628,0.13428645,-0.05915151,-2.7574947,0.25998557,0.34778124
halo,found,1098,60.3,0,4,606,2,0.06388939,1.3000718,0.0009992439,-1.6166267,1.0226976,-0.38971415
halo,made,1917,57.722,0,5,568,3,-0.3310495,0.9287539,0.15950996,-2.28509,0.5075963,-0.4901376
halo,r,2332,54.984,0,4,551,4,0.9019571,-5.176442,3.1772666,-1.3318741,-2.923924,0.8412996
halo,chief,3104,54.24,0,2,555,5,2.4060571,-0.81227756,-4.5108137,0.19727853,0.8283416,0.8886948
halo,post,1567,53.265,0,3,571,6,0.9926696,-1.1311885,-0.77565455,-0.96799123,-0.9700228,1.1414212
halo,had,1181,51.394,0,2,564,7,-1.145044,2.1978335,0.8904957,-2.871008,0.79366267,-0.7124806
halo,master,2642,51.23,0,2,554,8,3.132624,-1.0293471,-1.059522,0.22897963,-1.3489567,0.20859508
halo,was,2853,48.588,0,3,529,9,-1.5716776,1.7520188,0.3111434,-3.1935225,0.4661826,-0.7393948
halo,this,10097,48.528,0,2,497,10,-1.7316908,0.00262744,-0.072706185,-3.423039,0.12052153,0.25829396
halo,odst,1216,47.102,0,3,503,11,7.4491115,2.428272,1.9904486,3.7541916,0.42109817,-1.6450063
halo,my,8657,45.039,0,2,460,12,-1.5238137,0.22417158,0.26664826,-3.730388,-0.22782871,-0.46035725
halo,got,2134,43.66,0,2,442,13,-0.9823158,1.5020243,0.3001968,-2.9497821,0.37691778,-0.89768565
halo,i've,1013,42.391,0,2,467,14,None,None,None,None,None,None
halo,we,2609,41.512,0,2,409,15,-1.1025586,-0.07970279,1.4938141,-2.914085,-0.52950966,0.6924777
halo,as,1737,40.818,0,2,339,16,-0.21359694,-1.7269242,-1.5481533,-2.2781217,-0.95820844,0.87362534
halo,at,3545,40.773,0,3,435,17,-0.8917434,-1.1084414,-0.55418223,-2.569361,-0.56025684,0.48392066
halo,when,2570,40.4,0,2,430,18,-1.40729,0.48385915,-0.366772,-3.621951,1.0671849,-0.3380017
halo,it,1259,40.048,0,2,373,19,-1.8223121,0.44077232,-0.060039625,-3.6389697,0.21471155,0.22040805
halo,all,3379,38.732,0,2,380,20,-1.1536568,-0.33036938,0.41647264,-3.2166746,-0.068885975,0.47858277
hardware,amd,2095,24.385,0,4,163,1,4.026492,0.7888538,-0.6796736,1.4686378,-0.25705633,-0.40934622
hardware,intel,1570,19.111,0,3,127,2,4.663187,-0.101377055,-2.3736012,2.1883113,-0.7317052,1.6334063
hardware,nvidia,1249,19.033,0,2,125,3,5.9184823,-0.37920633,-0.14635801,3.0286834,-0.77480143,0.32749447
hardware,of,4634,15.593,0,2,134,4,-2.4420686,-2.0885851,-0.8791461,-2.9982007,0.07186476,1.1668499
hardware,from,1755,15.456,0,2,137,5,-1.9093568,-1.6869067,-0.05016272,-2.6115398,0.27107444,0.51758957
hardware,this,2838,15.337,0,1,144,6,-2.495477,0.40611652,-0.8098818,-3.423039,0.12052153,0.25829396
hardware,at,1307,15.216,0,1,127,7,-1.7300466,-2.1925478,2.0579164,-2.569361,-0.56025684,0.48392066
hardware,in,3918,14.908,0,1,137,8,-2.4360702,-2.7682233,-0.33113727,-2.8785682,-0.5683023,1.1003566
hardware,the,7750,14.446,0,2,116,9,-2.6464157,-1.0851632,-0.7203023,-3.2426047,-0.24358808,0.80810684
hardware,are,1468,14.318,0,2,116,10,-2.4747517,1.5704812,1.1697222,-3.1324968,0.5529448,0.6463594
hardware,ssd,1478,14.019,0,2,113,11,5.010753,0.26886854,-1.0271426,2.7627728,-0.8061196,0.7286764
hardware,3,1143,13.805,0,1,145,12,None,None,None,None,None,None
hardware,you,1679,13.742,0,1,115,13,-3.000949,1.7373124,0.3800922,-4.033075,-0.037475616,-0.28735858
hardware,up,1021,13.568,0,2,119,14,-1.9494275,0.23168424,-0.3520796,-3.0872686,-0.26721498,0.050360076
hardware,it,2621,13.566,0,2,119,15,-2.5306175,1.0214726,-0.70493597,-3.6389697,0.21471155,0.22040805
hardware,gtx,1566,13.562,0,1,101,16,5.9131556,-0.7291854,3.016127,3.1904254,-0.91011685,-0.6982628
hardware,that,1517,13.56,0,2,107,17,-2.6950214,1.0994334,-0.9270366,-3.7552161,0.8998972,-0.031067893
hardware,be,1402,13.449,0,2,119,18,-2.351561,1.4549457,1.5803986,-3.2174866,0.08383241,0.17779635
hardware,will,1230,13.074,0,1,109,19,-1.8132479,1.7480706,0.38339952,-2.8572311,0.3906718,0.7284385
hardware,gpu,1286,12.849,0,2,101,20,4.942932,0.7039552,0.41380072,3.079211,-0.12721549,0.36992547
hardwareswap,meta,2224,7.818,0,2,57,1,-1.3868417,-0.004952986,2.9915035,1.7117507,-2.3647468,-0.0151174925
hardwareswap,to,2096,4.548,0,2,27,2,2.7516294,-3.3734188,-0.61649126,-3.2859278,-0.35538822,1.1889808
hardwareswap,of,2280,4.407,0,2,18,3,3.0607927,-2.2425184,-2.169817,-2.9982007,0.07186476,1.1668499
hardwareswap,a,3131,4.068,0,2,18,4,-0.18570942,-3.8593645,-0.3859009,-2.4333866,-2.5444493,0.38082778
hardwareswap,trades,2517,3.619,0,3,11,5,1.6150655,3.3114874,0.40824208,1.6694024,1.1135908,0.621827
hardwareswap,290,1365,3.557,0,3,11,6,None,None,None,None,None,None
hardwareswap,pa,2518,3.474,0,3,11,7,-2.4347043,-1.9059563,3.324931,0.03570219,-3.830482,0.6853152
hardwareswap,google,2393,3.471,0,3,11,8,0.76964873,-0.06079294,-0.7601706,0.10840304,-1.6534,2.4000084
hardwareswap,verified,6058,3.468,0,3,10,9,2.5824418,2.023211,2.0682433,0.56706434,0.17238621,-0.26534396
hardwareswap,co,1139,3.441,0,3,10,10,-0.73471284,-0.56144696,1.4796461,0.34818456,-2.1093907,0.97461855
hardwareswap,r9,3272,3.44,0,3,11,11,None,None,None,None,None,None
hardwareswap,wallet,2351,3.44,0,3,11,12,2.0972874,2.4454668,-0.26516432,0.37664995,0.7549013,-0.32997352
hardwareswap,reference,1153,3.439,0,3,10,13,2.023515,1.9013916,-0.05372615,0.7256603,0.92375094,0.2745484
hardwareswap,il,3287,3.428,0,3,10,14,-4.9339724,0.6075368,-3.3808568,0.117195,-2.9534745,0.49784353
hardwareswap,va,1966,3.421,0,3,10,15,-3.7075102,-1.4119664,0.8051466,0.5740633,-4.0677123,0.5105569
hardwareswap,32gb,1168,3.419,0,3,10,17,None,None,None,None,None,None
hardwareswap,one,1337,3.419,0,2,11,16,2.0377762,-2.0230596,-1.6635338,-2.7863765,-0.7878009,0.0035640583
hardwareswap,dell,1144,3.412,0,3,11,19,-2.1867628,2.4824755,-3.3878849,1.662743,-1.4035766,1.2586071
hardwareswap,nj,2247,3.412,0,3,10,18,-0.29174536,1.3466955,1.0965856,0.784329,-0.20062147,1.0067563
hardwareswap,ct,1000,3.41,0,3,10,20,-1.0761954,1.3252097,0.5092485,0.8823804,-0.9307477,0.8241133
harrypotter,x,1387,141.146,0,22,1462,1,-4.1504,0.3068737,1.1240078,-1.1175205,-3.2103586,-0.32081115
harrypotter,today,1053,136.555,0,22,1337,2,0.9221122,0.74654984,-0.9588738,-2.7574947,0.25998557,0.34778124
harrypotter,he,1083,132.738,0,9,1577,3,-0.55792236,-3.4873593,2.2304788,-2.7646928,-0.82008827,-0.5936299
harrypotter,found,1449,131.429,0,19,1479,4,1.1412698,0.8199316,2.2054121,-1.6166267,1.0226976,-0.38971415
harrypotter,this,8166,128.238,0,15,1426,5,0.9270768,0.59479094,-1.2112676,-3.423039,0.12052153,0.25829396
harrypotter,my,8437,122.883,0,19,1325,6,0.7488679,0.43824255,-2.0717676,-3.730388,-0.22782871,-0.46035725
harrypotter,post,1870,121.381,0,15,1173,7,-1.0813353,1.432075,0.14953487,-0.96799123,-0.9700228,1.1414212
harrypotter,thought,1598,118.496,0,16,1367,8,1.5520083,-0.13922834,1.5538996,-2.4158912,1.3569754,-0.9856474
harrypotter,r,2822,112.763,0,13,1094,9,-4.9271793,2.5705974,0.5575643,-1.3318741,-2.923924,0.8412996
harrypotter,made,1985,111.115,0,17,1309,10,0.8038629,0.09034174,0.7003776,-2.28509,0.5075963,-0.4901376
harrypotter,we,1068,110.374,0,10,1297,11,-0.25718153,-1.0185578,0.4703416,-2.914085,-0.52950966,0.6924777
harrypotter,me,3131,109.363,0,11,1193,12,-2.7397532,-3.9767318,-2.4622986,-2.815495,-2.5236044,-0.39501652
harrypotter,got,1504,104.734,0,17,1020,13,1.409054,0.11554581,0.45846263,-2.9497821,0.37691778,-0.89768565
harrypotter,i,11805,104.542,0,13,1076,14,-0.18812633,0.36394346,-0.79317313,-3.6094012,-1.000925,-0.32947692
harrypotter,up,1580,101.3,0,9,1117,15,0.58746904,0.22591239,-1.400174,-3.0872686,-0.26721498,0.050360076
harrypotter,first,1529,101.228,0,9,1298,16,0.78496575,1.1175549,0.0005581545,-2.34711,0.2744144,0.23318471
harrypotter,from,4208,100.677,0,12,1011,17,0.86102796,1.2473532,-1.0126541,-2.6115398,0.27107444,0.51758957
harrypotter,it,4327,99.121,0,11,1140,18,1.2174903,-0.07573599,-0.6144465,-3.6389697,0.21471155,0.22040805
harrypotter,when,1765,98.074,0,9,1072,19,1.3341073,-0.5433492,-0.62926716,-3.621951,1.0671849,-0.3380017
harrypotter,was,3531,96.841,0,11,1036,20,1.6125836,-0.8287466,1.7032865,-3.1935225,0.4661826,-0.7393948
hearthstone,amaz,1161,74.577,0,1,988,1,2.9236999,0.9760265,2.6867,2.5920372,0.32872272,-0.69244426
hearthstone,thread,1034,70.184,0,1,454,2,1.342549,-0.34143782,-0.106196515,1.2676537,0.21588847,-0.08971784
hearthstone,reynad,1113,59.225,0,1,757,3,None,None,None,None,None,None
hearthstone,funny,1103,59.01,0,1,662,4,-2.5213056,2.0755172,1.5725485,-2.2421987,0.2903012,-1.2831508
hearthstone,trump,1403,58.441,0,1,714,5,1.813197,1.4623227,-0.14481077,1.6883986,0.82761383,-0.101760335
hearthstone,lucky,1464,46.01,0,1,620,6,-1.5982792,0.051014382,0.88820034,-1.5429498,-0.29846922,-1.4133235
hearthstone,9,1275,41.068,0,0,473,7,None,None,None,None,None,None
hearthstone,blackrock,1043,40.998,0,0,441,8,4.285945,0.72209495,0.26553693,3.7226436,0.5716975,0.07315254
hearthstone,lethal,1218,38.702,0,1,542,9,1.5823698,1.3765526,1.7480253,1.7198328,1.028528,-0.5461062
hearthstone,r,1224,38.427,0,1,405,10,-2.649792,-4.146024,2.9590697,-1.3318741,-2.923924,0.8412996
hearthstone,plays,1218,37.633,0,0,351,11,-0.85733706,1.9676224,-1.33848,-0.3720799,0.36675563,-0.5182585
hearthstone,expansion,1458,37.364,0,0,445,12,2.352524,-0.5786787,-2.4958024,2.1244702,0.63719136,2.0512242
hearthstone,blizzard,5429,34.938,0,0,350,13,2.5645647,-2.2223568,0.17347874,1.4157854,0.23855959,-0.1910107
hearthstone,guide,1375,34.328,0,1,259,14,0.020304978,-1.1938058,-2.032834,0.1208105,0.15432441,1.6482441
hearthstone,us,1272,33.684,0,0,306,15,-2.4359639,-0.41125613,-0.34155416,-2.3342493,0.076385766,1.4165329
hearthstone,week,1225,32.67,0,1,265,16,-1.9770178,-1.3616233,-1.5022581,-2.0177088,-0.27151567,0.84951484
hearthstone,patron,1402,32.125,0,0,350,17,1.0382835,-0.4122388,1.3079803,0.99484146,-0.6698241,-0.8884455
hearthstone,his,1859,31.195,0,0,362,18,-3.3251362,2.835624,-0.5952831,-2.9064577,0.89347196,-0.6014442
hearthstone,more,4272,30.592,0,0,280,19,-2.9125617,0.23676537,-0.03971047,-2.698736,0.15690249,0.9707182
hearthstone,tournament,2956,30.453,0,1,272,20,0.35395727,-1.0361165,-3.0046093,0.3371199,-0.18209468,0.35281336
heroesofthestorm,we,1770,39.53,0,1,360,1,-1.3486668,1.38118,0.85348004,-2.914085,-0.52950966,0.6924777
heroesofthestorm,blizzard,1892,38.261,0,0,426,2,5.21942,3.0453322,0.4136847,1.4157854,0.23855959,-0.1910107
heroesofthestorm,skin,1241,36.426,0,1,334,3,2.6235108,-5.0606885,0.70699555,-0.83232075,-0.011603512,-0.3500506
heroesofthestorm,please,1260,35.629,0,0,354,4,0.018882984,0.92871827,3.1842194,-2.395506,-0.8483724,0.26497635
heroesofthestorm,should,1268,31.101,0,0,366,5,-0.991427,0.40022546,1.2187381,-2.777072,1.2865237,0.41562608
heroesofthestorm,as,1402,28.653,0,1,260,6,-0.7031735,-0.7446456,-2.3118527,-2.2781217,-0.95820844,0.87362534
heroesofthestorm,abathur,1263,26.002,0,1,253,7,None,None,None,None,None,None
heroesofthestorm,more,1239,25.867,0,1,254,8,-0.8426842,-0.61529595,0.22164786,-2.698736,0.15690249,0.9707182
heroesofthestorm,that,2022,25.085,0,1,227,9,-1.6958134,-0.080929995,0.48672563,-3.7552161,0.8998972,-0.031067893
heroesofthestorm,map,1013,24.438,0,1,267,10,3.6043258,0.36928952,-0.8088214,0.6982419,-0.1341924,1.4494493
heroesofthestorm,patch,1265,22.305,0,1,223,11,4.869374,-0.55631196,0.0047512497,1.0440265,-0.7935854,-0.11265742
heroesofthestorm,but,1213,22.123,0,0,212,12,-1.3085396,-0.26693648,0.33294687,-3.4802496,0.46259698,-0.009232555
heroesofthestorm,when,2192,21.997,0,1,218,13,-1.4802022,-0.31903282,0.40724987,-3.621951,1.0671849,-0.3380017
heroesofthestorm,all,1466,21.648,0,1,224,14,-1.2312112,-0.23224947,0.7691954,-3.2166746,-0.068885975,0.47858277
heroesofthestorm,and,6555,21.61,0,1,204,15,-1.634103,-0.44635326,0.4328525,-3.4310362,0.294699,0.15188493
heroesofthestorm,this,4384,21.418,0,0,226,16,-1.0409712,0.4940444,0.6412512,-3.423039,0.12052153,0.25829396
heroesofthestorm,be,2483,21.278,0,0,220,17,-1.5132315,0.30630186,-0.5545654,-3.2174866,0.08383241,0.17779635
heroesofthestorm,an,1326,20.99,0,1,221,18,0.0014633219,0.56353223,-3.4442813,-2.1368263,-0.7357933,0.54226786
heroesofthestorm,at,1596,20.616,0,1,210,19,-1.1331495,0.5037172,-1.856552,-2.569361,-0.56025684,0.48392066
heroesofthestorm,the,18376,20.505,0,1,191,20,-1.4138039,0.33010432,-0.69766545,-3.2426047,-0.24358808,0.80810684
hiphopheads,announces,1121,84.611,0,3,734,1,-0.9041089,-0.67320806,2.3291883,1.4819396,0.5748059,1.8532023
hiphopheads,says,1647,76.698,0,1,806,2,-2.1077921,-0.6642724,0.47293204,-1.4983666,1.1672487,0.63161117
hiphopheads,thread,2679,71.774,0,43,286,3,-2.3054774,2.2618394,0.81754935,1.2676537,0.21588847,-0.08971784
hiphopheads,dropping,1045,61.158,0,2,448,4,-0.36821258,-0.21644858,1.2706853,-0.25315127,1.0774252,-0.23034565
hiphopheads,creator,1538,59.154,0,1,619,5,0.7745902,1.3649012,-0.7999081,1.1497706,0.6586425,-0.5723839
hiphopheads,run,1622,57.622,0,1,588,6,-2.0081475,-0.4183508,-0.48090163,-1.4291661,-0.12426615,0.114635706
hiphopheads,vince,1031,56.323,0,2,491,7,-0.13934381,2.161393,0.66020495,0.9481083,-0.31237173,-1.0134394
hiphopheads,staples,1014,56.284,0,2,491,8,-0.047197364,2.1608741,2.697754,1.4460244,0.53294176,-0.072657645
hiphopheads,tyler,1970,55.645,0,1,581,9,0.8315061,0.7406607,-1.6980613,-0.23824635,0.037432536,-1.809918
hiphopheads,ap,3471,53.3,0,1,520,10,-0.77712125,-3.38563,1.5222559,0.28786838,-1.5959195,1.2590854
hiphopheads,sweatshirt,1385,51.848,0,1,499,11,1.4011816,3.1353703,0.09432755,1.0371633,0.7929385,-1.6237214
hiphopheads,will,3968,51.779,0,1,546,12,-3.110043,-0.96248996,-0.26780042,-2.8572311,0.3906718,0.7284385
hiphopheads,earl,1840,51.391,0,1,464,13,1.9072171,2.4342144,-1.1260821,1.1712166,0.31930608,-1.8624142
hiphopheads,next,1591,51.097,0,1,546,14,-2.3595078,-0.8982378,0.052626736,-2.1310658,-0.32094786,0.44393578
hiphopheads,rocky,2532,50.702,0,1,451,15,2.1384764,-1.3909266,0.040442657,0.5032783,-0.657896,-1.4494293
hiphopheads,twitter,1086,49.909,0,1,490,16,-4.090607,-1.2027081,-2.8283248,-1.5024444,-2.6337445,1.2255261
hiphopheads,kendrick,8382,49.138,0,1,452,17,3.6298652,-1.632279,-1.7525475,0.080016054,0.20625968,-1.5853705
hiphopheads,frank,1126,48.953,0,1,548,18,0.611675,0.707173,-2.676364,-0.11431251,-0.75294024,-1.1508456
hiphopheads,ferg,1073,48.839,0,1,542,19,3.4141774,-1.4922338,3.1052516,2.2940657,0.36150172,-1.3108686
hiphopheads,lamar,6424,48.071,0,1,442,20,3.5088701,-2.029643,-1.4332277,0.3982675,-0.2038983,-1.2526354
history,ago,1628,93.453,0,3,1036,1,1.0760692,1.9593617,1.4039993,-1.4586748,0.15247318,-0.34578076
history,0,1138,93.42,0,5,877,2,None,None,None,None,None,None
history,he,1429,78.984,0,3,803,3,-2.0806665,1.5899063,-3.1207633,-2.7646928,-0.82008827,-0.5936299
history,years,3441,75.912,0,2,825,4,0.7604716,0.38958937,2.2737443,-2.0438457,0.7118587,0.2206025
history,found,2472,75.654,0,3,747,5,0.6437944,0.9659663,-0.18087283,-1.6166267,1.0226976,-0.38971415
history,today,1660,71.054,0,1,706,6,-0.5773381,-0.35537323,1.7225853,-2.7574947,0.25998557,0.34778124
history,year,1409,68.351,0,2,635,7,0.44005558,-0.33602968,2.4475193,-2.3330073,0.2867338,0.3811472
history,old,1963,65.793,0,2,653,8,0.6024481,-0.6994788,0.9756779,-2.1879292,0.23916592,-0.89891815
history,his,2195,61.687,0,3,628,9,-1.9056697,-2.3080502,-1.8971832,-2.9064577,0.89347196,-0.6014442
history,been,1618,59.225,0,3,556,10,-1.2443999,1.7479378,0.5880804,-2.828824,1.065512,-0.18167289
history,german,1170,58.714,0,3,634,11,4.22512,-0.7924439,-2.0719051,0.36039054,-0.21756722,0.5670631
history,has,1808,55.272,0,3,556,12,-1.5286263,1.7185936,-2.2209933,-2.2448533,-0.0649025,0.4776435
history,over,1073,54.614,0,2,579,13,-0.84460974,-0.7736239,0.25482163,-2.4282598,0.20016232,0.49509627
history,2,1088,54.308,0,1,634,14,None,None,None,None,None,None
history,their,1281,53.324,0,3,520,15,-0.73367983,-3.93017,-0.5097106,-2.862955,1.4796243,0.9904445
history,after,1520,52.065,0,2,552,16,-0.085376404,-0.31709188,0.81930494,-2.4006298,0.6087824,0.34676394
history,wwii,1656,52.027,0,2,641,17,5.6903195,0.22282882,-1.1885864,2.1860461,1.4072009,0.05345403
history,had,1226,51.469,0,2,508,18,-1.4226909,1.4335175,0.029722422,-2.871008,0.79366267,-0.7124806
history,was,6078,51.298,0,2,525,19,-1.3024659,1.7604481,0.14772981,-3.1935225,0.4661826,-0.7393948
history,my,2404,50.899,0,1,553,20,-1.7127594,-2.275891,0.5268314,-3.730388,-0.22782871,-0.46035725
hockey,gif,1288,152.322,0,15,1242,1,-0.22866933,0.31350866,1.0541325,0.5087607,-1.5573933,-0.7032857
hockey,save,1226,104.615,0,14,791,2,-1.3252318,0.80656505,-0.30796206,-1.1038795,-0.2406602,0.6367167
hockey,u,1028,104.135,0,12,830,3,-3.3229182,-0.19494873,-0.2986315,-2.3740785,-2.3784745,0.07697179
hockey,ot,1068,95.168,0,12,742,4,1.7803402,-0.12782025,-0.0029519408,0.42152292,-0.9647433,-0.20059365
hockey,his,6596,95.02,0,11,752,5,-1.3904411,2.368305,1.008771,-2.9064577,0.89347196,-0.6014442
hockey,scores,1424,93.985,0,12,669,6,2.9985917,0.35856518,2.3656814,0.2086077,0.43857378,0.23657456
hockey,stick,1234,93.315,0,5,831,7,-0.8169301,0.9343237,-0.1266625,-0.78624743,0.35412428,-0.6814914
hockey,x,2108,93.155,0,5,971,8,-3.0098834,-1.1618072,0.96883154,-1.1175205,-3.2103586,-0.32081115
hockey,0,1796,90.295,0,40,540,9,None,None,None,None,None,None
hockey,chicago,1945,87.843,0,5,752,10,1.3873805,-0.2703963,-3.0834,-0.060349397,-0.0054207416,0.73903114
hockey,et,1157,86.773,1,51,449,11,-1.3386959,-6.4553213,1.4616058,0.20916545,-3.2773466,0.4124245
hockey,night,2748,86.242,0,7,793,12,-1.8326417,0.74620295,-1.0871485,-2.4922626,-0.66206264,-0.68668205
hockey,picture,1047,85.75,0,6,809,13,-1.7303433,2.1280646,0.55106634,-1.9575729,0.3887631,-1.0706995
hockey,goal,6036,85.637,0,9,614,14,2.248531,1.1862472,3.645329,-0.86402637,-0.39074546,0.053411152
hockey,makes,1068,85.474,0,6,891,15,-1.4322515,1.8832171,-0.057455335,-2.3263173,0.7619496,-0.24962775
hockey,kane,1064,85.41,0,3,797,16,1.5894719,-0.9961265,-0.20032008,1.1449695,-0.2687931,-1.5717524
hockey,minnesota,1250,84.712,0,12,550,17,2.6577275,-0.13786456,-3.3482285,1.1612488,0.76116884,0.452007
hockey,patrick,1134,84.078,0,6,608,18,0.23984586,-1.5221173,-1.2187963,0.2947714,-0.7517525,-1.0935376
hockey,shootout,1109,83.688,0,6,693,19,3.7796443,-0.15662037,0.5102418,1.7169756,0.43391678,-0.18555601
hockey,wild,1731,83.539,0,9,566,20,-0.25352845,0.2980243,-1.834101,-0.78513646,-0.16757208,-0.8851076
humor,he,1119,49.45,0,1,552,1,-4.1896,0.46562824,-0.48813325,-2.7646928,-0.82008827,-0.5936299
humor,who,1452,49.293,0,1,588,2,-0.31143188,0.841295,1.8252414,-3.126877,0.843511,-0.12945189
humor,man,1912,45.339,0,1,574,3,-1.2901781,-0.91501486,-0.238589,-2.0789037,-1.2185299,-0.5937323
humor,has,1152,44.038,0,1,600,4,-3.0856602,0.17522289,-0.7071755,-2.2448533,-0.0649025,0.4776435
humor,his,1482,41.757,0,1,498,5,-2.031071,1.0191733,-1.9267572,-2.9064577,0.89347196,-0.6014442
humor,they,1031,41.679,0,1,586,6,0.22818576,1.7002035,2.2270787,-3.5051446,1.4383961,0.38971087
humor,s,1795,37.565,0,1,521,7,-0.036402803,-4.591001,-0.516592,-0.96438384,-3.238136,0.82378256
humor,by,2180,36.692,0,1,472,8,2.205998,-0.10247997,-1.6763148,-1.9502953,-0.116353825,0.59982204
humor,to,14474,36.563,0,1,507,9,1.1972024,-0.7807042,1.2972237,-3.2859278,-0.35538822,1.1889808
humor,as,1580,35.18,0,1,480,10,-0.868853,-2.9456768,1.4594455,-2.2781217,-0.95820844,0.87362534
humor,from,2968,34.359,0,1,475,11,2.0214686,0.684385,-1.5052471,-2.6115398,0.27107444,0.51758957
humor,people,1562,33.797,0,1,440,12,1.4271846,0.78285015,2.4825597,-3.1653438,1.1312002,0.8718072
humor,new,2207,33.352,0,1,524,13,1.5008117,-1.2150091,-1.1672827,-1.9311304,-0.70225275,1.158011
humor,of,12465,33.188,0,1,449,14,1.4477257,0.5519439,-1.4704134,-2.9982007,0.07186476,1.1668499
humor,was,1584,32.582,0,1,429,15,-0.9853463,1.7147157,-1.0773846,-3.1935225,0.4661826,-0.7393948
humor,will,1253,32.075,0,1,462,16,0.16025671,0.51484305,1.3701029,-2.8572311,0.3906718,0.7284385
humor,one,1663,31.951,0,1,400,17,0.44256106,-0.47826573,0.3260698,-2.7863765,-0.7878009,0.0035640583
humor,be,2337,31.657,0,1,475,18,0.28642145,0.45901862,1.0715002,-3.2174866,0.08383241,0.17779635
humor,in,8862,30.994,0,1,440,19,1.6594142,0.9952641,-2.1288764,-2.8785682,-0.5683023,1.1003566
humor,just,1769,30.931,0,1,457,20,0.22131348,1.1236078,0.8435461,-3.5247202,0.3733556,-0.45759273
india,til,3404,25.844,0,8,149,1,-0.1454978,-0.84773606,5.068793,-1.0522882,-0.53707576,-0.5449866
india,net,1074,25.582,0,2,220,2,-3.980261,-1.867691,-0.6178402,0.4322263,-2.2719228,1.3442048
india,just,3100,22.352,0,3,143,3,1.8158873,-0.37567678,-0.6794688,-3.5247202,0.3733556,-0.45759273
india,my,5153,22.143,0,3,148,4,1.2868556,-1.3293736,0.2460638,-3.730388,-0.22782871,-0.46035725
india,her,2071,21.781,0,5,146,5,1.2990168,-1.9041142,2.487283,-3.1888888,0.1947253,-1.2958006
india,x,1741,21.563,0,4,159,6,-2.28494,-0.22204523,-0.32650217,-1.1175205,-3.2103586,-0.32081115
india,them,1603,21.07,0,5,139,7,1.6606088,0.1420924,0.5559122,-3.2708795,1.2085484,0.06055402
india,during,1338,21.024,0,5,141,8,0.81682396,0.77491015,0.8478786,-1.6063657,1.0675974,0.55968815
india,was,6006,19.946,0,5,137,9,2.0022578,-0.779318,-1.8728795,-3.1935225,0.4661826,-0.7393948
india,today,2494,19.845,0,4,149,10,1.224898,0.09679101,-0.049938396,-2.7574947,0.25998557,0.34778124
india,happy,1124,19.76,0,2,161,11,-0.22244704,0.68216324,0.7074848,-2.4391472,-1.2275528,-1.0690936
india,been,2144,19.623,0,5,116,12,2.0450406,-0.5295249,-1.4637055,-2.828824,1.065512,-0.18167289
india,internet,1494,19.607,0,3,153,13,-4.761995,-1.7624938,-1.1622036,-0.30941406,-1.8817914,2.4370933
india,only,2438,19.56,0,4,123,14,1.0724311,0.64732814,-0.26737258,-2.7601547,0.60493195,0.26616576
india,found,1527,19.305,0,4,153,15,1.045468,-0.037189495,-1.2898619,-1.6166267,1.0226976,-0.38971415
india,twitter,4024,19.247,0,4,133,16,-3.6605554,-1.6598098,-0.55681896,-1.5024444,-2.6337445,1.2255261
india,were,1677,19.239,0,5,120,17,2.2754693,0.70794356,-1.5476886,-2.7464306,1.3570955,-0.3241211
india,got,1330,19.116,0,4,137,18,1.9664592,-0.8710914,-0.5751694,-2.9497821,0.37691778,-0.89768565
india,army,1236,18.889,0,4,140,19,-1.0290803,4.116608,0.34604862,-0.08462138,0.006879049,0.5545914
india,muslim,1745,18.881,0,5,125,20,-2.4264426,5.01823,0.14998548,0.16687109,0.24198237,0.81419957
inthenews,their,1021,12.795,0,2,97,1,1.3617233,1.7077737,-0.17170754,-2.862955,1.4796243,0.9904445
inthenews,police,1649,12.3,0,2,97,2,2.699058,-4.369576,-2.9656417,-0.5204222,0.8160596,1.7042092
inthenews,than,1112,12.011,0,2,97,3,0.4209782,0.6937123,-0.5209265,-2.6687617,0.9965041,0.19805433
inthenews,has,1681,11.277,0,2,96,4,-1.0664513,-1.5045663,2.0000236,-2.2448533,-0.0649025,0.4776435
inthenews,his,1362,11.26,0,1,92,5,2.0331032,-0.16710971,2.9217787,-2.9064577,0.89347196,-0.6014442
inthenews,we,1230,11.083,0,1,82,6,-1.3517348,1.0121745,-0.8424462,-2.914085,-0.52950966,0.6924777
inthenews,who,1746,10.727,0,1,96,7,0.2810539,0.47020957,-1.0362877,-3.126877,0.843511,-0.12945189
inthenews,an,1724,10.677,0,1,78,8,0.9213041,-1.0619338,2.140796,-2.1368263,-0.7357933,0.54226786
inthenews,have,1709,10.562,0,2,90,9,-0.17973891,1.3366356,-0.019143106,-3.513116,0.79508233,0.23116368
inthenews,that,2914,10.509,0,2,88,10,0.09544737,0.95047116,0.6685911,-3.7552161,0.8998972,-0.031067893
inthenews,people,1225,10.475,0,1,93,11,0.04080252,1.2240946,-2.4168785,-3.1653438,1.1312002,0.8718072
inthenews,out,1221,10.136,0,1,80,12,0.5652665,0.48112786,0.51584,-2.968627,0.12615682,0.17456675
inthenews,are,2784,9.994,0,2,83,13,-0.76884305,2.0066502,-1.8658309,-3.1324968,0.5529448,0.6463594
inthenews,was,1591,9.978,0,1,90,14,0.52680826,-0.13133645,1.92238,-3.1935225,0.4661826,-0.7393948
inthenews,no,1154,9.85,0,1,80,15,-5.4067545,-2.6140506,0.12543325,-1.9434946,-2.7007306,0.513746
inthenews,it,2633,9.73,0,1,82,16,0.08128957,0.93255657,1.0714911,-3.6389697,0.21471155,0.22040805
inthenews,says,1103,9.596,0,2,73,17,1.1794205,-1.7618785,-0.097374074,-1.4983666,1.1672487,0.63161117
inthenews,not,1974,9.396,0,1,81,18,-0.5956887,0.69786483,-0.020994617,-3.244656,0.52007806,0.40083283
inthenews,us,1807,9.34,0,2,64,19,0.12398142,-0.05240135,-1.4173898,-2.3342493,0.076385766,1.4165329
inthenews,one,1115,9.263,0,1,73,20,-0.9610215,0.149575,0.008283106,-2.7863765,-0.7878009,0.0035640583
investing,has,1154,15.45,0,2,155,1,0.34474945,-1.142996,4.078187,-2.2448533,-0.0649025,0.4776435
investing,here,1099,15.177,0,3,81,2,0.25531042,0.292306,-1.1178459,-2.6188154,0.12210431,0.24904615
investing,s,1577,13.492,0,2,115,3,-4.609558,-0.4777006,0.17934501,-0.96438384,-3.238136,0.82378256
investing,all,1320,12.37,0,3,90,4,0.50860405,-0.4054824,-0.41820982,-3.2166746,-0.068885975,0.47858277
investing,by,1151,12.22,0,1,104,5,-0.13749357,3.478824,0.23903167,-1.9502953,-0.116353825,0.59982204
investing,r,1189,12.217,0,2,111,6,-5.8995514,-0.63370407,-0.31116426,-1.3318741,-2.923924,0.8412996
investing,that,2753,12.192,0,2,95,7,1.7394091,-0.58537275,0.4845395,-3.7552161,0.8998972,-0.031067893
investing,year,1247,12.108,0,1,111,8,-0.3971959,0.04485081,0.9758952,-2.3330073,0.2867338,0.3811472
investing,so,1114,11.984,0,2,83,9,0.19109932,-2.2037148,-1.2651109,-3.1185777,-0.6882985,-0.21709311
investing,be,2384,11.854,0,2,94,10,0.5150486,-0.34876284,-0.8274829,-3.2174866,0.08383241,0.17779635
investing,just,1430,11.763,0,2,103,11,1.3812953,-0.41445616,-0.4748028,-3.5247202,0.3733556,-0.45759273
investing,i'm,1176,11.74,0,2,82,12,None,None,None,None,None,None
investing,of,9243,11.704,0,2,92,13,0.45267332,1.709693,2.0164673,-2.9982007,0.07186476,1.1668499
investing,it,3705,11.662,0,2,86,14,1.4640641,-0.6700059,-0.33766496,-3.6389697,0.21471155,0.22040805
investing,5,1048,11.612,0,1,111,15,None,None,None,None,None,None
investing,like,1260,11.189,0,2,95,16,0.863781,-0.46735707,-0.7892656,-3.2754328,-0.06366012,-0.74290675
investing,your,3254,11.161,0,2,60,17,1.5769714,-0.16916162,0.32859856,-3.7252882,0.5087585,0.337032
investing,at,2274,11.02,0,2,99,18,-0.1969065,3.2423997,-1.2552379,-2.569361,-0.56025684,0.48392066
investing,not,1365,10.733,0,2,83,19,0.8799716,-0.6527052,-0.47818506,-3.244656,0.52007806,0.40083283
investing,get,1322,10.709,0,1,68,20,1.0677301,-0.5966523,-1.0270944,-3.373764,0.35157204,0.09149839
iphone,really,1111,33.715,0,1,373,1,-1.1750131,0.5114082,0.69474286,-3.219811,0.6986647,-0.6430858
iphone,post,1105,32.66,0,1,356,2,1.9098521,0.5136621,-2.581555,-0.96799123,-0.9700228,1.1414212
iphone,it,1810,31.657,0,1,306,3,-1.2669301,0.27736908,-0.38693425,-3.6389697,0.21471155,0.22040805
iphone,siri,1877,30.911,0,1,339,4,4.5105176,4.461065,0.99381703,1.008878,-0.54420257,0.08285606
iphone,they,1066,28.587,0,1,317,5,-1.6033316,-0.26808867,1.9116999,-3.5051446,1.4383961,0.38971087
iphone,was,1631,28.54,0,1,259,6,-1.3225398,0.5593089,0.9032168,-3.1935225,0.4661826,-0.7393948
iphone,this,9370,28.364,0,1,294,7,-0.87909156,-0.28617036,-1.1197344,-3.423039,0.12052153,0.25829396
iphone,r,1562,27.729,0,1,303,8,4.8629665,-3.993477,1.3911078,-1.3318741,-2.923924,0.8412996
iphone,today,1296,27.697,0,1,295,9,-0.5803597,-0.31827882,-1.6218466,-2.7574947,0.25998557,0.34778124
iphone,made,1437,27.246,0,2,283,10,-0.2176957,0.8331934,0.28718823,-2.28509,0.5075963,-0.4901376
iphone,don't,1354,26.115,0,1,317,11,None,None,None,None,None,None
iphone,time,2152,25.6,0,1,239,12,0.4217197,-0.37415197,-2.0887382,-2.5689878,-0.6856868,0.21413173
iphone,we,1099,24.864,0,1,226,13,-0.5030961,-1.3083501,1.3690698,-2.914085,-0.52950966,0.6924777
iphone,who,1033,24.184,0,1,184,14,-0.543637,-0.16602942,1.8135179,-3.126877,0.843511,-0.12945189
iphone,like,2850,23.751,0,1,210,15,-0.802338,0.12863426,0.24938273,-3.2754328,-0.06366012,-0.74290675
iphone,think,1529,23.383,0,1,227,16,-0.99884206,0.5514699,0.8401144,-3.0465298,0.9089453,-0.4417823
iphone,here,1314,21.816,0,1,243,17,-0.18311967,-0.40653786,-0.9884591,-2.6188154,0.12210431,0.24904615
iphone,so,2612,21.298,0,1,256,18,-0.520084,-0.21827026,-0.5864587,-3.1185777,-0.6882985,-0.21709311
iphone,go,1126,21.235,0,1,218,19,0.15806048,-1.0029693,-1.3011738,-2.7169185,-0.8089295,-0.029218007
iphone,just,4398,21.226,0,1,207,20,-1.2670358,0.5062139,0.22104205,-3.5247202,0.3733556,-0.45759273
ireland,today,1216,41.875,0,10,289,1,1.2150155,0.4631725,-0.66347283,-2.7574947,0.25998557,0.34778124
ireland,no,1328,31.981,0,6,167,2,-5.6501756,-0.34121296,0.20894924,-1.9434946,-2.7007306,0.513746
ireland,this,5533,31.781,0,6,238,3,0.91769,-0.6162919,-0.54185444,-3.423039,0.12052153,0.25829396
ireland,post,1233,30.91,0,6,222,4,-0.6314808,1.8514634,-0.57139415,-0.96799123,-0.9700228,1.1414212
ireland,my,2466,28.866,0,4,231,5,1.1671543,-1.5905654,0.4665946,-3.730388,-0.22782871,-0.46035725
ireland,so,1563,27.578,0,5,200,6,-0.7068032,-1.0467732,-1.7459509,-3.1185777,-0.6882985,-0.21709311
ireland,now,1057,27.499,0,8,205,7,0.724824,-0.49792475,-1.1234007,-2.8247273,-0.011966664,0.30824298
ireland,was,1895,26.552,0,8,175,8,1.0608296,-0.9449975,1.0871861,-3.1935225,0.4661826,-0.7393948
ireland,they,1043,26.523,0,7,185,9,0.49530786,-1.1581606,-0.37356532,-3.5051446,1.4383961,0.38971087
ireland,from,4704,26.415,0,7,201,10,1.6573855,0.05103703,0.22472529,-2.6115398,0.27107444,0.51758957
ireland,just,1604,26.223,0,6,211,11,0.7472745,-1.2833906,-0.4810635,-3.5247202,0.3733556,-0.45759273
ireland,at,3048,26.059,0,7,181,12,1.4968088,1.0223643,-0.09841673,-2.569361,-0.56025684,0.48392066
ireland,all,1710,25.997,0,5,164,13,0.4104818,-0.93266135,-1.2885596,-3.2166746,-0.068885975,0.47858277
ireland,his,1081,25.412,0,7,171,14,1.1279933,-1.2334852,3.6942377,-2.9064577,0.89347196,-0.6014442
ireland,as,2148,25.238,0,7,183,15,-2.4472673,-0.02154854,-0.3854405,-2.2781217,-0.95820844,0.87362534
ireland,one,1536,25.233,0,6,194,16,-0.6985887,0.0034778093,-0.21205235,-2.7863765,-0.7878009,0.0035640583
ireland,time,1014,25.223,0,6,191,17,-0.4333291,0.33338785,-1.8672199,-2.5689878,-0.6856868,0.21413173
ireland,dublin,4110,25.169,0,5,188,18,0.36466357,5.6728625,0.9430282,0.7880696,0.18142666,0.23431763
ireland,year,1067,25.094,0,8,164,19,0.8363264,0.7576526,-0.4199516,-2.3330073,0.2867338,0.3811472
ireland,has,1958,24.72,0,7,183,20,-1.654108,-0.48841026,3.1476204,-2.2448533,-0.0649025,0.4776435
islam,mosque,1209,20.37,0,6,128,1,5.74838,1.487787,1.5542572,1.500497,0.9912015,0.1229303
islam,his,1080,15.729,0,3,110,2,-0.7145628,2.204044,1.9689354,-2.9064577,0.89347196,-0.6014442
islam,was,1537,15.043,0,3,107,3,-1.3452849,1.0909601,0.16546698,-3.1935225,0.4661826,-0.7393948
islam,r,2812,14.655,0,4,100,4,1.1139742,-5.978819,1.2072395,-1.3318741,-2.923924,0.8412996
islam,post,1022,14.528,0,3,116,5,1.198031,-0.52577007,0.5843723,-0.96799123,-0.9700228,1.1414212
islam,just,1233,13.932,0,3,106,6,-1.6445763,0.57206887,-0.24365358,-3.5247202,0.3733556,-0.45759273
islam,my,2883,13.78,0,4,99,7,-1.7487003,0.5379963,1.5928175,-3.730388,-0.22782871,-0.46035725
islam,at,2102,13.297,0,3,96,8,-0.40354815,0.28258005,2.7813935,-2.569361,-0.56025684,0.48392066
islam,i'm,1002,13.102,0,4,94,9,None,None,None,None,None,None
islam,from,4011,12.939,0,3,92,10,-0.6354783,0.7394722,1.7441523,-2.6115398,0.27107444,0.51758957
islam,we,1562,12.698,0,3,82,11,-0.43606538,-0.7547549,-1.2714509,-2.914085,-0.52950966,0.6924777
islam,but,1509,12.687,0,3,92,12,-1.309463,0.6809347,-1.0987135,-3.4802496,0.46259698,-0.009232555
islam,when,1221,12.451,0,3,90,13,-1.460667,0.88724697,-0.6183827,-3.621951,1.0671849,-0.3380017
islam,one,1353,12.266,0,4,88,14,-0.440669,-0.85488164,-0.29936117,-2.7863765,-0.7878009,0.0035640583
islam,i,6319,12.185,0,3,85,15,-1.878902,-1.2259771,0.60576695,-3.6094012,-1.000925,-0.32947692
islam,so,1359,11.667,0,3,86,16,-1.1639159,-0.28341198,-1.760648,-3.1185777,-0.6882985,-0.21709311
islam,who,2287,11.572,0,3,81,17,-0.5263163,0.2862704,-1.2112137,-3.126877,0.843511,-0.12945189
islam,muslim,7838,11.522,0,3,84,18,5.459593,0.59436613,-1.5946935,0.16687109,0.24198237,0.81419957
islam,people,1584,11.48,0,2,88,19,-0.1317055,0.18406391,-1.569123,-3.1653438,1.1312002,0.8718072
islam,as,2312,11.472,0,3,89,20,0.31987473,0.07582464,-2.537162,-2.2781217,-0.95820844,0.87362534
itookapicture,girlfriend,1243,50.084,0,2,376,1,-0.035963517,0.730068,-2.7229276,-1.6343548,0.27033776,-1.6099055
itookapicture,exposure,1428,48.671,0,3,503,2,4.0197043,0.2774471,-0.48502126,1.3895867,1.1799903,1.3262879
itookapicture,shot,1234,42.78,0,2,444,3,1.4268029,0.50053686,1.2620697,-1.1073923,0.16624784,-0.6582496
itookapicture,took,5989,40.344,0,2,354,4,-0.10417252,1.3678064,1.4918015,-1.7923855,1.4048257,-0.85028756
itookapicture,so,1221,39.899,0,2,391,5,-2.2917979,-1.8822184,0.22270009,-3.1185777,-0.6882985,-0.21709311
itookapicture,i,13088,36.076,0,2,322,6,-2.3901696,-1.4887208,-0.09086856,-3.6094012,-1.000925,-0.32947692
itookapicture,photo,1928,35.599,0,2,232,7,2.4060328,-1.049399,1.3799187,-0.9244708,-1.0486959,0.06768486
itookapicture,portrait,1052,35.194,0,2,260,8,4.191368,-0.4316305,0.077913076,1.3039203,0.44051155,-0.6085346
itookapicture,her,1787,35.137,0,3,340,9,-1.541852,2.81954,-3.3082578,-3.1888888,0.1947253,-1.2958006
itookapicture,after,2297,34.173,0,3,287,10,-0.910704,0.8205597,1.1668905,-2.4006298,0.6087824,0.34676394
itookapicture,was,2560,33.982,0,3,298,11,-1.9341114,0.091213085,1.5946741,-3.1935225,0.4661826,-0.7393948
itookapicture,his,2265,33.545,0,2,287,12,-1.5994577,3.0136018,-1.2333872,-2.9064577,0.89347196,-0.6014442
itookapicture,taking,1044,33.015,0,2,308,13,-0.094622225,1.058616,0.96744406,-1.9464443,1.4113139,-0.04137161
itookapicture,this,6514,32.998,0,2,287,14,-1.6675076,-0.5168733,1.0865701,-3.423039,0.12052153,0.25829396
itookapicture,one,2424,32.326,0,2,254,15,-1.3051728,-0.86789834,-0.1837646,-2.7863765,-0.7878009,0.0035640583
itookapicture,lens,1020,32.07,0,2,282,16,4.961217,-1.4280285,-1.8673646,1.4222099,-0.75078094,0.32124308
itookapicture,last,2075,31.711,0,3,207,17,-0.88087565,0.24212532,1.5962646,-2.4523034,-0.095323265,-0.17974901
itookapicture,our,1509,31.445,0,3,237,18,-0.9197439,1.0404929,0.2746591,-2.6149535,0.50715643,1.1347957
itookapicture,picture,5711,31.242,0,2,243,19,1.2456019,0.049602177,0.8763977,-1.9575729,0.3887631,-1.0706995
itookapicture,me,3022,31.191,0,2,248,20,-2.574578,-4.3468437,-2.105713,-2.815495,-2.5236044,-0.39501652
jailbreak,released,1413,30.976,0,1,226,1,2.0880907,3.7958264,0.25682634,-0.004977523,0.8723921,0.8912475
jailbreak,release,3009,28.809,0,5,167,2,2.5051374,2.851517,-0.59036326,-0.21859296,0.10954025,1.4714416
jailbreak,we,1728,27.078,0,1,259,3,-1.9440677,-0.6527492,-0.48895034,-2.914085,-0.52950966,0.6924777
jailbreak,r,1489,23.698,0,1,223,4,1.5939865,-3.7529953,-2.569013,-1.3318741,-2.923924,0.8412996
jailbreak,news,1073,20.591,0,1,183,5,1.419361,0.89078236,-2.898276,-0.6569107,-0.6194735,2.3938138
jailbreak,support,1141,19.555,0,1,162,6,0.6737969,-0.90204775,-0.28981996,-1.0722231,-0.036212258,1.8644795
jailbreak,post,1336,18.434,0,1,155,7,1.007559,0.25605607,-0.6055281,-0.96799123,-0.9700228,1.1414212
jailbreak,bigboss,1798,18.415,0,5,105,8,4.2424564,-1.9656622,3.7600753,3.1824565,-0.37829268,-1.0796518
jailbreak,who,1095,17.107,0,1,170,9,-2.2936022,-0.6881221,0.5978304,-3.126877,0.843511,-0.12945189
jailbreak,here,1544,16.786,0,1,170,10,-1.0201924,-0.14782788,-0.01722677,-2.6188154,0.12210431,0.24904615
jailbreak,think,1377,16.584,0,1,156,11,-2.1402514,-0.41096234,0.7656031,-3.0465298,0.9089453,-0.4417823
jailbreak,been,2364,16.542,0,1,152,12,-1.9098443,1.4706527,1.2950759,-2.828824,1.065512,-0.18167289
jailbreak,beta,2113,16.474,0,1,146,13,4.204072,-0.91452795,1.197014,0.98291534,-1.9107382,0.93321323
jailbreak,your,6073,16.283,0,1,138,14,-2.3233576,-0.6364736,0.14566702,-3.7252882,0.5087585,0.337032
jailbreak,by,2790,16.094,0,1,165,15,-0.39719132,0.4623344,-0.86442685,-1.9502953,-0.116353825,0.59982204
jailbreak,guys,1123,16.065,0,1,140,16,-1.1773453,-1.2408602,0.35386053,-2.5332708,0.02028608,-0.34945717
jailbreak,would,2942,15.276,0,1,138,17,-2.6520884,-0.07666882,1.0830117,-3.172782,1.2400492,-0.2527835
jailbreak,more,2320,15.169,0,1,142,18,-1.1919302,-0.3833907,-0.4687384,-2.698736,0.15690249,0.9707182
jailbreak,has,4343,15.08,0,1,125,19,-1.5980692,1.6608256,1.2669415,-2.2448533,-0.0649025,0.4776435
jailbreak,free,2866,15.078,0,1,124,20,0.91348404,0.38429692,-1.9295585,-1.461445,-0.7716073,1.2995393
jobs,years,1140,12.546,0,3,111,1,1.4313064,2.7573955,-0.3805978,-2.0438457,0.7118587,0.2206025
jobs,months,1036,12.228,0,3,84,2,2.0087636,3.3326404,-0.8809557,-1.6519196,1.207409,0.120681725
jobs,so,1266,11.923,0,2,97,3,-0.78948814,-1.2352185,-0.6139013,-3.1185777,-0.6882985,-0.21709311
jobs,got,2627,11.823,0,3,91,4,1.241282,-0.6135476,-0.17920227,-2.9497821,0.37691778,-0.89768565
jobs,was,1685,11.343,0,3,97,5,1.5224797,-0.72892475,-1.1334807,-3.1935225,0.4661826,-0.7393948
jobs,people,1130,10.575,0,2,84,6,-0.5272415,-1.4246455,1.9776703,-3.1653438,1.1312002,0.8718072
jobs,just,2777,10.433,0,2,74,7,0.7728285,-1.5833976,0.69465816,-3.5247202,0.3733556,-0.45759273
jobs,after,2620,10.164,0,2,91,8,1.3418436,0.7993998,-0.80127877,-2.4006298,0.6087824,0.34676394
jobs,why,1377,10.057,0,2,77,9,-0.029317737,-1.0454702,0.8887359,-2.7720356,0.5529339,-0.0028814145
jobs,like,1588,9.849,0,2,74,10,-0.20031889,-1.3418176,0.6434114,-3.2754328,-0.06366012,-0.74290675
jobs,all,1110,9.788,0,1,88,11,-0.22061372,-0.8314152,1.1491727,-3.2166746,-0.068885975,0.47858277
jobs,this,4683,9.735,0,2,81,12,0.23640221,-1.0001224,0.28426996,-3.423039,0.12052153,0.25829396
jobs,who,1169,9.635,0,2,84,13,-0.16159265,-1.040071,1.706275,-3.126877,0.843511,-0.12945189
jobs,2,1182,9.506,0,2,77,14,None,None,None,None,None,None
jobs,r,1215,9.469,0,2,75,15,-4.4256196,3.8212686,1.9501488,-1.3318741,-2.923924,0.8412996
jobs,here,1020,9.439,0,2,74,16,0.22674516,-0.27626833,0.41764042,-2.6188154,0.12210431,0.24904615
jobs,been,1267,9.002,0,2,71,17,1.9665512,0.26978046,-0.934442,-2.828824,1.065512,-0.18167289
jobs,boss,1014,8.988,0,3,60,18,-0.31032643,1.6583095,-0.8490426,-0.6813559,-1.0806049,-0.28481686
jobs,don't,1524,8.91,0,2,64,19,None,None,None,None,None,None
jobs,me,4536,8.855,0,2,73,20,-4.083681,-1.5178975,-3.9390788,-2.815495,-2.5236044,-0.39501652
keto,photo,1403,144.576,1,51,1106,1,3.5042508,-0.66045386,-1.0937889,-0.9244708,-1.0486959,0.06768486
keto,friday,1429,136.849,1,45,1088,2,0.35636434,-1.4428072,-0.9216559,-1.5624464,-0.28814203,0.20290679
keto,pics,5392,122.487,1,50,648,3,3.3366508,0.5556792,-2.0934327,-1.4349222,0.21072546,-0.40752697
keto,nsfw,1234,122.217,0,56,650,4,5.2727437,2.6116405,-0.26611155,1.3006428,0.33649844,-0.71263635
keto,year,1238,115.966,0,34,667,5,-1.2118539,-1.6826391,-0.86432904,-2.3330073,0.2867338,0.3811472
keto,lbs,2414,107.196,0,26,687,6,-2.1247058,3.6472127,-0.576802,-0.48231858,0.5373343,-0.50840336
keto,progress,2331,104.312,0,38,698,7,0.36070272,0.18551888,1.8365877,0.19147328,0.95022017,1.3133366
keto,months,3118,96.289,0,32,600,8,-1.9370775,0.044446617,-1.3541551,-1.6519196,1.207409,0.120681725
keto,pounds,2652,87.093,0,22,516,9,-2.9166486,4.169677,-0.57144505,-0.21390362,1.4633052,-0.20122892
keto,thanks,1046,85.721,0,24,555,10,0.3318333,-2.4684417,-0.36916387,-2.0954514,-0.7854164,-0.32270223
keto,down,4161,76.361,0,21,487,11,-0.9402449,-1.0071175,-0.3637293,-2.4505754,-0.011835438,0.07782673
keto,lost,2355,74.443,0,14,556,12,-1.6554596,0.04144157,-0.080076545,-1.8178686,0.43551114,-0.38535884
keto,goal,1080,64.674,0,14,468,13,-0.2179457,-0.7849587,4.5802073,-0.86402637,-0.39074546,0.053411152
keto,since,1164,62.26,0,16,364,14,-1.4633639,-0.8132168,-0.9191784,-2.049326,0.8418807,-0.14755993
keto,6,1332,62.072,0,12,417,15,None,None,None,None,None,None
keto,finally,1172,53.918,0,17,424,16,-0.83002836,-1.7330934,-0.43390027,-1.7974865,0.69651,-0.4414816
keto,over,1402,48.856,0,8,372,17,-0.93909705,-1.4643807,-0.25651032,-2.4282598,0.20016232,0.49509627
keto,i've,2099,48.112,0,8,333,18,None,None,None,None,None,None
keto,1,2334,46.382,0,7,325,19,None,None,None,None,None,None
keto,sv,5821,44.962,1,20,235,20,1.0738796,0.8014903,3.7474842,2.029275,-1.7106017,0.070559695
law,judge,1577,19.545,0,5,124,1,2.6317935,0.761819,0.83572793,-1.007275,1.0094253,0.21507107
law,supreme,1590,16.252,0,4,103,2,4.403665,0.015430901,0.7642948,1.105407,0.7178315,0.8158273
law,that,2747,15.024,0,2,105,3,-2.0578701,1.5009412,-0.13600828,-3.7552161,0.8998972,-0.031067893
law,has,1075,14.801,0,2,97,4,-1.2272292,0.50436413,-1.1127213,-2.2448533,-0.0649025,0.4776435
law,federal,1042,14.544,0,3,103,5,4.372406,-0.99809605,-2.1561875,1.3774526,0.21132453,3.1459632
law,who,1417,14.457,0,2,100,6,-1.5802014,0.4755775,0.11670025,-3.126877,0.843511,-0.12945189
law,was,1049,14.284,0,1,106,7,-2.487069,1.4568394,1.1228917,-3.1935225,0.4661826,-0.7393948
law,court,3765,14.107,0,2,98,8,3.829757,0.7088904,0.9723958,-0.3325202,0.5415651,1.3937215
law,after,1031,13.998,0,1,106,9,-0.671412,1.1614984,0.57567,-2.4006298,0.6087824,0.34676394
law,as,1495,13.237,0,1,101,10,-1.158698,-0.6011739,-3.3412306,-2.2781217,-0.95820844,0.87362534
law,over,1026,12.565,0,2,86,11,-0.63499874,0.9693406,1.2588192,-2.4282598,0.20016232,0.49509627
law,against,1154,12.158,0,1,89,12,1.2342238,0.9224216,-1.4218926,-1.0291473,1.1390711,1.4632013
law,not,1975,12.124,0,1,93,13,-1.6424279,0.71609944,-0.31264102,-3.244656,0.52007806,0.40083283
law,s,1897,11.99,0,1,84,14,-0.79419816,-4.4800706,0.25478405,-0.96438384,-3.238136,0.82378256
law,school,1178,11.325,0,1,89,15,-0.72810525,0.7243938,3.4045596,-2.483635,0.0039181313,0.34466007
law,state,1028,11.004,0,1,87,16,2.452425,0.2941917,0.12847748,-0.7454629,0.6187696,1.8286747
law,from,2768,10.951,0,1,90,17,-1.5827571,0.8636721,0.04311949,-2.6115398,0.27107444,0.51758957
law,by,2109,10.911,0,1,93,18,-1.09556,0.34725457,-0.42346722,-1.9502953,-0.116353825,0.59982204
law,to,13831,10.797,0,1,90,19,-1.991333,0.5681338,-1.7623976,-3.2859278,-0.35538822,1.1889808
law,r,1166,10.296,0,1,86,20,-1.2724121,-5.911529,1.1891063,-1.3318741,-2.923924,0.8412996
leagueoflegends,discussion,9375,161.181,0,3,1396,1,-0.40242052,2.5708182,0.548789,0.6697181,0.52673733,1.2568616
leagueoflegends,logic,1127,159.673,0,0,1860,2,-0.022232644,1.0450763,1.6785088,0.499288,0.60785437,0.11669856
leagueoflegends,solomid,1379,159.258,0,1,2059,3,None,None,None,None,None,None
leagueoflegends,2015,6795,126.087,0,1,1319,4,None,None,None,None,None,None
leagueoflegends,summer,5858,115.817,0,1,1083,5,-3.7481341,-2.9138024,-0.78098446,-1.6730958,-0.36818188,-0.21060184
leagueoflegends,spring,4204,115.01,0,2,1068,6,-2.8507233,-3.1283631,-0.57986355,-0.65322596,-0.31056464,0.28507718
leagueoflegends,cloud,2240,107.599,0,1,1396,7,-0.569143,-0.88435626,2.3077533,0.46728706,-0.31593168,1.6404557
leagueoflegends,liquid,1285,104.159,0,1,1150,8,0.9556138,-2.2611241,1.7413939,1.1556721,0.090556085,-0.4750426
leagueoflegends,joins,1015,94.591,0,1,1216,9,0.61777073,0.60643494,-1.0211719,1.2092166,0.4028037,0.4604249
leagueoflegends,spoiler,23662,92.514,0,1,1023,10,0.017718783,1.4920042,0.090566844,1.0932263,-1.2586792,-0.5409794
leagueoflegends,montecristo,1292,92.19,0,1,1043,11,2.5957904,-0.76003903,1.0615038,3.9941492,0.10714422,-1.0632381
leagueoflegends,notes,3082,90.547,0,1,1398,12,-1.1975808,1.9047667,1.5903476,-0.17310679,-0.2073376,0.56254804
leagueoflegends,imaqtpie,2651,90.246,0,1,1209,13,None,None,None,None,None,None
leagueoflegends,roccat,1079,89.47,0,1,837,14,6.356499,-1.2032993,-0.84815204,4.035652,-0.1935224,-1.1025335
leagueoflegends,match,17420,88.041,0,1,987,15,-1.0352596,1.8661649,-3.9910429,-0.72705734,-1.3288985,0.27072707
leagueoflegends,comic,1410,85.947,0,1,991,16,0.12133742,1.1177509,0.40569142,0.8148599,-0.69612205,0.06602599
leagueoflegends,post,19730,84.845,0,1,962,17,-1.944682,1.4530214,0.40930516,-0.96799123,-0.9700228,1.1414212
leagueoflegends,dunkey,1036,83.451,0,1,1254,18,None,None,None,None,None,None
leagueoflegends,wolves,1185,82.896,0,1,882,19,1.1054465,-0.90505314,-2.612642,1.025651,0.6103043,-0.38023642
leagueoflegends,lmq,2296,82.477,0,1,1147,20,None,None,None,None,None,None
learnprogramming,free,1367,47.092,0,1,548,1,-0.1343216,-1.4738307,1.8316939,-1.461445,-0.7716073,1.2995393
learnprogramming,online,1280,31.39,0,1,294,2,1.7138572,-2.1083386,1.9062312,-0.5528194,-1.663725,2.3882015
learnprogramming,r,1437,21.892,0,2,168,3,-0.9575108,-5.333831,-3.1360586,-1.3318741,-2.923924,0.8412996
learnprogramming,your,1617,21.8,0,1,230,4,-2.6919265,1.2955531,0.014486208,-3.7252882,0.5087585,0.337032
learnprogramming,you,6230,20.505,0,2,204,5,-3.1491725,0.897559,-0.83923405,-4.033075,-0.037475616,-0.28735858
learnprogramming,just,2098,20.47,0,2,168,6,-2.5954106,1.383945,-0.45457193,-3.5247202,0.3733556,-0.45759273
learnprogramming,list,1645,20.078,0,2,165,7,-0.009804057,-1.4428464,1.2279477,-0.93048215,-0.05145143,1.1978829
learnprogramming,course,1258,19.929,0,1,225,8,0.24313824,0.8780906,0.44891843,-1.2624259,0.12675808,0.31050187
learnprogramming,computer,1554,18.216,0,1,181,9,2.2071476,1.2763363,0.015207048,-0.4691661,0.13642633,1.4124278
learnprogramming,programmer,1450,17.818,0,2,178,10,4.891828,1.1209756,-3.7193122,2.4138613,0.048185896,0.9764612
learnprogramming,so,1559,16.314,0,1,139,11,-2.192066,0.23174636,-0.82448936,-3.1185777,-0.6882985,-0.21709311
learnprogramming,started,1084,16.205,0,1,96,12,-0.73922914,0.94729763,0.46014044,-1.7621968,1.1011044,-0.42465985
learnprogramming,start,3322,15.561,0,1,97,13,-0.7314227,0.120132,0.6253787,-2.1518834,-0.014201978,0.47611654
learnprogramming,programming,10476,15.375,0,1,131,14,4.3555136,1.135403,-0.5180685,1.5746057,0.60326505,1.495009
learnprogramming,tutorials,1031,14.87,0,2,108,15,4.2270074,0.5238453,0.97699755,1.6327124,0.44338197,0.48550415
learnprogramming,first,2543,13.943,0,2,105,16,-1.301447,0.44647557,0.2690449,-2.34711,0.2744144,0.23318471
learnprogramming,by,1624,13.86,0,2,125,17,-1.282115,-0.035564482,-1.0316855,-1.9502953,-0.116353825,0.59982204
learnprogramming,that,5397,13.828,0,1,87,18,-2.8516233,1.7438489,-0.6241481,-3.7552161,0.8998972,-0.031067893
learnprogramming,books,1033,13.683,0,2,86,19,0.97032213,-0.6632209,2.681329,-0.6932857,0.96618444,0.61111647
learnprogramming,post,1022,13.318,0,1,71,20,0.027239576,-0.94357413,0.6901927,-0.96799123,-0.9700228,1.1414212
legaladvice,because,1417,14.076,0,2,133,1,-0.83889085,-1.6181974,-0.74706596,-3.0100658,1.2618247,-0.08475999
legaladvice,her,2844,13.981,0,3,101,2,-3.2243047,2.4153402,0.36199018,-3.1888888,0.1947253,-1.2958006
legaladvice,wife,1169,13.585,0,2,105,3,-0.27773562,2.9750807,-0.47671962,-1.4575951,0.8743942,-1.3490343
legaladvice,she,1827,13.355,0,3,97,4,-1.7971785,0.76584727,-0.53742313,-3.4891548,0.56836784,-1.3699143
legaladvice,now,3870,12.694,0,2,100,5,0.43047914,-1.6236123,0.77628374,-2.8247273,-0.011966664,0.30824298
legaladvice,had,1522,12.459,0,2,80,6,-0.2268536,-1.1761634,-0.15440543,-2.871008,0.79366267,-0.7124806
legaladvice,found,1127,12.226,0,2,101,7,1.4194921,0.023338122,-0.2757387,-1.6166267,1.0226976,-0.38971415
legaladvice,they,3487,12.161,0,2,103,8,-0.6951899,-2.7249343,-1.3743664,-3.5051446,1.4383961,0.38971087
legaladvice,his,2192,12.047,0,2,82,9,-2.4291015,0.7052868,0.18362875,-2.9064577,0.89347196,-0.6014442
legaladvice,mother,1208,11.846,0,2,65,10,0.64372516,2.5554543,0.1688181,-1.5951129,0.61369485,-1.2929611
legaladvice,him,1358,11.652,0,2,82,11,-1.9969736,-0.37919918,-0.7573063,-3.1272774,0.7650703,-0.98501414
legaladvice,wants,1685,11.649,0,2,99,12,-0.31001237,0.4951946,-0.40588796,-1.8333664,0.5275773,-0.09068284
legaladvice,our,1982,11.574,0,3,78,13,0.093214884,-1.4643259,1.4032353,-2.6149535,0.50715643,1.1347957
legaladvice,won't,1188,11.554,0,2,91,14,None,None,None,None,None,None
legaladvice,post,1287,11.211,0,2,58,15,2.0607917,-0.19990337,1.0372506,-0.96799123,-0.9700228,1.1414212
legaladvice,house,2438,11.148,0,2,68,16,1.9002535,0.5603638,1.9455572,-1.8251185,-0.17686044,0.044501543
legaladvice,home,1574,10.971,0,2,70,17,1.967706,-0.15800726,2.6054676,-2.184206,-0.5050177,0.2838229
legaladvice,old,1609,10.883,0,2,57,18,0.6162382,0.07999906,1.0451285,-2.1879292,0.23916592,-0.89891815
legaladvice,police,2095,10.876,0,2,81,19,3.8775961,0.95329857,-3.9973247,-0.5204222,0.8160596,1.7042092
legaladvice,them,1679,10.611,0,2,92,20,-1.2132553,-2.1848617,-0.80112094,-3.2708795,1.2085484,0.06055402
lego,built,1238,84.76,0,18,633,1,5.052124,0.64638734,0.17742941,0.0678786,1.6117593,0.5531782
lego,made,2434,77.75,0,15,645,2,0.8491172,0.6342304,-0.54261225,-2.28509,0.5075963,-0.4901376
lego,my,10940,77.731,0,17,625,3,-1.4151609,0.7646102,-0.08821764,-3.730388,-0.22782871,-0.46035725
lego,was,1709,77.029,0,17,648,4,-0.25191474,1.251565,-1.4129063,-3.1935225,0.4661826,-0.7393948
lego,old,1522,76.558,0,15,664,5,1.2383276,0.16079484,0.13696745,-2.1879292,0.23916592,-0.89891815
lego,i,9976,72.11,0,14,568,6,-2.399067,0.22873607,0.16168259,-3.6094012,-1.000925,-0.32947692
lego,this,6412,71.623,0,12,595,7,-0.8346106,0.6381358,-0.28334638,-3.423039,0.12052153,0.25829396
lego,at,3126,70.924,0,12,586,8,-1.1636668,0.85558665,3.7408767,-2.569361,-0.56025684,0.48392066
lego,so,1995,70.916,0,15,553,9,-1.614061,-0.6405399,-2.1569943,-3.1185777,-0.6882985,-0.21709311
lego,x,1299,70.458,0,12,562,10,-0.19189367,-5.4904118,-0.27600914,-1.1175205,-3.2103586,-0.32081115
lego,post,1322,69.558,0,12,609,11,0.78626376,-2.013124,0.8840769,-0.96799123,-0.9700228,1.1414212
lego,found,1675,68.074,0,15,511,12,2.0286825,0.9628088,-0.3868784,-1.6166267,1.0226976,-0.38971415
lego,i'm,1083,66.607,0,11,534,13,None,None,None,None,None,None
lego,an,1417,65.83,0,10,582,14,0.793613,-0.8880431,-1.1794488,-2.1368263,-0.7357933,0.54226786
lego,one,1542,65.809,0,12,605,15,-0.2197022,-0.7741374,-0.2553095,-2.7863765,-0.7878009,0.0035640583
lego,just,1920,65.054,0,11,539,16,-1.0541166,1.3081809,-0.50634825,-3.5247202,0.3733556,-0.45759273
lego,by,1372,64.718,0,11,609,17,0.06870752,-0.39910436,2.871015,-1.9502953,-0.116353825,0.59982204
lego,it,3212,64.53,0,11,559,18,-0.969347,0.6628672,-0.7237364,-3.6389697,0.21471155,0.22040805
lego,today,1226,64.367,0,14,457,19,-0.7905333,0.667181,0.6435514,-2.7574947,0.25998557,0.34778124
lego,got,1716,63.888,0,14,490,20,0.08723818,1.4242758,-0.8037912,-2.9497821,0.37691778,-0.89768565
lgbt,today,1771,71.645,0,9,663,1,0.5294816,-0.42130542,-1.1577729,-2.7574947,0.25998557,0.34778124
lgbt,came,1249,62.541,0,13,513,2,1.1839306,0.27188048,-0.7891276,-1.9116358,0.8544134,-0.9361706
lgbt,facebook,1159,62.003,0,6,618,3,-4.12517,1.28924,3.082375,-0.83643013,-2.07202,1.8222812
lgbt,my,9915,61.611,0,7,612,4,0.85058963,-1.8454363,0.70335114,-3.730388,-0.22782871,-0.46035725
lgbt,years,1283,60.98,0,7,666,5,0.9637391,2.4055662,-0.6916581,-2.0438457,0.7118587,0.2206025
lgbt,married,1040,59.975,0,6,640,6,0.19110982,3.4918354,0.59360665,-1.1832893,0.68308395,-1.2261817
lgbt,x,1850,57.021,0,6,563,7,-3.6662567,-0.12564479,-1.6082646,-1.1175205,-3.2103586,-0.32081115
lgbt,this,9846,56.64,0,5,602,8,0.4009943,-0.87853706,-0.6753777,-3.423039,0.12052153,0.25829396
lgbt,made,1362,55.529,0,6,559,9,0.5482568,-0.22195043,-0.7539245,-2.28509,0.5075963,-0.4901376
lgbt,her,1845,52.746,0,7,513,10,2.0427432,-1.4933347,3.8297403,-3.1888888,0.1947253,-1.2958006
lgbt,year,1781,51.966,0,7,570,11,0.61687225,2.2056112,-1.1646498,-2.3330073,0.2867338,0.3811472
lgbt,was,3559,51.468,0,7,481,12,1.6110486,-0.978548,-1.8641447,-3.1935225,0.4661826,-0.7393948
lgbt,me,4536,51.187,0,5,534,13,-3.3139598,-3.5227191,-0.23098654,-2.815495,-2.5236044,-0.39501652
lgbt,best,1297,49.444,0,5,518,14,-0.39627573,0.38193786,-1.1637852,-2.3450844,-0.89284056,-0.024310216
lgbt,our,1505,49.442,0,5,510,15,1.0090026,-0.0885063,0.73045594,-2.6149535,0.50715643,1.1347957
lgbt,post,2747,48.443,0,5,505,16,-2.2662165,1.0394273,0.9718082,-0.96799123,-0.9700228,1.1414212
lgbt,old,1279,47.784,0,8,461,17,0.59223706,1.416056,0.7105832,-2.1879292,0.23916592,-0.89891815
lgbt,so,3417,47.521,0,5,525,18,-0.8761528,-1.1952466,-1.246241,-3.1185777,-0.6882985,-0.21709311
lgbt,had,1155,47.252,0,7,454,19,1.4692681,-0.58215797,-1.4776151,-2.871008,0.79366267,-0.7124806
lgbt,his,2760,46.706,0,6,461,20,2.634758,-1.1481678,2.201624,-2.9064577,0.89347196,-0.6014442
linux,microsoft,1221,64.691,0,1,625,1,4.6082983,-0.08219409,-1.9268439,1.4053435,-0.79853916,2.6357322
linux,all,1163,58.293,0,3,536,2,-2.0512688,-0.67121404,-0.18670784,-3.2166746,-0.068885975,0.47858277
linux,will,1419,57.995,0,3,505,3,-1.6156514,0.5442102,-0.07222982,-2.8572311,0.3906718,0.7284385
linux,has,1644,56.497,0,6,483,4,-0.943165,2.8147042,-1.3823576,-2.2448533,-0.0649025,0.4776435
linux,support,1558,53.577,0,8,454,5,0.41205075,-1.6948177,1.7631713,-1.0722231,-0.036212258,1.8644795
linux,now,1742,51.307,0,6,455,6,-1.6520184,-0.29165217,0.2349829,-2.8247273,-0.011966664,0.30824298
linux,so,1126,50.952,0,2,423,7,-2.2089624,0.021825477,-1.6043985,-3.1185777,-0.6882985,-0.21709311
linux,this,3212,50.391,0,1,509,8,-2.3521826,-0.13191517,-0.329282,-3.423039,0.12052153,0.25829396
linux,source,2742,50.117,0,6,452,9,2.6002283,1.1563287,1.6494919,0.57385105,0.2312525,2.0514433
linux,open,3189,49.267,0,7,429,10,0.28034064,-3.6721792,-0.75140566,-1.3628125,-0.8748045,1.2134265
linux,by,1387,47.957,0,5,416,11,-0.81871474,-0.007224717,1.9753764,-1.9502953,-0.116353825,0.59982204
linux,released,2728,47.538,0,12,327,12,1.3895601,2.6427279,2.405121,-0.004977523,0.8723921,0.8912475
linux,google,1025,47.435,0,3,429,13,3.7899106,-0.23258176,-2.6572623,0.10840304,-1.6534,2.4000084
linux,if,1187,46.359,0,2,486,14,-2.1841073,-0.35707146,-0.30223492,-3.4172652,0.6949564,0.07018097
linux,software,2316,45.99,0,5,395,15,4.284777,-0.38223258,-0.060523055,1.2619559,-0.6908224,3.0328643
linux,users,1035,45.759,0,2,415,16,3.512506,1.0406983,0.58384854,0.42949674,0.66426677,2.7390294
linux,just,1442,45.151,0,2,433,17,-2.4586866,0.26560244,-0.79760885,-3.5247202,0.3733556,-0.45759273
linux,be,1989,44.544,0,4,419,18,-2.3528507,0.7027383,0.0029570572,-3.2174866,0.08383241,0.17779635
linux,free,1937,44.257,0,4,388,19,0.34164912,-2.4202049,2.0660205,-1.461445,-0.7716073,1.2995393
linux,that,3158,44.096,0,4,445,20,-2.581721,0.75445235,-0.61011463,-3.7552161,0.8998972,-0.031067893
longboarding,friend,1656,41.752,0,14,261,1,-0.51147705,0.9097063,-0.11499423,-2.352772,0.0680445,-1.1581174
longboarding,post,1278,41.308,0,12,282,2,0.12266689,2.2132976,0.62947524,-0.96799123,-0.9700228,1.1414212
longboarding,had,1013,40.355,0,14,242,3,0.45132712,-2.8864958,-0.8354486,-2.871008,0.79366267,-0.7124806
longboarding,we,1102,40.291,0,12,294,4,-0.77588665,-1.4673386,-0.9082498,-2.914085,-0.52950966,0.6924777
longboarding,was,1842,37.81,0,13,235,5,0.42060265,-2.9980974,0.19084841,-3.1935225,0.4661826,-0.7393948
longboarding,at,2486,37.786,0,14,242,6,1.5977087,2.2928662,0.6740919,-2.569361,-0.56025684,0.48392066
longboarding,old,1001,37.557,0,13,314,7,0.6969273,0.5537239,0.7445041,-2.1879292,0.23916592,-0.89891815
longboarding,finally,1159,36.679,0,20,183,8,1.7731801,-0.24779236,-1.7505107,-1.7974865,0.69651,-0.4414816
longboarding,when,1025,36.195,0,9,256,9,-0.002707,-0.1979913,-0.37155426,-3.621951,1.0671849,-0.3380017
longboarding,made,1766,35.732,0,12,222,10,0.12573121,-1.0918835,-0.4008698,-2.28509,0.5075963,-0.4901376
longboarding,this,8279,35.605,0,9,248,11,0.071785696,0.24053906,-0.09375235,-3.423039,0.12052153,0.25829396
longboarding,today,2465,35.555,0,17,198,12,0.837817,0.68064207,-1.1403592,-2.7574947,0.25998557,0.34778124
longboarding,so,3189,35.406,0,11,226,13,-1.4415491,-0.50097024,0.7781271,-3.1185777,-0.6882985,-0.21709311
longboarding,it,1101,34.823,0,13,202,14,0.22398742,-0.6470417,0.19255577,-3.6389697,0.21471155,0.22040805
longboarding,day,1832,34.451,0,14,210,15,0.7112707,1.4013335,-1.0507655,-2.7567844,-0.50667286,-0.0010164105
longboarding,after,1045,34.296,0,14,195,16,1.1765766,0.36751097,-0.34289876,-2.4006298,0.6087824,0.34676394
longboarding,here,1430,33.894,0,8,240,17,0.3159296,1.1095935,-0.9252569,-2.6188154,0.12210431,0.24904615
longboarding,like,2009,33.748,0,8,245,18,-0.47590384,0.17494783,0.56044865,-3.2754328,-0.06366012,-0.74290675
longboarding,an,1607,33.344,0,9,217,19,0.42547688,-0.6773449,4.6496534,-2.1368263,-0.7357933,0.54226786
longboarding,me,3728,33.07,0,8,229,20,-5.7434626,0.77079535,-0.4850412,-2.815495,-2.5236044,-0.39501652
loseit,pics,2784,105.874,0,28,712,1,0.3076132,-0.82880044,1.7080683,-1.4349222,0.21072546,-0.40752697
loseit,f,3411,98.74,0,13,809,2,3.7856116,-1.8191147,-1.8303725,-0.91317356,-2.8605049,0.72308725
loseit,gt,1274,98.342,0,18,832,3,3.8251472,0.4184873,-1.6829287,0.08984155,-2.3091908,-0.40792117
loseit,year,2588,93.324,0,14,733,4,-1.5005758,-0.7401026,1.0898256,-2.3330073,0.2867338,0.3811472
loseit,years,2235,89.941,0,15,739,5,-1.8428996,-0.2944509,0.83104974,-2.0438457,0.7118587,0.2206025
loseit,progress,4200,85.059,0,18,670,6,0.8932891,0.7359915,3.164703,0.19147328,0.95022017,1.3133366
loseit,went,1177,80.85,0,14,708,7,-1.632288,-1.3231431,-1.4273793,-2.1823683,0.9355526,-0.9345606
loseit,months,3396,80.319,0,16,667,8,-1.8868701,0.865226,1.1716621,-1.6519196,1.207409,0.120681725
loseit,lbs,5331,76.577,0,12,667,9,-0.18987353,4.0274925,-1.2173377,-0.48231858,0.5373343,-0.50840336
loseit,pounds,6063,74.373,0,10,693,10,-1.2187946,5.0468254,-1.0217565,-0.21390362,1.4633052,-0.20122892
loseit,lost,6895,72.076,0,10,707,11,-0.912667,0.43724155,-1.5601547,-1.8178686,0.43551114,-0.38535884
loseit,before,2064,69.345,0,10,625,12,-1.3654113,-1.2827481,0.44193974,-2.5872476,0.89573485,0.055239726
loseit,far,1121,68.871,0,12,674,13,-0.13284208,-0.054547764,0.30974367,-1.6439073,-0.14558049,0.14187889
loseit,since,1457,68.056,0,15,596,14,-1.6815174,-0.5282284,-0.022454744,-2.049326,0.8418807,-0.14755993
loseit,was,2478,67.632,0,11,629,15,-1.890259,-2.6603556,-2.225786,-3.1935225,0.4661826,-0.7393948
loseit,made,1199,67.293,0,11,592,16,-0.92939883,-1.18065,-0.3208932,-2.28509,0.5075963,-0.4901376
loseit,finally,2599,66.89,0,14,585,17,-1.1657615,-0.8831901,0.6960267,-1.7974865,0.69651,-0.4414816
loseit,sw,1682,66.081,1,13,604,18,3.8418095,-0.14910492,0.45871404,1.389159,-0.9459063,0.6638617
loseit,cw,1718,65.474,1,12,604,19,3.6956847,0.21317317,1.4373307,1.7552648,-1.1057411,0.1330833
loseit,25,1052,64.133,0,12,629,20,None,None,None,None,None,None
malefashionadvice,waywt,1013,125.464,0,73,922,1,None,None,None,None,None,None
malefashionadvice,guide,1688,114.385,0,2,1202,2,2.6172574,1.1788276,-1.6004752,0.1208105,0.15432441,1.6482441
malefashionadvice,album,1252,90.868,0,3,800,3,-0.7162888,-0.559639,-0.9519561,-1.0127494,-1.6028835,-0.10733312
malefashionadvice,inspiration,1602,62.891,0,2,634,4,1.8616618,0.042241804,-2.9032187,-0.51058424,0.23803733,-0.42374092
malefashionadvice,discussion,1016,54.187,0,44,211,5,3.1866238,1.160533,1.746753,0.6697181,0.52673733,1.2568616
malefashionadvice,years,1070,53.651,0,1,663,6,-0.61345494,-3.1371934,0.5955693,-2.0438457,0.7118587,0.2206025
malefashionadvice,x,1753,47.707,0,1,467,7,-2.6331365,1.7988607,0.19404563,-1.1175205,-3.2103586,-0.32081115
malefashionadvice,we,1093,44.538,0,1,359,8,-1.1074023,-1.6730639,-0.36626336,-2.914085,-0.52950966,0.6924777
malefashionadvice,year,1614,43.829,0,1,539,9,-0.60626686,-3.0281327,0.77661496,-2.3330073,0.2867338,0.3811472
malefashionadvice,r,2571,43.488,0,1,402,10,-4.2624435,2.0719242,0.9028023,-1.3318741,-2.923924,0.8412996
malefashionadvice,made,1857,43.155,0,1,414,11,0.22269715,-1.4955168,-0.37040535,-2.28509,0.5075963,-0.4901376
malefashionadvice,simple,1692,42.417,0,18,123,12,0.62922156,1.8677651,-2.780352,-0.8675724,-1.3847495,0.65966284
malefashionadvice,thread,1273,42.203,0,18,225,13,3.2114956,2.279376,3.1854684,1.2676537,0.21588847,-0.08971784
malefashionadvice,after,1536,41.336,0,1,489,14,-0.013398833,-2.5600555,1.1231799,-2.4006298,0.6087824,0.34676394
malefashionadvice,top,1495,39.932,0,1,517,15,-0.35364237,0.46156654,-0.053854626,-1.0466422,-1.6643066,0.94637656
malefashionadvice,2,1702,39.895,0,1,330,16,None,None,None,None,None,None
malefashionadvice,post,2659,39.24,0,1,372,17,1.0881971,0.46737346,0.60520273,-0.96799123,-0.9700228,1.1414212
malefashionadvice,spring,1654,37.259,0,1,290,18,0.6969012,-1.0859705,-0.3217227,-0.65322596,-0.31056464,0.28507718
malefashionadvice,5,1168,35.995,0,1,210,19,None,None,None,None,None,None
malefashionadvice,s,1004,35.476,0,1,393,20,-3.2080235,2.211102,0.21861286,-0.96438384,-3.238136,0.82378256
math,like,1179,22.453,0,1,233,1,-1.0630319,0.53550607,-0.9956267,-3.2754328,-0.06366012,-0.74290675
math,mathematical,1632,21.982,0,2,176,2,6.7576017,0.7352427,0.42437434,2.3800216,1.6246223,-0.18007718
math,at,1644,21.841,0,1,232,3,-0.53790677,-0.63433367,2.2706304,-2.569361,-0.56025684,0.48392066
math,proof,1205,21.819,0,1,209,4,2.9499302,0.28193748,0.16719322,-0.17677294,1.0517751,0.19320786
math,so,1072,21.754,0,1,239,5,-1.1993631,-0.36321545,-2.4616616,-3.1185777,-0.6882985,-0.21709311
math,by,1780,21.081,0,1,201,6,-0.009564603,-0.43388382,2.102919,-1.9502953,-0.116353825,0.59982204
math,from,2316,20.68,0,1,196,7,-0.9821673,0.12541041,2.0668664,-2.6115398,0.27107444,0.51758957
math,my,3225,20.623,0,0,244,8,-1.4491554,0.80807054,0.7604455,-3.730388,-0.22782871,-0.46035725
math,it,3369,20.453,0,1,214,9,-1.3586565,1.100671,-0.5870664,-3.6389697,0.21471155,0.22040805
math,that,3746,19.732,0,1,195,10,-1.22946,1.4622287,-0.5548477,-3.7552161,0.8998972,-0.031067893
math,r,2038,19.296,0,1,190,11,0.10025592,-6.2435026,-0.23385818,-1.3318741,-2.923924,0.8412996
math,your,1371,19.266,0,1,151,12,-1.3589777,1.6174495,0.37375408,-3.7252882,0.5087585,0.337032
math,mathematics,2316,19.024,0,2,143,13,5.9859543,0.57411027,-0.6279245,1.7181704,1.1744342,0.37679005
math,the,16948,18.738,0,1,177,14,-1.4468834,0.3739857,1.011567,-3.2426047,-0.24358808,0.80810684
math,why,2197,18.691,0,1,176,15,-0.35932696,0.5703515,-1.3505142,-2.7720356,0.5529339,-0.0028814145
math,in,8026,18.683,0,1,175,16,-0.9844055,-0.7502212,2.1944983,-2.8785682,-0.5683023,1.1003566
math,you,4623,18.621,0,1,176,17,-1.681121,0.9003561,-0.6107513,-4.033075,-0.037475616,-0.28735858
math,just,1008,18.53,0,1,173,18,-1.2270051,1.0370865,-0.35720485,-3.5247202,0.3733556,-0.45759273
math,as,1378,18.486,0,1,194,19,-0.4065816,-0.98648804,-3.3269968,-2.2781217,-0.95820844,0.87362534
math,one,1382,18.438,0,1,156,20,-0.5001318,-0.7107639,-0.26579672,-2.7863765,-0.7878009,0.0035640583
mcservers,mature,2672,1.965,0,1,9,1,2.4575973,-4.853,-0.44366392,-0.079261184,0.6187261,-0.6867383
mcservers,18,1528,1.952,0,1,9,2,None,None,None,None,None,None
mcservers,you,1139,1.895,0,1,8,3,-2.667651,-0.84213,-0.20723449,-4.033075,-0.037475616,-0.28735858
mcservers,people,1070,1.807,0,1,7,4,-1.5876281,-1.3647052,1.5758164,-3.1653438,1.1312002,0.8718072
mcservers,is,1341,1.795,0,1,7,5,-2.0485291,1.0934514,0.879048,-3.179791,-0.04706385,0.24855019
mcservers,map,1608,1.785,0,1,9,6,2.311905,3.057794,-0.6107417,0.6982419,-0.1341924,1.4494493
mcservers,on,1615,1.773,0,1,8,7,-1.67278,0.8247465,-1.0946968,-2.7134001,-0.83771306,0.9725021
mcservers,in,1554,1.72,0,1,7,8,-2.167633,1.4366093,0.8230362,-2.8785682,-0.5683023,1.1003566
mcservers,community,3694,1.696,0,1,8,9,2.075215,-1.0109636,0.8902057,0.12509368,0.16830693,2.0377045
mcservers,i,1037,1.689,0,1,8,10,-2.655092,-0.6254797,-1.0739124,-3.6094012,-1.000925,-0.32947692
mcservers,8,5940,1.687,0,1,7,11,None,None,None,None,None,None
mcservers,to,4110,1.652,0,1,7,12,-2.5932803,-0.2292255,-0.5600438,-3.2859278,-0.35538822,1.1889808
mcservers,a,7480,1.628,0,1,8,13,-1.8027378,-0.32434684,-3.7945578,-2.4333866,-2.5444493,0.38082778
mcservers,rpg,1373,1.623,0,1,9,14,4.409646,1.6718807,-0.73140305,2.3596973,-0.9487617,0.41260943
mcservers,of,3465,1.622,0,1,8,15,-2.0759928,1.484685,1.7300534,-2.9982007,0.07186476,1.1668499
mcservers,slot,1121,1.613,0,1,7,16,3.8131669,1.407899,-0.4756309,1.4954576,-0.29589906,0.43965095
mcservers,great,1276,1.598,0,1,8,17,-0.6231571,-0.3647681,0.7427716,-2.396747,0.38370907,0.23349452
mcservers,100,1285,1.596,0,1,8,18,None,None,None,None,None,None
mcservers,players,2739,1.593,0,1,7,19,1.6861193,-0.5699493,3.490278,-0.86042345,0.6998996,0.80661327
mcservers,amp,1252,1.581,0,1,9,20,3.1408281,-0.7924967,-1.1393266,0.9878386,-0.66699624,-0.14500606
memes,as,1405,23.077,0,1,221,1,3.7758088,-2.097785,-1.382465,-2.2781217,-0.95820844,0.87362534
memes,after,1613,22.257,0,2,215,2,0.07396707,0.0074001984,-0.6820603,-2.4006298,0.6087824,0.34676394
memes,every,1491,21.869,0,2,222,3,0.072974995,1.567452,0.6898084,-2.7683692,0.9118755,0.17137478
memes,good,1532,21.113,0,1,209,4,0.8058509,0.84864515,-0.7599396,-2.9332032,-0.30683005,-0.26410672
memes,i'm,1561,20.002,0,1,201,5,None,None,None,None,None,None
memes,an,1133,19.651,0,1,203,6,1.2358783,-3.1079402,2.5884454,-2.1368263,-0.7357933,0.54226786
memes,today,1400,19.621,0,1,186,7,-0.17004955,-0.0207598,-1.8479236,-2.7574947,0.25998557,0.34778124
memes,time,2049,19.386,0,1,183,8,1.0806551,0.9885126,-1.2021358,-2.5689878,-0.6856868,0.21413173
memes,one,2030,19.103,0,1,202,9,0.84546524,0.7560696,1.2227447,-2.7863765,-0.7878009,0.0035640583
memes,day,1401,18.918,0,1,194,10,0.125827,1.285771,-1.8714497,-2.7567844,-0.50667286,-0.0010164105
memes,my,7895,18.882,0,1,190,11,-1.3500363,0.36119202,-0.19546418,-3.730388,-0.22782871,-0.46035725
memes,this,8659,18.731,0,1,188,12,-0.29674885,0.6334545,0.13001357,-3.423039,0.12052153,0.25829396
memes,from,1360,18.616,0,1,158,13,-1.9065993,-0.42165145,0.0041030035,-2.6115398,0.27107444,0.51758957
memes,guy,1761,18.216,0,1,190,14,1.2248098,1.4896065,2.2647738,-2.1731968,0.5513065,-1.1612861
memes,at,2440,18.208,0,1,166,15,-1.5478309,-1.4486307,-1.0834489,-2.569361,-0.56025684,0.48392066
memes,all,2156,18.175,0,1,168,16,-1.0093017,1.0257077,-0.38349852,-3.2166746,-0.068885975,0.47858277
memes,who,1072,18.142,0,1,208,17,0.79088956,1.6827452,2.0341628,-3.126877,0.843511,-0.12945189
memes,up,1320,17.879,0,1,170,18,-0.48508823,0.21541761,-0.3629587,-3.0872686,-0.26721498,0.050360076
memes,on,4568,17.802,0,1,177,19,-0.26008636,-2.4089003,-0.5473257,-2.7134001,-0.83771306,0.9725021
memes,in,5034,17.532,0,1,174,20,-3.006387,-1.3563066,1.3846191,-2.8785682,-0.5683023,1.1003566
mexico,mexican,1435,20.445,0,7,135,1,-0.06992731,4.1213007,-0.24789436,-0.42801887,0.86683464,-0.90608007
mexico,mi,1272,19.83,0,7,137,2,2.6540582,-2.5266666,2.6661692,-0.18504715,-4.5805035,-0.32804257
mexico,and,1067,18.782,0,6,122,3,-4.1802316,0.5511754,0.40330815,-3.4310362,0.294699,0.15188493
mexico,r,2532,18.093,0,7,119,4,-0.33308932,-0.020337675,1.1743505,-1.3318741,-2.923924,0.8412996
mexico,me,1800,16.748,0,6,115,5,-1.112278,-2.5449152,-0.7069847,-2.815495,-2.5236044,-0.39501652
mexico,of,1735,16.6,0,6,105,6,-4.4611225,0.78742456,0.64403975,-2.9982007,0.07186476,1.1668499
mexico,the,2465,16.288,0,6,111,7,-4.3332415,0.6155803,0.29063794,-3.2426047,-0.24358808,0.80810684
mexico,in,2824,15.95,0,6,105,8,-3.5810273,0.49175996,2.4835577,-2.8785682,-0.5683023,1.1003566
mexico,mexico,5754,15.39,0,7,96,9,1.0879605,3.1096845,1.5987072,0.00014475909,-1.1158286,0.7138536
mexico,mexicano,1090,15.117,0,6,84,10,3.6829112,3.3630972,0.06276329,2.6567578,-1.7738471,-0.5435353
mexico,to,1894,14.763,0,6,97,11,-3.8888645,-0.39907196,-0.47697186,-3.2859278,-0.35538822,1.1889808
mexico,as,1531,14.663,0,6,87,12,-2.5144522,-0.5682378,-3.3476577,-2.2781217,-0.95820844,0.87362534
mexico,lo,1953,14.041,0,6,83,13,3.586727,-3.3486216,1.6555679,0.30842623,-4.874855,0.06545031
mexico,os,1286,13.811,0,6,70,14,1.6528946,-1.8740964,-4.8293724,0.70920944,-3.9180672,0.91292137
mexico,mexicanos,1147,13.529,0,7,72,15,4.179303,3.0844045,-0.30198386,2.744127,-1.5370975,-0.17305197
mexico,xico,5115,13.407,0,6,86,16,3.1702914,2.56993,-1.5887365,3.5253808,-0.60307264,-0.7733516
mexico,d,1340,13.276,0,5,83,17,0.4329007,-1.2359695,0.70692676,-0.80512816,-3.6941614,0.64147353
mexico,pe,1098,13.206,0,6,73,18,0.7237471,-0.69132614,-0.707456,0.20378566,-2.5377157,0.42556632
mexico,si,1233,13.158,0,5,74,19,3.206099,-2.801268,1.119112,0.4011238,-4.9698997,-0.31798115
mexico,no,3943,12.955,0,5,76,20,0.09733929,-2.6838477,-0.5980819,-1.9434946,-2.7007306,0.513746
mildlyinfuriating,fucking,1638,117.188,0,4,1697,1,2.065464,-1.8550014,-1.8448163,-2.6583438,0.012471427,-1.081282
mildlyinfuriating,shit,2315,104.678,0,4,1391,2,1.5793694,-1.5531199,-1.247654,-2.9900718,-0.09661475,-0.6081196
mildlyinfuriating,fuck,1406,104.657,0,5,1608,3,1.543442,-2.0951567,-1.6688396,-2.6575449,-0.41933048,-0.7493952
mildlyinfuriating,put,1076,91.924,0,5,1174,4,0.17382093,-0.9727889,1.3594469,-2.210422,0.12673463,-0.44446856
mildlyinfuriating,then,1018,90.907,0,4,918,5,0.37411696,0.11577453,0.5291776,-3.073671,0.6224968,-0.3619638
mildlyinfuriating,use,1096,89.83,0,4,804,6,-1.7517691,-0.93053347,1.7526803,-1.638817,0.2510551,1.1932615
mildlyinfuriating,how,2652,84.022,0,3,836,7,-0.5655589,-0.14479688,0.80263436,-3.1789849,0.71929175,0.18375136
mildlyinfuriating,got,1033,81.883,0,4,881,8,1.9423549,0.41603523,1.236645,-2.9497821,0.37691778,-0.89768565
mildlyinfuriating,do,2509,80.663,0,4,777,9,-4.139344,-2.1131592,-1.1557516,-2.8769507,-1.2141902,0.4546584
mildlyinfuriating,this,24940,79.3,0,4,712,10,0.23089828,1.3615128,-0.95094573,-3.423039,0.12052153,0.25829396
mildlyinfuriating,every,2346,77.346,0,5,684,11,-0.041239552,1.7004642,-0.23743162,-2.7683692,0.9118755,0.17137478
mildlyinfuriating,for,6273,76.04,0,4,707,12,-1.5710583,2.6002536,-1.5876327,-3.0441322,-0.3696654,1.2194023
mildlyinfuriating,my,13153,76.024,0,4,758,13,0.7286705,1.4606241,-0.56480664,-3.730388,-0.22782871,-0.46035725
mildlyinfuriating,does,1283,75.95,0,4,664,14,-0.83445567,-0.7020193,0.7848341,-2.6269302,1.2335058,-0.051058374
mildlyinfuriating,like,3377,75.939,0,4,702,15,0.47298244,-0.29389966,-0.46434483,-3.2754328,-0.06366012,-0.74290675
mildlyinfuriating,who,1574,75.768,0,4,755,16,-0.43935493,0.11647869,1.2128685,-3.126877,0.843511,-0.12945189
mildlyinfuriating,i'm,1803,75.347,0,4,693,17,None,None,None,None,None,None
mildlyinfuriating,day,1135,74.914,0,4,806,18,-0.41779596,2.557058,-1.1851641,-2.7567844,-0.50667286,-0.0010164105
mildlyinfuriating,had,1282,74.569,0,4,674,19,2.0992959,0.6502463,2.2488756,-2.871008,0.79366267,-0.7124806
mildlyinfuriating,make,1102,74.5,0,4,689,20,-1.4498366,-0.31797323,0.9802273,-2.8032298,0.14797789,0.20531139
mildlyinteresting,hotel,1446,170.166,0,4,2468,1,-4.701498,-1.6727114,0.36664173,-0.2326896,-1.9027367,0.4517179
mildlyinteresting,reflection,1021,150.049,0,3,2104,2,-0.19701543,2.7422822,-0.8903962,0.60796326,1.1272329,-0.47085133
mildlyinteresting,rock,1286,143.701,0,2,2252,3,-0.81450146,-0.24504961,-0.3120678,-0.6784322,-1.7836854,-0.49537662
mildlyinteresting,glass,2030,143.526,0,3,2412,4,-0.18886508,1.2655419,-1.0292602,-0.0054672835,0.15273462,-0.21719357
mildlyinteresting,grew,1340,140.944,0,5,2214,5,1.577822,1.8210025,4.013556,-0.12117433,1.7007221,-1.3038149
mildlyinteresting,tiny,1692,136.87,0,3,1937,6,0.800876,1.3798196,0.5182098,-0.18972191,0.48267493,-0.93217874
mildlyinteresting,room,1595,136.83,0,3,2071,7,-1.5193402,-0.6569973,0.4832979,-1.9065807,0.42261437,-0.3282455
mildlyinteresting,machine,1990,135.422,0,4,1999,8,0.43470058,-0.31382993,-1.380102,0.073090784,-0.12971638,0.28090236
mildlyinteresting,sign,3640,131.786,0,4,1913,9,0.39850867,-1.6823485,-0.7959871,-1.097228,0.46241286,0.67049193
mildlyinteresting,restaurant,1528,131.663,0,4,1432,10,-3.1984808,-1.8162477,0.69393283,0.13170286,-0.27126697,0.35261932
mildlyinteresting,shadow,1809,130.154,0,3,2020,11,-0.29596528,2.814655,-0.9951037,0.68508184,-0.22098653,-0.4735843
mildlyinteresting,perfect,2644,128.789,0,2,1972,12,-0.60969144,0.2163134,-2.2160985,-2.0671446,-0.53409207,-0.9479256
mildlyinteresting,tree,5117,128.397,0,5,1629,13,-0.17193359,2.0784776,0.7727467,-0.5723332,0.49280572,-0.6989199
mildlyinteresting,stop,1109,128.329,0,2,2080,14,0.75128525,-2.1453557,-0.32107303,-2.1860952,-0.10713767,0.09276842
mildlyinteresting,broke,1107,128.17,0,3,1876,15,1.6906631,-1.0692222,1.5444202,-1.5311513,1.1104991,-0.938011
mildlyinteresting,accidentally,1148,126.875,0,2,2057,16,3.0627184,-1.6836836,2.3748126,-0.56927127,1.876432,-1.1459786
mildlyinteresting,pattern,2115,126.725,0,3,1827,17,2.152124,1.1993642,-2.460079,0.675121,0.7721953,-0.12063968
mildlyinteresting,building,1803,126.436,0,3,1705,18,-1.5816305,0.88106614,1.173133,-0.2522713,0.9061948,1.7354096
mildlyinteresting,floor,1504,126.11,0,3,1677,19,-0.856835,-0.3923288,0.18186244,-0.8847173,0.11699895,-0.30783597
mildlyinteresting,button,1153,125.739,0,2,1735,20,3.267059,-2.7207453,-1.7224426,-0.4745939,-0.15517859,-0.17208393
motorcycles,he,1273,102.557,0,13,1051,1,1.4679586,-2.4217036,-1.8331192,-2.7646928,-0.82008827,-0.5936299
motorcycles,his,2205,90.209,0,11,859,2,3.4938984,-1.8358424,0.16617857,-2.9064577,0.89347196,-0.6014442
motorcycles,saw,1433,81.76,0,15,601,3,-0.052464318,1.9166598,-2.4915102,-1.6452175,0.14020331,-1.3867223
motorcycles,friend,1323,78.42,0,8,723,4,0.32590964,-0.2802299,0.19191653,-2.352772,0.0680445,-1.1581174
motorcycles,guy,1959,75.817,0,8,642,5,0.9614184,0.05770862,-0.8380939,-2.1731968,0.5513065,-1.1612861
motorcycles,her,1303,73.146,0,11,589,6,3.7339463,-2.155649,1.2972144,-3.1888888,0.1947253,-1.2958006
motorcycles,was,4342,72.218,0,11,633,7,0.60404426,1.0543647,-1.0725341,-3.1935225,0.4661826,-0.7393948
motorcycles,x,2481,68.294,0,6,626,8,-3.880569,-3.4789636,-2.2196891,-1.1175205,-3.2103586,-0.32081115
motorcycles,thought,1271,67.631,0,12,525,9,0.20849606,1.7947137,-1.0449239,-2.4158912,1.3569754,-0.9856474
motorcycles,we,1714,66.147,0,10,483,10,-1.432859,-0.21278444,0.29529113,-2.914085,-0.52950966,0.6924777
motorcycles,found,1782,65.919,0,10,542,11,0.3494965,1.6227709,-0.6902651,-1.6166267,1.0226976,-0.38971415
motorcycles,work,1975,65.359,0,8,526,12,-0.8267973,-0.09658537,2.7271821,-2.564885,0.5630508,0.6730019
motorcycles,home,1159,64.162,0,8,536,13,-1.3474101,-0.30977234,2.506994,-2.184206,-0.5050177,0.2838229
motorcycles,took,1499,63.019,0,12,493,14,1.0082401,1.907544,-0.15284091,-1.7923855,1.4048257,-0.85028756
motorcycles,made,1781,62.192,0,8,444,15,-0.048094988,0.83740395,-0.2749085,-2.28509,0.5075963,-0.4901376
motorcycles,night,1031,62.046,0,8,437,16,-1.8871522,0.11943492,1.6297282,-2.4922626,-0.66206264,-0.68668205
motorcycles,yesterday,1145,61.011,0,14,440,17,-0.25019923,1.7344031,0.45385212,-1.8821558,0.93812126,-0.6477822
motorcycles,years,1417,58.933,0,9,467,18,-0.2052363,0.50504005,0.8217709,-2.0438457,0.7118587,0.2206025
motorcycles,post,3292,57.919,0,6,508,19,-1.574799,-0.71478206,-0.29000613,-0.96799123,-0.9700228,1.1414212
motorcycles,well,1106,56.613,0,8,431,20,-0.64782834,-0.043729108,0.8177629,-2.7405248,0.37220907,-0.4463651
movies,confirms,1081,156.887,0,1,2213,1,-1.3994882,1.8283917,0.056150697,1.4602295,0.86483824,0.9954347
movies,filming,2232,139.929,0,1,2140,2,1.0733157,1.0076672,2.3972013,0.2834083,0.7093074,-0.32969585
movies,concept,1402,129.161,0,1,1853,3,1.3512657,-0.44278124,0.27622664,0.7797551,-0.010134031,0.7630738
movies,til,3934,127.034,0,1,2012,4,-3.3580463,0.5919391,3.1276357,-1.0522882,-0.53707576,-0.5449866
movies,image,1605,119.554,0,1,1931,5,2.033501,-2.2839987,0.18690863,0.15376258,-0.23646288,1.0418257
movies,million,2470,117.285,0,1,1686,6,-2.567345,-1.1482588,-0.94660974,-0.984038,0.5351191,1.3701212
movies,cgi,1072,116.243,0,1,1882,7,1.5994989,2.5334463,0.73604214,2.9338117,0.61406094,-0.032958265
movies,poster,9859,104.648,0,1,1594,8,1.8386996,-0.3853674,-1.037101,0.23237953,-1.5005239,-0.118618056
movies,studio,1403,103.087,0,1,1230,9,0.76548123,-0.04012959,1.1784683,-0.04857729,-1.6202269,0.39987132
movies,return,1771,98.843,0,1,1470,10,-2.0248325,0.46669412,0.8835922,-0.59062177,0.7072919,0.36603895
movies,photo,1964,96.91,0,1,1661,11,2.3368022,-3.2312965,-0.34614646,-0.9244708,-1.0486959,0.06768486
movies,used,1711,95.898,0,1,1498,12,-2.0131705,-1.3599826,0.37388942,-1.7011503,1.2934173,-0.028432412
movies,because,2402,94.365,0,1,1124,13,-2.7652602,-1.5132347,-0.18401594,-3.0100658,1.2618247,-0.08475999
movies,says,3301,93.906,0,1,1331,14,-2.8086772,-0.5373081,-0.72173744,-1.4983666,1.1672487,0.63161117
movies,daniel,1340,92.687,0,1,1075,15,-0.4969376,0.9935994,-3.0441692,-0.048944023,-1.8942561,-1.0832726
movies,photos,2817,92.168,0,1,1388,16,2.321071,-3.3634102,0.4043124,-0.8609178,0.0011181347,0.5635411
movies,deadpool,1109,92.154,0,1,1410,17,1.6771322,3.516258,0.0145472465,2.8464441,0.22101907,-1.2508763
movies,star,1035,91.855,0,1,1143,18,-0.23568705,-0.6157757,-1.4966882,-0.62938297,-1.6622225,-0.10101246
movies,leonardo,1093,91.695,0,1,1528,19,0.4227005,2.2949264,-3.732472,1.2064716,-1.0462692,-1.4882593
movies,stills,1093,90.488,0,1,1522,20,2.249979,1.6886243,1.8739679,1.938613,0.31586957,-0.78133035
mylittlepony,gif,1085,120.458,0,31,698,1,1.091589,-1.6764721,-3.4668212,0.5087607,-1.5573933,-0.7032857
mylittlepony,she,1894,75.587,0,19,453,2,-2.771511,2.836756,-0.03150014,-3.4891548,0.56836784,-1.3699143
mylittlepony,year,1179,75.077,0,18,509,3,-2.1398008,-1.6747696,1.3708895,-2.3330073,0.2867338,0.3811472
mylittlepony,her,3546,73.512,0,20,443,4,-2.9728749,4.2011504,-0.85011566,-3.1888888,0.1947253,-1.2958006
mylittlepony,cake,1150,73.422,0,28,437,5,-0.2668559,-0.8871484,0.3503925,-1.0173521,-0.4968839,-1.5456454
mylittlepony,happy,1695,73.204,0,24,425,6,-2.1129823,-2.3415504,2.445066,-2.4391472,-1.2275528,-1.0690936
mylittlepony,face,1054,72.478,0,21,434,7,-1.7186192,0.49749786,-3.0769837,-1.8403264,-1.1823047,-0.54780346
mylittlepony,comic,2519,72.06,0,17,490,8,1.6984751,-1.989424,-1.7417876,0.8148599,-0.69612205,0.06602599
mylittlepony,by,42704,71.754,0,41,330,9,-1.8742942,-0.8205431,-1.1130856,-1.9502953,-0.116353825,0.59982204
mylittlepony,sweetie,1146,71.651,0,25,485,10,0.32210362,0.8483879,2.2926977,-0.5266514,0.41428182,-1.7838408
mylittlepony,oh,1409,71.454,0,16,454,11,-1.2424922,-0.66524893,-0.8328293,-1.9382948,-1.9030315,-1.0891687
mylittlepony,luna,3821,70.143,0,28,378,12,2.500503,-0.22714475,-0.5510367,1.1422769,-2.6472921,-0.98347735
mylittlepony,rarity,3559,69.67,0,24,430,13,3.867503,0.8241606,0.9248602,2.7741265,0.95730335,-1.6021076
mylittlepony,being,1195,69.543,0,14,501,14,-2.6370144,0.41906154,0.082264446,-2.8774824,1.5018364,-0.1091999
mylittlepony,filly,1024,69.279,0,33,410,15,3.8242602,1.0129321,0.36561847,2.895881,0.45640266,-1.9264425
mylittlepony,princess,3589,68.769,0,28,374,16,0.8259777,0.8936956,1.8539613,-0.68282694,-0.867029,-1.8998454
mylittlepony,celestia,2686,68.064,0,25,384,17,4.453926,1.1164684,0.80869925,2.9852705,0.47683942,-1.6187391
mylittlepony,day,4155,66.455,0,18,440,18,-2.555506,-2.3339465,1.3726591,-2.7567844,-0.50667286,-0.0010164105
mylittlepony,say,1034,66.44,0,14,483,19,-2.1813264,0.31661198,0.17176834,-2.608526,0.1332203,-0.38639545
mylittlepony,lyra,1293,66.086,0,29,344,20,3.8889394,-0.35047174,-0.37471467,3.308531,0.00315365,-1.069377
nba,hits,1085,186.807,0,7,1838,1,-0.48812476,-0.06073805,-3.413026,-0.3291232,-0.5093121,0.5525177
nba,wojnarowski,1349,170.769,0,23,1293,2,None,None,None,None,None,None
nba,defeat,2157,137.758,0,19,1099,3,-0.04953213,1.2878106,-0.17981856,0.70979047,1.2892494,0.6483288
nba,stein,1126,132.639,0,23,1081,4,1.4389715,0.48648304,1.9156247,2.4451451,0.059965722,-1.1734915
nba,told,1081,129.783,0,13,1020,5,-2.272997,-3.3501189,1.1498501,-2.2329273,1.2945334,-1.2332821
nba,yahoo,1425,114.551,0,4,1009,6,-2.3026326,1.5739107,-0.9748912,0.87227386,-0.6460404,1.7853829
nba,sources,2199,111.289,0,7,939,7,-3.0709465,2.7935073,0.69822794,0.9356267,1.0848129,1.8145645
nba,source,1404,109.837,0,12,925,8,-3.2176003,2.6205823,0.3855875,0.57385105,0.2312525,2.0514433
nba,steph,1954,109.103,0,1,1189,9,0.9349487,-0.90381944,0.37976307,0.46161053,-0.043992627,-1.978061
nba,officially,1217,108.006,0,1,1056,10,-2.1179154,-1.8126581,-0.5258315,-0.7141253,1.0693065,-0.12830392
nba,duncan,2499,104.563,0,2,1008,11,1.8325688,0.48874018,1.604303,1.3149797,0.09891151,-1.0682559
nba,tim,2457,104.281,0,3,957,12,0.33004472,0.785755,1.8613282,0.22406304,-1.8990688,0.056377765
nba,oop,1192,103.816,0,9,851,13,2.4520948,-1.4834439,-0.8706534,1.3618026,-0.25779605,-1.3809134
nba,blocks,1199,102.189,0,10,793,14,0.64633435,0.40419158,-2.0312192,0.8756073,0.9883987,0.65351146
nba,noah,1018,102.029,0,3,1128,15,0.9424715,-0.7378586,0.990885,0.5266899,-1.0102981,-1.3536948
nba,buzzer,1148,101.434,0,4,939,16,1.8025709,0.51235956,-3.327263,1.5230845,-0.48905757,-0.79190415
nba,0,2450,99.818,0,6,742,17,None,None,None,None,None,None
nba,said,1783,99.163,0,6,792,18,-2.261861,-3.4484434,1.042244,-2.4672892,0.8450468,-1.0224626
nba,kawhi,1145,98.64,0,2,927,19,3.2391253,1.6057181,2.19939,2.9351666,0.5984655,-1.5045801
nba,alley,1132,97.484,0,9,851,20,2.1624787,-0.7619773,-0.9044977,1.0940475,0.6220724,-1.0560509
news,fcc,1413,176.445,0,2,2199,1,-0.8012411,3.0244038,-0.64695984,2.4815938,0.4805756,1.2055198
news,comcast,1323,173.699,0,1,2489,2,-0.26169112,3.4503517,-2.324092,1.8418663,0.98849374,0.8786375
news,unarmed,1616,147.703,0,1,1789,3,3.2203567,0.33467144,2.373615,2.1782997,1.5906941,-0.4121073
news,marijuana,6714,138.538,0,2,1790,4,-2.8452733,-2.7033174,1.6834793,0.5201974,1.5976124,1.2492726
news,cameras,1166,131.447,0,1,1669,5,1.3631592,0.62820107,-1.6424836,0.6929211,0.5729332,0.8293733
news,ruled,1066,130.998,0,3,1724,6,-0.8230121,1.0904405,0.27077892,1.3313996,1.6555051,0.22624335
news,officers,4213,118.126,0,2,1247,7,3.446599,-0.6753519,1.5792737,1.0514401,1.6883572,1.4686748
news,pot,2679,112.688,0,1,1338,8,-2.509024,-3.1490462,0.36984038,0.19370227,-0.24662624,0.05580143
news,tesla,1036,111.709,0,1,1759,9,-0.19588456,1.140581,-1.0118246,2.4966292,0.5670948,0.45604405
news,enforcement,1382,110.57,0,2,1374,10,1.7410789,0.7300396,1.9786043,2.006545,2.0398474,2.0110445
news,officer,8111,103.187,0,1,1065,11,3.9863276,-0.9221889,1.2814814,0.6255564,1.202121,1.1428632
news,cannabis,1010,102.293,0,1,908,12,-3.3672996,-1.9134767,2.1821823,1.8757322,0.5530363,1.1154099
news,neutrality,1434,101.544,0,1,844,13,-2.3259492,4.60131,1.6212096,3.1558661,1.4798021,1.0219412
news,spent,1120,100.052,0,2,1303,14,0.116569206,-1.6835842,-3.7748897,-1.0205308,1.5753964,0.018024977
news,instead,1498,99.767,0,1,1316,15,0.3673749,-1.7031983,-2.5995755,-1.6601647,1.3560642,-0.13954529
news,cop,5450,99.31,0,1,1042,16,1.9104322,-1.8561597,-0.6458073,-0.07132111,0.0125696855,-0.25914246
news,records,2279,97.862,0,1,1175,17,-1.027718,-0.4118907,-1.0432328,0.6287395,0.035610773,1.2670034
news,refuses,1377,97.52,0,1,749,18,-0.0006868324,0.45687023,-0.4985006,1.0005224,1.4826194,0.3848461
news,minimum,1300,97.231,0,1,1126,19,-0.59832704,-0.94681954,-1.1637471,0.78522885,0.385653,1.832609
news,fracking,1087,97.216,0,2,879,20,-1.3957909,0.50816464,2.010645,2.2850294,1.0096496,1.640272
news_r,s,1724,0.998,1,1,1,1,-1.9550357,-0.0004980385,-2.435122,-0.96438384,-3.238136,0.82378256
news_r,bp,1212,0.998,1,1,1,2,0.89910036,-0.13978252,0.23897475,1.2308758,-1.0062556,0.5698757
news_r,it,7522,0.992,1,1,1,3,-2.8533118,2.7229002,0.43585607,-3.6389697,0.21471155,0.22040805
news_r,game,1759,0.992,1,1,1,4,-2.6948767,2.4720814,0.2749392,-1.6725965,-1.3528845,0.5157377
news_r,nhk,4508,0.991,1,1,1,6,5.9337387,2.6782682,-1.578163,2.7106884,-0.72170806,0.25075915
news_r,tbs,1391,0.991,1,1,1,5,4.1094356,1.7962358,-0.32987264,2.1166813,-0.7001447,-0.3381738
news_r,trip,3152,0.99,1,1,1,9,-2.1067255,1.0771068,1.6594933,-1.0970507,-0.55143327,0.046963878
news_r,loca,6751,0.99,1,1,1,8,-0.868742,-4.524795,-1.2274404,1.339125,-3.0228498,-1.0342673
news_r,spor,4436,0.99,1,1,1,7,2.2392266,-1.5145689,2.4810014,2.6241047,-1.4617805,0.04577132
news_r,nati,6115,0.989,1,1,1,12,0.46271536,-3.1512222,-0.1266904,1.9949952,-1.6375726,-0.5751565
news_r,social,1099,0.989,1,1,1,11,-2.3834534,0.075851254,-0.18564351,-0.5346005,-1.0777386,2.9997962
news_r,info,1099,0.989,1,1,1,10,-1.0252584,0.44965637,-1.9513087,-0.14526871,-2.348463,2.215357
news_r,comp,8168,0.988,1,1,1,14,-0.7373753,0.3438576,1.0605267,0.47374982,-0.7624828,0.5139124
news_r,etce,3864,0.988,1,1,1,13,None,None,None,None,None,None
news_r,poli,2008,0.987,1,1,1,16,0.9630538,-2.494305,0.096416235,2.0407581,-1.8981428,0.22048116
news_r,n,2483,0.987,0,1,1,15,-0.5958791,1.2555665,-3.8130107,-0.9936986,-2.482717,0.30556273
news_r,worl,3429,0.987,1,1,1,17,-0.3533443,0.35525098,1.4957122,0.79994166,0.61278886,0.65965235
news_r,ente,8032,0.987,1,1,1,18,0.6741867,-2.4856293,0.05795836,2.0135212,-2.3928554,-0.3418803
news_r,impress,1222,0.987,1,1,1,19,0.2925413,1.0840267,3.8463724,0.029366925,1.1273321,-0.69349974
news_r,4gamer,1771,0.986,1,1,1,20,None,None,None,None,None,None
newsofiran,1,1992,1.0,1,1,1,9,None,None,None,None,None,None
newsofiran,50,1025,1.0,1,1,1,1,None,None,None,None,None,None
newsofiran,30,1189,1.0,1,1,1,2,None,None,None,None,None,None
newsofiran,,1002,1.0,1,1,1,3,None,None,None,None,None,None
newsofiran,93,1235,1.0,1,1,1,4,None,None,None,None,None,None
newsofiran,9,1330,1.0,1,1,1,5,None,None,None,None,None,None
newsofiran,94,1906,1.0,1,1,1,6,None,None,None,None,None,None
newsofiran,10,2679,1.0,1,1,1,7,None,None,None,None,None,None
newsofiran,15,1238,1.0,1,1,1,8,None,None,None,None,None,None
newsofiran,11,1008,1.0,1,1,1,14,None,None,None,None,None,None
newsofiran,8,1205,1.0,1,1,1,10,None,None,None,None,None,None
newsofiran,7,1155,1.0,1,1,1,11,None,None,None,None,None,None
newsofiran,22,1036,1.0,1,1,1,12,None,None,None,None,None,None
newsofiran,12,1195,1.0,1,1,1,13,None,None,None,None,None,None
newsofiran,6,1866,1.0,1,1,1,15,None,None,None,None,None,None
newsofiran,,376727,0.999,1,1,1,20,None,None,None,None,None,None
newsofiran,3,2803,0.999,1,1,1,19,None,None,None,None,None,None
newsofiran,5,2972,0.999,1,1,1,18,None,None,None,None,None,None
newsofiran,2,3605,0.999,1,1,1,17,None,None,None,None,None,None
newsofiran,20,1602,0.999,1,1,1,16,None,None,None,None,None,None
newsokur,r,1793,18.187,0,12,69,1,None,None,None,-1.3318741,-2.923924,0.8412996
newsokur,5,1180,13.543,0,9,53,2,None,None,None,None,None,None
newsokur,10,1028,13.458,0,9,49,3,None,None,None,None,None,None
newsokur,2,1578,13.365,0,9,58,4,None,None,None,None,None,None
newsokur,,39777,13.337,0,9,55,5,None,None,None,None,None,None
newsokur,3,1772,13.045,0,9,55,6,None,None,None,None,None,None
newsokur,1,2035,13.006,0,9,55,7,None,None,None,None,None,None
newsokur,4,1210,12.122,0,9,51,8,None,None,None,None,None,None
nfl,source,1674,148.758,0,12,1126,1,-0.69085157,1.3616432,-0.6057383,0.57385105,0.2312525,2.0514433
nfl,per,1972,147.281,0,13,1191,2,0.6429177,-3.859416,-5.073459,-0.0217756,-2.2603385,1.7572743
nfl,32,1119,145.387,0,28,910,3,None,None,None,None,None,None
nfl,0,2163,144.586,0,34,943,4,None,None,None,None,None,None
nfl,12,1383,125.721,0,3,1393,5,None,None,None,None,None,None
nfl,thread,5590,125.044,0,36,721,6,0.9657161,1.4339985,0.8953396,1.2676537,0.21588847,-0.08971784
nfl,schefter,1177,121.897,0,2,1130,7,2.3202488,4.975478,-2.864529,3.3936722,0.7443875,-0.48145878
nfl,yards,1798,118.58,0,7,1034,8,4.0864983,-0.5549984,2.2605908,0.65032977,0.94279444,-0.30720383
nfl,9,1568,116.616,0,9,824,9,None,None,None,None,None,None
nfl,twitter,2439,111.553,0,3,1072,10,-3.7776475,-0.8295811,-0.78318983,-1.5024444,-2.6337445,1.2255261
nfl,since,1966,109.12,0,5,1048,11,-2.1594932,-0.41384166,1.8083317,-2.049326,0.8418807,-0.14755993
nfl,7,2164,108.045,0,12,757,12,None,None,None,None,None,None
nfl,8,1949,108.005,0,9,755,13,None,None,None,None,None,None
nfl,said,1291,107.774,0,6,912,14,-2.5661404,0.6963261,1.4776442,-2.4672892,0.8450468,-1.0224626
nfl,4,4378,106.465,0,8,813,15,None,None,None,None,None,None
nfl,13,1086,104.205,0,4,1038,16,None,None,None,None,None,None
nfl,11,1472,101.954,0,4,799,17,None,None,None,None,None,None
nfl,6,2620,101.564,0,9,734,18,None,None,None,None,None,None
nfl,official,1412,99.59,0,5,701,19,-2.0044892,0.103362516,0.9750231,-0.25766072,-0.8559357,0.85184574
nfl,rb,1851,99.321,0,7,819,20,3.1832411,-2.9129698,1.9099866,0.684255,-1.8351482,0.20333666
nosleep,found,1169,133.557,0,13,1009,1,1.346362,1.9411099,0.13791381,-1.6166267,1.0226976,-0.38971415
nosleep,an,1525,107.698,0,6,1194,2,-2.2641275,3.0393538,-1.4301358,-2.1368263,-0.7357933,0.54226786
nosleep,friend,1166,89.62,0,6,793,3,0.22028148,0.8381556,1.6726441,-2.352772,0.0680445,-1.1581174
nosleep,been,1036,86.092,0,8,931,4,1.9383202,1.0356723,-0.5930533,-2.828824,1.065512,-0.18167289
nosleep,now,1190,83.226,0,5,729,5,0.22371815,-1.1827161,-0.33156148,-2.8247273,-0.011966664,0.30824298
nosleep,was,2928,82.904,0,5,830,6,1.7412909,1.230182,-1.3277264,-3.1935225,0.4661826,-0.7393948
nosleep,last,1171,81.632,0,5,905,7,0.7312436,0.6810963,-1.4166247,-2.4523034,-0.095323265,-0.17974901
nosleep,have,2173,81.023,0,5,747,8,0.6486313,-0.61223924,0.6618265,-3.513116,0.79508233,0.23116368
nosleep,i,15949,75.263,0,5,669,9,-0.2861918,-1.6703182,-0.3244187,-3.6094012,-1.000925,-0.32947692
nosleep,at,2290,75.089,0,6,621,10,-1.230244,-1.327663,-3.3832617,-2.569361,-0.56025684,0.48392066
nosleep,never,1344,73.559,0,6,646,11,1.4612712,0.093679786,1.6332166,-3.041413,0.4030866,-0.54474926
nosleep,why,1136,73.141,0,6,626,12,1.1476389,-1.1608907,0.7266644,-2.7720356,0.5529339,-0.0028814145
nosleep,for,2646,73.135,0,3,570,13,-1.9525498,-1.9803438,-0.83538395,-3.0441322,-0.3696654,1.2194023
nosleep,my,15160,71.86,0,6,655,14,-0.13898133,-0.8623306,0.26679483,-3.730388,-0.22782871,-0.46035725
nosleep,old,1096,71.75,0,6,655,15,0.932561,1.4774112,0.40203688,-2.1879292,0.23916592,-0.89891815
nosleep,to,7408,70.637,0,5,601,16,-2.3754106,-1.867261,1.7067431,-3.2859278,-0.35538822,1.1889808
nosleep,i'm,2526,70.139,0,5,539,17,None,None,None,None,None,None
nosleep,a,13502,70.078,0,5,616,18,-3.8004873,2.3830438,1.5305365,-2.4333866,-2.5444493,0.38082778
nosleep,about,1098,69.369,0,5,609,19,0.37929687,-1.1854258,0.4208149,-3.0813727,0.75868714,0.34861624
nosleep,think,1906,68.88,0,6,621,20,1.2773799,-0.8705102,0.48297203,-3.0465298,0.9089453,-0.4417823
nostalgia,these,4990,70.488,0,13,624,1,-0.3359438,0.8043152,1.7800925,-2.736071,1.192778,0.26037702
nostalgia,who,1812,66.978,0,9,705,2,-0.07795586,1.7209269,0.66873085,-3.126877,0.843511,-0.12945189
nostalgia,school,1453,66.117,0,9,582,3,0.8616401,-2.9971094,2.371942,-2.483635,0.0039181313,0.34466007
nostalgia,were,1593,65.967,0,10,572,4,2.0816383,0.68726665,-0.16153069,-2.7464306,1.3570955,-0.3241211
nostalgia,at,1799,64.487,0,11,637,5,-0.8553632,-2.6623552,2.022611,-2.569361,-0.56025684,0.48392066
nostalgia,had,1841,64.143,0,11,633,6,2.3868577,-0.1835203,-1.7095963,-2.871008,0.79366267,-0.7124806
nostalgia,found,1457,60.624,0,13,667,7,1.7896749,0.7138969,-0.37300447,-1.6166267,1.0226976,-0.38971415
nostalgia,best,1600,59.422,0,11,515,8,-0.9761304,-0.9158263,-1.5301756,-2.3450844,-0.89284056,-0.024310216
nostalgia,when,2652,57.409,0,9,557,9,-0.86452985,0.72931564,0.3657043,-3.621951,1.0671849,-0.3380017
nostalgia,was,5154,55.144,0,9,525,10,2.389817,-0.7964452,-1.7141584,-3.1935225,0.4661826,-0.7393948
nostalgia,like,1094,54.929,0,8,493,11,-0.7643266,0.48094645,0.5617548,-3.2754328,-0.06366012,-0.74290675
nostalgia,old,1773,54.681,0,7,574,12,0.5362216,0.14547062,1.6736748,-2.1879292,0.23916592,-0.89891815
nostalgia,how,1052,53.437,0,8,492,13,-0.73249775,1.5238708,0.18973488,-3.1789849,0.71929175,0.18375136
nostalgia,your,1473,53.233,0,8,502,14,-3.4439654,0.43901837,-1.195515,-3.7252882,0.5087585,0.337032
nostalgia,used,1334,53.183,0,9,498,15,1.787532,1.3278015,0.50327355,-1.7011503,1.2934173,-0.028432412
nostalgia,it,3228,52.886,0,8,505,16,-1.1501601,0.22624695,-0.8006388,-3.6389697,0.21471155,0.22040805
nostalgia,my,7743,52.319,0,10,502,17,-2.0286314,-0.70452684,-1.2803135,-3.730388,-0.22782871,-0.46035725
nostalgia,else,2479,51.932,0,8,465,18,-0.5848845,1.9925696,0.98292166,-2.3998125,1.1771288,-0.3504384
nostalgia,have,1566,51.028,0,9,420,19,0.14907935,0.6128743,-1.0888575,-3.513116,0.79508233,0.23116368
nostalgia,in,6206,50.932,0,7,464,20,-0.16807011,-3.1447337,-1.266651,-2.8785682,-0.5683023,1.1003566
notinteresting,like,1767,57.982,0,3,708,1,-0.036696896,1.472452,0.053087886,-3.2754328,-0.06366012,-0.74290675
notinteresting,picture,1364,48.841,0,4,535,2,0.19377285,2.1737359,4.043431,-1.9575729,0.3887631,-1.0706995
notinteresting,of,6704,46.928,0,3,511,3,1.2213595,-2.3992515,0.48744228,-2.9982007,0.07186476,1.1668499
notinteresting,day,1050,46.59,0,3,483,4,-0.23246428,-0.3760827,1.5435024,-2.7567844,-0.50667286,-0.0010164105
notinteresting,you,2068,46.544,0,3,513,5,-0.0751433,1.1884444,-1.3593547,-4.033075,-0.037475616,-0.28735858
notinteresting,me,1454,45.712,0,3,507,6,-5.316918,-0.02364704,-1.2323462,-2.815495,-2.5236044,-0.39501652
notinteresting,it,1173,45.474,0,3,424,7,0.7314398,0.9908105,-0.26987916,-3.6389697,0.21471155,0.22040805
notinteresting,for,2438,45.467,0,3,506,8,0.08778172,-1.02189,-0.6302689,-3.0441322,-0.3696654,1.2194023
notinteresting,it,3198,44.066,0,3,504,9,0.7314398,0.9908105,-0.26987916,-3.6389697,0.21471155,0.22040805
notinteresting,what,2530,43.689,0,3,500,10,0.7568411,1.3249667,-0.68262506,-3.2040205,0.28209987,-0.0018237375
notinteresting,this,15257,43.361,0,3,423,11,0.27300867,0.49514815,0.77937454,-3.423039,0.12052153,0.25829396
notinteresting,in,6251,42.788,0,3,397,12,0.7645935,-3.5218084,0.7639245,-2.8785682,-0.5683023,1.1003566
notinteresting,not,2687,42.706,0,3,460,13,0.5569954,0.71320105,-1.1069248,-3.244656,0.52007806,0.40083283
notinteresting,a,11799,42.65,0,3,416,14,-3.8443005,-0.98057127,0.95670897,-2.4333866,-2.5444493,0.38082778
notinteresting,the,9827,42.584,0,3,399,15,1.0572332,-1.5460877,-0.05422641,-3.2426047,-0.24358808,0.80810684
notinteresting,but,1061,42.547,0,3,270,16,0.5527161,1.4398905,-0.7070972,-3.4802496,0.46259698,-0.009232555
notinteresting,that,1338,42.199,0,2,319,17,0.84765214,1.1060323,-0.3454482,-3.7552161,0.8998972,-0.031067893
notinteresting,with,1395,40.346,0,3,345,18,0.3797881,-0.24372266,0.4693078,-3.0356035,0.23814338,0.09945579
notinteresting,is,7141,39.795,0,3,389,19,1.0274159,-0.7665106,-0.52797836,-3.179791,-0.04706385,0.24855019
notinteresting,are,1198,39.527,0,3,388,20,1.0549264,-0.025110267,-2.1806335,-3.1324968,0.5529448,0.6463594
nottheonion,accidentally,1010,100.045,0,1,1220,1,1.0339664,4.6604223,1.4181203,-0.56927127,1.876432,-1.1459786
nottheonion,than,1286,98.73,0,1,1041,2,-2.1700523,-0.5383149,-0.52712554,-2.6687617,0.9965041,0.19805433
nottheonion,0,1710,92.677,0,1,910,3,None,None,None,None,None,None
nottheonion,porn,1138,89.279,0,1,1247,4,2.787812,2.0039823,-3.0693736,-0.5950961,0.3092205,-0.3056584
nottheonion,stop,1370,88.128,0,1,668,5,0.18612832,-0.120094724,-0.0041491985,-2.1860952,-0.10713767,0.09276842
nottheonion,too,1443,87.448,0,1,1040,6,-1.6087977,-0.78745425,-1.0885178,-2.9900703,-0.045363046,-0.5515425
nottheonion,t,1832,80.18,0,1,681,7,1.7181993,-3.9145055,2.482485,-1.0199112,-3.2262266,0.82829136
nottheonion,anti,1023,79.957,0,1,690,8,4.1221056,-2.3038073,-0.24948531,0.77935284,-1.5058775,1.0585175
nottheonion,it,4007,79.253,0,1,765,9,-2.0915263,-0.51511955,-0.6978733,-3.6389697,0.21471155,0.22040805
nottheonion,people,2257,79.124,0,1,816,10,-1.7982277,0.16968744,-0.15063189,-3.1653438,1.1312002,0.8718072
nottheonion,calls,1245,77.982,0,1,860,11,0.5648651,2.0200946,1.3900838,-0.9760114,1.4032253,0.26360032
nottheonion,years,1456,77.384,0,1,805,12,-1.0482048,-0.11943216,0.2145491,-2.0438457,0.7118587,0.2206025
nottheonion,more,1798,76.205,0,1,619,13,-1.9755521,-1.4056858,-0.6838646,-2.698736,0.15690249,0.9707182
nottheonion,1,1112,75.78,0,1,807,14,None,None,None,None,None,None
nottheonion,make,1139,75.295,0,1,737,15,-1.4942151,-0.5016724,-1.0545874,-2.8032298,0.14797789,0.20531139
nottheonion,kids,1134,74.843,0,1,627,16,-0.1942429,0.03158332,0.037962936,-1.8247198,0.34385693,-0.01916469
nottheonion,north,1366,74.786,0,1,655,17,0.39945146,0.5038625,3.5229292,-0.38914445,0.45175746,1.253061
nottheonion,gay,1905,73.861,0,1,663,18,3.2557826,-0.41741005,-1.9957021,-1.0434382,-1.2220412,-0.26643392
nottheonion,because,2537,73.045,0,1,681,19,-1.6051658,0.58795094,-0.57576454,-3.0100658,1.2618247,-0.08475999
nottheonion,wants,1230,72.79,0,1,429,20,-0.08232979,0.645912,1.0309445,-1.8333664,0.5275773,-0.09068284
nyc,train,1427,47.542,0,3,438,1,1.8261609,-1.9477185,4.8240075,-1.0042192,-0.479894,0.18571493
nyc,x,1292,41.97,0,2,436,2,0.6351066,-3.815762,-2.188651,-1.1175205,-3.2103586,-0.32081115
nyc,last,1197,41.88,0,2,371,3,-1.3018631,0.16074301,-0.52446663,-2.4523034,-0.095323265,-0.17974901
nyc,building,1094,39.42,0,3,397,4,2.1569092,1.8733081,0.81123084,-0.2522713,0.9061948,1.7354096
nyc,was,1928,38.766,0,3,320,5,-2.2133324,0.91729087,-0.17861144,-3.1935225,0.4661826,-0.7393948
nyc,subway,2843,37.968,0,3,337,6,3.369982,0.42005354,1.608591,0.31272027,-0.38002533,-0.30337277
nyc,post,1795,37.773,0,2,358,7,0.62657106,-0.17179109,-1.1349313,-0.96799123,-0.9700228,1.1414212
nyc,when,1014,37.079,0,2,356,8,-1.9551251,0.9337637,0.33886594,-3.621951,1.0671849,-0.3380017
nyc,today,1521,36.479,0,2,359,9,-1.3510729,0.5931174,0.19318302,-2.7574947,0.25998557,0.34778124
nyc,this,7333,36.219,0,2,339,10,-2.0432048,0.19828703,0.6786458,-3.423039,0.12052153,0.25829396
nyc,nypd,1763,35.612,0,6,275,11,4.971638,2.7978265,-1.4623156,2.4704432,1.4901192,0.4197782
nyc,night,1583,34.508,0,2,329,12,-1.103402,-0.2190221,-0.34053385,-2.4922626,-0.66206264,-0.68668205
nyc,square,1564,34.496,0,2,335,13,3.1076043,-0.054728277,-1.0109725,0.13727087,-0.49365345,0.12206263
nyc,times,1119,32.096,0,3,290,14,0.22877975,0.30255443,-1.5153775,-1.8259547,0.5680162,0.51176506
nyc,over,1411,31.283,0,4,292,15,-1.0510708,0.8170597,-0.7479143,-2.4282598,0.20016232,0.49509627
nyc,my,4564,31.232,0,1,304,16,-2.4609284,-0.10066859,0.6093684,-3.730388,-0.22782871,-0.46035725
nyc,just,1778,31.208,0,1,284,17,-1.9817958,0.7123436,0.27100748,-3.5247202,0.3733556,-0.45759273
nyc,from,6030,30.953,0,2,287,18,-1.4524417,0.60238045,0.37025258,-2.6115398,0.27107444,0.51758957
nyc,after,1532,30.852,0,5,279,19,-0.83978987,1.1421021,-0.014421717,-2.4006298,0.6087824,0.34676394
nyc,r,3000,30.508,0,3,272,20,0.8312801,-5.161137,-0.58695656,-1.3318741,-2.923924,0.8412996
occupywallstreet,they,2121,61.251,0,9,516,1,-1.510401,1.472435,0.86863655,-3.5051446,1.4383961,0.38971087
occupywallstreet,them,1036,60.29,0,8,585,2,-1.265555,1.8838592,1.2146652,-3.2708795,1.2085484,0.06055402
occupywallstreet,now,1483,59.9,0,9,482,3,-1.1320779,0.23878798,-1.3544751,-2.8247273,-0.011966664,0.30824298
occupywallstreet,their,1754,57.631,0,11,404,4,-0.7069455,1.936748,1.6889032,-2.862955,1.4796243,0.9904445
occupywallstreet,us,2149,57.523,0,8,466,5,0.59413964,0.55046207,0.86755997,-2.3342493,0.076385766,1.4165329
occupywallstreet,has,2186,57.42,0,9,473,6,-0.34423047,-2.445063,0.6545315,-2.2448533,-0.0649025,0.4776435
occupywallstreet,after,1217,56.461,0,9,432,7,0.09744007,0.4517996,-0.7118899,-2.4006298,0.6087824,0.34676394
occupywallstreet,who,1960,56.364,0,7,500,8,-0.81595504,0.4741825,1.327339,-3.126877,0.843511,-0.12945189
occupywallstreet,right,1032,54.663,0,8,454,9,-1.1014117,0.60499954,-0.88260114,-2.9434712,0.5241887,-0.17900251
occupywallstreet,no,1269,54.599,0,8,462,10,-0.49370816,-5.6217055,0.9274933,-1.9434946,-2.7007306,0.513746
occupywallstreet,that,4321,54.326,0,9,437,11,-1.6960378,0.38045707,0.06438517,-3.7552161,0.8998972,-0.031067893
occupywallstreet,was,1562,53.875,0,7,407,12,-1.2607056,-0.29162616,-1.9140218,-3.1935225,0.4661826,-0.7393948
occupywallstreet,than,1142,52.96,0,12,341,13,-0.5165722,0.7942783,0.4494019,-2.6687617,0.9965041,0.19805433
occupywallstreet,so,1263,52.064,0,6,482,14,-1.8294553,-0.849974,-1.6055578,-3.1185777,-0.6882985,-0.21709311
occupywallstreet,government,1076,52.051,0,8,373,15,4.1261067,0.51515645,1.0572181,-0.062417895,2.2125802,3.0424454
occupywallstreet,bank,1362,51.986,0,8,461,16,3.9616003,-0.015360868,-3.8228843,-0.13445309,-0.3867183,1.6832082
occupywallstreet,just,1582,51.074,0,6,407,17,-1.7515574,0.17228895,-0.87906945,-3.5247202,0.3733556,-0.45759273
occupywallstreet,not,2931,50.532,0,7,437,18,-1.1507901,-0.21396352,-0.18579379,-3.244656,0.52007806,0.40083283
occupywallstreet,police,3859,50.155,0,9,419,19,3.6723096,1.0106684,-0.19583052,-0.5204222,0.8160596,1.7042092
occupywallstreet,obama,1046,49.31,0,7,354,20,3.123811,-1.0484282,2.4319885,-0.5799885,0.5127698,1.6562415
oculus,by,1085,26.782,0,7,178,1,-0.6414828,2.1989856,0.2692265,-1.9502953,-0.116353825,0.59982204
oculus,support,1588,26.581,0,10,157,2,1.4123609,0.58178747,2.965836,-1.0722231,-0.036212258,1.8644795
oculus,we,1345,26.013,0,6,167,3,-0.97733396,-0.677446,1.5864773,-2.914085,-0.52950966,0.6924777
oculus,now,1883,25.769,0,7,144,4,-1.131975,0.25472304,-0.19539388,-2.8247273,-0.011966664,0.30824298
oculus,4,1120,24.681,0,8,152,5,None,None,None,None,None,None
oculus,at,2849,24.655,0,7,168,6,-0.74472576,1.7809012,-2.0589623,-2.569361,-0.56025684,0.48392066
oculus,this,3939,24.008,0,5,167,7,-1.5513142,0.26000753,-0.27582082,-3.423039,0.12052153,0.25829396
oculus,first,1668,24.001,0,7,148,8,-0.4272735,0.53198725,-0.42809123,-2.34711,0.2744144,0.23318471
oculus,as,1090,23.194,0,5,162,9,-0.7373028,-3.9297733,-0.21588191,-2.2781217,-0.95820844,0.87362534
oculus,just,1742,22.819,0,4,149,10,-1.7471533,-0.16978748,-0.5493145,-3.5247202,0.3733556,-0.45759273
oculus,so,1310,22.793,0,4,173,11,-1.3390827,-2.4238667,0.36698118,-3.1185777,-0.6882985,-0.21709311
oculus,from,2515,22.753,0,7,165,12,-1.1195726,1.8760167,-0.20527597,-2.6115398,0.27107444,0.51758957
oculus,out,1495,22.593,0,5,150,13,-0.9962316,1.096098,-0.39363086,-2.968627,0.12615682,0.17456675
oculus,has,1511,22.378,0,5,182,14,-0.866759,-2.1390762,-0.78740925,-2.2448533,-0.0649025,0.4776435
oculus,amp,1074,22.339,0,9,107,15,3.2982163,-0.053214714,-2.6089468,0.9878386,-0.66699624,-0.14500606
oculus,demo,2066,22.152,0,7,134,16,3.9518127,0.23402487,2.494235,1.1815135,-1.70299,1.2313576
oculus,not,1546,22.137,0,3,182,17,-1.5358485,-0.854979,0.23829205,-3.244656,0.52007806,0.40083283
oculus,oculus,12534,22.01,0,5,154,18,6.6038756,-0.52903104,-0.9937603,3.4744687,0.122774184,0.09382189
oculus,of,8028,21.223,0,6,140,19,-1.4984214,1.0299066,0.72692585,-2.9982007,0.07186476,1.1668499
oculus,new,2572,21.135,0,7,131,20,0.048211124,0.93273723,0.06451438,-1.9311304,-0.70225275,1.158011
offbeat,him,2422,67.2,0,2,844,1,-1.830728,0.49136627,0.46898633,-3.1272774,0.7650703,-0.98501414
offbeat,because,2061,65.366,0,2,826,2,-0.2715816,-0.050550256,-0.71696144,-3.0100658,1.2618247,-0.08475999
offbeat,her,4852,60.91,0,1,797,3,-3.1300836,0.9600947,-0.28415063,-3.1888888,0.1947253,-1.2958006
offbeat,she,2305,58.992,0,1,728,4,-2.1485472,-0.32028446,-0.48074326,-3.4891548,0.56836784,-1.3699143
offbeat,he,4942,58.844,0,2,743,5,-2.0948768,-0.21009141,0.29580182,-2.7646928,-0.82008827,-0.5936299
offbeat,his,7974,56.8,0,1,699,6,-2.3075626,1.1522123,0.89141905,-2.9064577,0.89347196,-0.6014442
offbeat,then,1684,54.106,0,1,529,7,-0.09873337,-0.5817971,-0.741853,-3.073671,0.6224968,-0.3619638
offbeat,years,3667,51.886,0,1,646,8,2.3993495,1.9553678,-0.41736206,-2.0438457,0.7118587,0.2206025
offbeat,boy,1549,49.981,0,1,627,9,0.23945263,-0.6168509,-0.54969746,-1.8613055,-1.0879962,-1.4903198
offbeat,who,6850,49.866,0,1,651,10,-0.38854855,-0.12483393,-0.64795375,-3.126877,0.843511,-0.12945189
offbeat,million,1540,48.873,0,1,698,11,3.0551262,3.0953162,2.4502861,-0.984038,0.5351191,1.3701212
offbeat,year,5954,48.835,0,1,610,12,2.584776,1.2374661,-1.3407484,-2.3330073,0.2867338,0.3811472
offbeat,court,1024,48.542,0,1,623,13,2.3142605,-3.145552,3.2729163,-0.3325202,0.5415651,1.3937215
offbeat,0,2885,47.168,0,1,589,14,None,None,None,None,None,None
offbeat,them,2315,46.79,0,1,631,15,-0.51988316,0.48018393,-0.30527547,-3.2708795,1.2085484,0.06055402
offbeat,old,5547,46.574,0,1,592,16,1.0189246,0.91151583,-1.3590554,-2.1879292,0.23916592,-0.89891815
offbeat,school,2929,46.525,0,1,605,17,2.3814418,-2.5226884,-3.259571,-2.483635,0.0039181313,0.34466007
offbeat,gets,2564,45.958,0,1,551,18,-0.01993126,-0.5541593,0.92723006,-2.0541174,0.97152,-0.36341617
offbeat,said,1131,45.691,0,2,582,19,-1.0027019,-0.39522344,0.04597734,-2.4672892,0.8450468,-1.0224626
offbeat,caught,1112,45.174,0,1,583,20,-0.18015413,-1.7614919,1.7507577,-1.1264364,1.5022264,-0.95255256
pathofexile,0,1945,27.272,0,1,207,1,None,None,None,None,None,None
pathofexile,ggg,2263,26.022,0,0,215,2,5.089035,1.6682743,-0.54395795,3.5461092,0.15801351,-0.9262201
pathofexile,unique,1944,24.375,0,1,181,3,1.7147474,0.24739657,1.3297639,0.030160116,0.32821527,0.41524884
pathofexile,patch,1484,24.238,0,1,166,4,2.2302282,1.8484797,-2.043927,1.0440265,-0.7935854,-0.11265742
pathofexile,we,1395,23.867,0,0,206,5,-2.2218246,0.032742377,0.33859798,-2.914085,-0.52950966,0.6924777
pathofexile,path,2429,21.382,0,1,210,6,1.8201249,-0.11636553,1.8762,0.12590528,-0.05000728,0.9890305
pathofexile,exile,2574,21.093,0,1,191,7,3.38837,-5.877022,0.66542387,1.8447169,-0.23192981,-0.36247715
pathofexile,1,3655,20.726,0,1,166,8,None,None,None,None,None,None
pathofexile,4,1030,19.004,0,1,161,9,None,None,None,None,None,None
pathofexile,has,1173,18.417,0,1,181,10,-1.8418224,0.56046456,-2.2893298,-2.2448533,-0.0649025,0.4776435
pathofexile,suggestion,2335,18.037,0,0,167,11,2.583873,1.3112955,1.0152683,1.0620205,0.75303763,0.088044226
pathofexile,of,12747,17.91,0,1,155,12,-2.7929945,-1.2616547,-0.24928206,-2.9982007,0.07186476,1.1668499
pathofexile,was,1188,17.779,0,0,131,13,-2.4099693,-0.19349158,-2.6629586,-3.1935225,0.4661826,-0.7393948
pathofexile,more,1379,17.434,0,1,150,14,-1.8333912,0.4948977,1.0741503,-2.698736,0.15690249,0.9707182
pathofexile,the,17713,17.218,0,1,154,15,-2.9941103,-1.1054059,-0.4763156,-3.2426047,-0.24358808,0.80810684
pathofexile,now,1581,17.19,0,1,143,16,-1.854408,0.39668933,0.21371081,-2.8247273,-0.011966664,0.30824298
pathofexile,all,1528,17.124,0,1,157,17,-2.5545037,-0.20615771,0.23439747,-3.2166746,-0.068885975,0.47858277
pathofexile,one,1602,17.043,0,0,138,18,-1.782095,-0.118340835,0.35946563,-2.7863765,-0.7878009,0.0035640583
pathofexile,please,1847,17.033,0,0,178,19,-0.98082185,2.191855,3.0976183,-2.395506,-0.8483724,0.26497635
pathofexile,vaal,1627,16.867,0,1,141,20,4.4395704,0.12634426,-1.938825,3.2185059,-0.038141143,-1.0115442
pcgaming,now,1150,60.678,0,2,790,1,0.14771211,-0.47618455,0.79708225,-2.8247273,-0.011966664,0.30824298
pcgaming,steam,3037,51.823,0,2,563,2,4.9964833,-3.463074,-0.294423,1.2530795,-0.8672759,0.7292116
pcgaming,r,1339,44.815,0,3,360,3,3.9437392,5.091888,0.42424557,-1.3318741,-2.923924,0.8412996
pcgaming,at,1293,42.942,0,1,453,4,-0.17899175,0.44572467,-2.0682812,-2.569361,-0.56025684,0.48392066
pcgaming,free,1400,39.611,0,1,501,5,2.569318,-1.5193033,1.008926,-1.461445,-0.7716073,1.2995393
pcgaming,from,1921,39.276,0,2,329,6,-0.49488363,-0.41406587,-1.6201977,-2.6115398,0.27107444,0.51758957
pcgaming,will,1535,38.86,0,1,447,7,-0.6474573,0.10289249,1.5097778,-2.8572311,0.3906718,0.7284385
pcgaming,be,1763,38.796,0,1,388,8,-0.967987,0.86640835,1.3637798,-3.2174866,0.08383241,0.17779635
pcgaming,not,1266,36.734,0,1,323,9,-0.8369055,0.21279193,1.4077942,-3.244656,0.52007806,0.40083283
pcgaming,3,2465,36.704,0,1,376,10,None,None,None,None,None,None
pcgaming,on,6311,34.753,0,1,334,11,-0.16778287,-0.42986965,-0.9214267,-2.7134001,-0.83771306,0.9725021
pcgaming,your,1358,34.5,0,2,334,12,-1.2795283,-0.92492497,1.1473986,-3.7252882,0.5087585,0.337032
pcgaming,the,10732,33.313,0,2,303,13,-1.0694895,-0.31167597,-1.2634511,-3.2426047,-0.24358808,0.80810684
pcgaming,in,4119,33.299,0,1,328,14,-0.7787071,1.0291669,-2.969127,-2.8785682,-0.5683023,1.1003566
pcgaming,of,7182,32.492,0,2,306,15,-0.8682075,-0.16804944,-2.0682032,-2.9982007,0.07186476,1.1668499
pcgaming,and,5949,31.73,0,1,297,16,-1.255536,-0.6358252,0.2740769,-3.4310362,0.294699,0.15188493
pcgaming,4,1419,30.694,0,1,262,17,None,None,None,None,None,None
pcgaming,you,3293,30.558,0,2,238,18,-1.5790682,0.243653,1.9209912,-4.033075,-0.037475616,-0.28735858
pcgaming,one,1218,30.062,0,1,353,19,0.1818909,0.7425203,0.49583298,-2.7863765,-0.7878009,0.0035640583
pcgaming,that,1764,29.836,0,2,241,20,-1.7145947,-0.39207497,0.85520357,-3.7552161,0.8998972,-0.031067893
pcmasterrace,fixed,1161,129.968,0,3,1268,1,1.0025904,1.3664858,-1.2836978,0.04563062,0.94272023,0.18486506
pcmasterrace,ea,1029,123.826,0,2,1572,2,3.0451121,-1.2609658,1.6653857,0.9029128,-2.3072822,0.49060166
pcmasterrace,guy,2440,123.145,0,3,1442,3,-1.2431144,0.28946474,0.57379276,-2.1731968,0.5513065,-1.1612861
pcmasterrace,that,1315,119.111,0,3,1314,4,-2.5425155,-0.21086664,0.029430306,-3.7552161,0.8998972,-0.031067893
pcmasterrace,knows,1434,114.89,0,3,1041,5,-0.94067955,0.8104295,0.7342002,-1.7239481,1.0126734,-0.9041696
pcmasterrace,said,1333,114.297,0,3,1182,6,-1.8680587,1.0393407,-0.36167198,-2.4672892,0.8450468,-1.0224626
pcmasterrace,facebook,1091,109.99,0,3,1047,7,1.4463978,-4.507591,-2.0084002,-0.83643013,-2.07202,1.8222812
pcmasterrace,saw,2084,109.146,0,3,898,8,-0.8292707,0.29981062,-2.6075888,-1.6452175,0.14020331,-1.3867223
pcmasterrace,ubisoft,2128,107.947,0,2,1290,9,4.54956,1.0765467,1.3073896,2.9517186,-0.30063966,-0.042361803
pcmasterrace,he,3258,106.81,0,3,1063,10,-2.5333064,-0.59045523,2.6410851,-2.7646928,-0.82008827,-0.5936299
pcmasterrace,gets,1555,103.581,0,3,1019,11,-1.1653976,0.7396127,1.1188816,-2.0541174,0.97152,-0.36341617
pcmasterrace,remember,1189,98.609,0,3,1038,12,-0.9559083,0.023709785,-1.2023828,-2.2223217,0.51487905,-0.8316433
pcmasterrace,linus,1469,98.379,0,2,1077,13,4.120083,2.8240197,-0.5984778,2.9081268,0.2071187,-1.2850142
pcmasterrace,him,1631,98.214,0,3,994,14,-2.6393042,0.538168,0.8529189,-3.1272774,0.7650703,-0.98501414
pcmasterrace,picture,1181,98.136,0,3,1009,15,-1.0076923,-0.55885404,-2.9431276,-1.9575729,0.3887631,-1.0706995
pcmasterrace,his,3837,97.719,0,3,987,16,-3.0763857,0.45106456,1.5424114,-2.9064577,0.89347196,-0.6014442
pcmasterrace,gamer,1783,96.694,0,2,963,17,3.84894,-1.9604846,1.2890512,1.4219129,-1.3719853,-0.096570015
pcmasterrace,gabe,1207,95.974,0,2,1138,18,2.5159771,1.4509808,-0.24451923,1.2356787,-0.39097956,-1.6356193
pcmasterrace,real,2176,90.644,0,3,920,19,-0.6722828,-3.02903,0.7222559,-1.960656,-1.4811451,-0.015472346
pcmasterrace,came,1646,89.504,0,4,841,20,-1.0547334,1.2086171,-1.2269365,-1.9116358,0.8544134,-0.9361706
personalfinance,made,1062,35.415,0,2,253,1,-0.05766587,0.5789516,-0.40356526,-2.28509,0.5075963,-0.4901376
personalfinance,her,1244,33.626,0,2,350,2,1.0037433,2.2569213,5.2092137,-3.1888888,0.1947253,-1.2958006
personalfinance,never,1136,32.96,0,2,202,3,0.44243592,-0.3309774,-0.8758406,-3.041413,0.4030866,-0.54474926
personalfinance,was,2380,32.071,0,2,227,4,-0.09061714,2.6702695,-1.2628455,-3.1935225,0.4661826,-0.7393948
personalfinance,paid,2117,30.886,0,2,238,5,-0.29312366,-1.8526622,0.39793223,-0.8151487,1.5559307,1.1195024
personalfinance,has,2888,30.749,0,2,201,6,-0.71463645,1.9516237,-1.2578294,-2.2448533,-0.0649025,0.4776435
personalfinance,0,3290,29.732,0,1,205,7,None,None,None,None,None,None
personalfinance,30,1011,28.977,0,2,142,8,None,None,None,None,None,None
personalfinance,people,1026,28.804,0,1,234,9,1.4523306,-2.3149683,-0.31752378,-3.1653438,1.1312002,0.8718072
personalfinance,last,1169,27.204,0,2,227,10,-0.6647516,1.0291891,-0.33864897,-2.4523034,-0.095323265,-0.17974901
personalfinance,who,1740,26.832,0,2,161,11,1.4465568,-0.935696,-0.46411037,-3.126877,0.843511,-0.12945189
personalfinance,did,1205,25.959,0,2,157,12,0.9231689,0.6911806,-0.6668202,-2.9973285,0.9449186,-0.7106697
personalfinance,1,1662,25.511,0,1,197,13,None,None,None,None,None,None
personalfinance,than,1839,25.381,0,2,129,14,0.6675538,-1.7621603,0.36095753,-2.6687617,0.9965041,0.19805433
personalfinance,by,2534,25.28,0,1,135,16,-1.007778,-0.6755037,0.8614283,-1.9502953,-0.116353825,0.59982204
personalfinance,they,1664,25.28,0,2,166,15,2.1350045,-0.76562476,-0.61627144,-3.5051446,1.4383961,0.38971087
personalfinance,had,1296,24.845,0,2,148,17,-0.092759036,2.288422,-1.4535023,-2.871008,0.79366267,-0.7124806
personalfinance,anything,1132,24.634,0,2,144,18,1.0143305,-1.581908,0.55501854,-2.6063933,1.1954385,-0.33878154
personalfinance,years,4748,24.562,0,2,161,19,-0.1600014,0.039316908,-0.23231298,-2.0438457,0.7118587,0.2206025
personalfinance,pf,1206,24.543,0,2,194,20,-6.003788,-1.2863743,0.50472164,0.9635547,-2.603529,-0.08837116
philosophy,should,1252,26.051,0,1,277,1,-0.68198186,1.227267,-1.6008674,-2.777072,1.2865237,0.41562608
philosophy,philosophers,1052,25.072,0,2,249,2,6.262839,2.844932,-0.4191038,2.596512,1.4941612,-0.25261235
philosophy,s,1075,24.478,0,1,219,3,0.5359746,-3.703971,0.90948915,-0.96438384,-3.238136,0.82378256
philosophy,philosophy,7179,23.891,0,2,216,4,4.2971754,1.0287571,0.49232993,1.0363846,1.3573647,0.18915163
philosophy,by,2553,22.198,0,2,174,5,-0.53548294,0.81651574,2.488204,-1.9502953,-0.116353825,0.59982204
philosophy,our,1321,22.046,0,1,235,6,-0.7124928,0.7616479,1.0411578,-2.6149535,0.50715643,1.1347957
philosophy,we,2895,21.192,0,1,199,7,-1.2147585,0.35530564,-0.79289794,-2.914085,-0.52950966,0.6924777
philosophy,from,2583,21.105,0,1,218,8,-1.2532502,0.9665976,1.8508389,-2.6115398,0.27107444,0.51758957
philosophy,moral,1174,20.933,0,2,234,9,4.0770273,-3.9361885,-0.73398143,0.81084937,-1.721438,0.87137717
philosophy,but,1377,20.772,0,1,175,10,-1.2013863,0.5024812,-1.72135,-3.4802496,0.46259698,-0.009232555
philosophy,more,1033,20.625,0,1,185,11,-0.54365903,0.23834883,-0.46938208,-2.698736,0.15690249,0.9707182
philosophy,that,3775,20.616,0,1,194,12,-1.5695157,0.9653783,-1.3600023,-3.7552161,0.8998972,-0.031067893
philosophy,so,1146,19.858,0,1,196,13,-0.9176862,-0.85586095,-2.297314,-3.1185777,-0.6882985,-0.21709311
philosophy,at,1215,19.857,0,1,186,14,-1.3669016,0.1887159,2.4295776,-2.569361,-0.56025684,0.48392066
philosophy,to,11823,19.241,0,1,177,15,-1.4887233,-0.37104273,-0.67043,-3.2859278,-0.35538822,1.1889808
philosophy,free,1495,19.113,0,1,157,16,0.10127272,0.40039375,2.232507,-1.461445,-0.7716073,1.2995393
philosophy,an,3114,18.988,0,1,159,17,-0.33814418,-2.1274536,0.24448124,-2.1368263,-0.7357933,0.54226786
philosophy,be,3172,18.96,0,1,181,18,-1.327473,-0.044095196,-0.8001689,-3.2174866,0.08383241,0.17779635
philosophy,in,7954,18.582,0,1,172,19,-1.3972058,-0.21396376,1.0318409,-2.8785682,-0.5683023,1.1003566
philosophy,why,3078,18.168,0,1,176,20,-0.7256308,0.95623344,-1.8549277,-2.7720356,0.5529339,-0.0028814145
photocritique,exposure,1194,13.342,0,3,107,1,4.06941,3.186433,-0.8682995,1.3895867,1.1799903,1.3262879
photocritique,was,1297,11.195,0,2,94,2,-2.1632488,0.2657984,2.1796036,-3.1935225,0.4661826,-0.7393948
photocritique,50mm,1099,10.735,0,2,96,3,None,None,None,None,None,None
photocritique,night,1307,10.659,0,2,88,4,-0.6097012,0.49450722,0.61279124,-2.4922626,-0.66206264,-0.68668205
photocritique,shot,3546,10.453,0,2,88,5,0.703949,2.1054287,1.2560418,-1.1073923,0.16624784,-0.6582496
photocritique,took,3007,10.276,0,1,92,6,-0.5961809,1.6156019,0.97691953,-1.7923855,1.4048257,-0.85028756
photocritique,100,2180,9.969,0,2,74,7,None,None,None,None,None,None
photocritique,8,1849,9.81,0,2,78,8,None,None,None,None,None,None
photocritique,a,13462,9.737,0,2,86,9,0.031882584,-3.7283359,1.227724,-2.4333866,-2.5444493,0.38082778
photocritique,think,4678,9.735,0,1,85,10,-1.6346585,0.15975247,-0.8081616,-3.0465298,0.9089453,-0.4417823
photocritique,do,5749,9.277,0,2,80,11,-0.933138,-3.1278555,-4.151369,-2.8769507,-1.2141902,0.4546584
photocritique,thoughts,3412,9.232,0,2,77,12,0.1262243,2.418341,-1.8553983,-1.3164937,1.4232358,-0.0024256175
photocritique,an,1497,9.168,0,2,78,13,0.9719,-1.8608822,3.1964,-2.1368263,-0.7357933,0.54226786
photocritique,2,1394,9.101,0,2,73,14,None,None,None,None,None,None
photocritique,it,3343,9.047,0,2,78,15,-1.584296,-0.52785194,0.1892972,-3.6389697,0.21471155,0.22040805
photocritique,1,6325,9.043,0,2,73,16,None,None,None,None,None,None
photocritique,trying,1255,9.033,0,2,73,17,-1.0410453,0.74666655,-0.7357532,-2.51057,1.4481353,-0.35324427
photocritique,did,1261,8.928,0,2,75,18,-2.0048482,0.3026034,-0.33854288,-2.9973285,0.9449186,-0.7106697
photocritique,get,1023,8.898,0,2,75,19,-1.412734,0.08531442,-0.59073144,-3.373764,0.35157204,0.09149839
photocritique,iso,4946,8.887,0,2,71,20,6.076491,-2.1355205,-0.29052553,1.8850052,-2.3104703,0.34636927
photography,thread,1116,44.642,0,31,188,1,4.3249707,0.470401,3.979061,1.2676537,0.21588847,-0.08971784
photography,ask,1067,35.753,0,17,197,2,1.7531444,-0.6340533,-0.8004291,-1.722169,-1.2009302,-0.10810072
photography,anything,1061,34.632,0,16,194,3,-0.7290082,0.08619972,0.4346738,-2.6063933,1.1954385,-0.33878154
photography,don't,1461,34.183,0,3,212,4,None,None,None,None,None,None
photography,them,1213,30.112,0,1,331,5,-1.4857827,1.1920204,-0.47348595,-3.2708795,1.2085484,0.06055402
photography,their,1371,29.615,0,1,278,6,-1.7895832,1.4283339,-0.24789149,-2.862955,1.4796243,0.9904445
photography,his,1379,29.295,0,1,322,7,-1.8902745,0.15724935,1.0670314,-2.9064577,0.89347196,-0.6014442
photography,was,2146,28.947,0,1,289,8,-1.3898778,-1.1543854,0.8798885,-3.1935225,0.4661826,-0.7393948
photography,made,1259,28.803,0,1,291,9,-0.30861065,-0.4416338,0.9199465,-2.28509,0.5075963,-0.4901376
photography,who,1714,25.465,0,2,218,10,-1.1408916,-0.2658482,-1.1120372,-3.126877,0.843511,-0.12945189
photography,they,1192,25.449,0,1,205,11,-1.8964342,1.0630447,-1.0304232,-3.5051446,1.4383961,0.38971087
photography,people,1397,25.123,0,1,202,12,-0.9190684,0.48833042,-1.2098587,-3.1653438,1.1312002,0.8718072
photography,ever,1263,24.846,0,1,224,13,-0.39060938,-1.1162426,0.22825326,-2.7880251,0.3631495,-0.6065687
photography,after,1060,24.715,0,1,283,14,-0.6135922,-0.51391727,0.9454987,-2.4006298,0.6087824,0.34676394
photography,r,3381,23.624,0,2,180,15,3.6709993,-3.0268805,-3.9423225,-1.3318741,-2.923924,0.8412996
photography,post,2546,23.356,0,1,174,16,2.1372657,-0.6622893,1.5021522,-0.96799123,-0.9700228,1.1414212
photography,now,1537,22.753,0,1,232,17,-0.3537959,-0.64863867,-0.02533552,-2.8247273,-0.011966664,0.30824298
photography,cameras,2465,22.215,0,2,161,18,2.9453318,5.1924477,-1.6692245,0.6929211,0.5729332,0.8293733
photography,year,1279,22.033,0,1,238,19,-0.023222277,-1.400836,0.2371795,-2.3330073,0.2867338,0.3811472
photography,that,4894,21.338,0,1,192,20,-1.9009539,-0.21330115,0.3173233,-3.7552161,0.8998972,-0.031067893
photoshopbattles,water,1139,81.306,0,1,943,1,-1.1258042,0.5453607,0.9574222,-1.272239,0.49561357,0.30577892
photoshopbattles,obama,1634,74.661,0,1,971,2,-0.59979194,-1.1278236,-4.4184175,-0.5799885,0.5127698,1.6562415
photoshopbattles,trying,1113,70.376,0,1,731,3,-1.4448792,1.2466573,-0.19256225,-2.51057,1.4481353,-0.35324427
photoshopbattles,while,1267,66.415,0,1,564,4,-1.7363751,1.0495509,-0.1337733,-2.3084924,1.1693336,-0.08994783
photoshopbattles,pics,3295,65.679,0,2,728,5,1.0194768,1.1201589,1.5484647,-1.4349222,0.21072546,-0.40752697
photoshopbattles,xpost,1599,63.412,0,2,680,6,6.9125514,2.9889972,-1.7538792,3.9607882,0.43934256,-0.9466668
photoshopbattles,woman,1377,63.28,0,1,472,7,-1.5148256,0.7597051,-0.75883526,-1.6518434,1.1406189,-0.45915756
photoshopbattles,an,3992,62.559,0,1,715,8,-1.4330648,-1.6966889,-1.2860688,-2.1368263,-0.7357933,0.54226786
photoshopbattles,aww,1146,62.557,0,2,595,9,1.134461,-0.13199489,3.279902,-1.236145,-1.3050737,-2.0949993
photoshopbattles,head,1121,62.134,0,1,205,10,-1.2743126,1.0865711,0.0084258905,-2.0196443,0.63356006,-0.68409896
photoshopbattles,wearing,1195,61.931,0,1,480,11,-1.3669642,1.8221667,0.6570674,-1.5505763,1.0350366,-1.5334436
photoshopbattles,cat,6658,60.585,0,1,546,12,0.13718644,0.5805487,0.86796707,-0.9536172,-0.44977024,-1.2763008
photoshopbattles,sitting,1045,59.585,0,1,338,13,-1.6630557,2.0344787,0.050476994,-1.5880353,1.4052695,-1.0417873
photoshopbattles,r,10110,58.47,0,2,583,14,2.2481856,-4.333011,-0.85747015,-1.3318741,-2.923924,0.8412996
photoshopbattles,x,7742,57.916,0,2,578,15,1.7911259,-3.6823907,2.3971014,-1.1175205,-3.2103586,-0.32081115
photoshopbattles,very,1023,57.575,0,1,595,16,-0.7994905,-0.55215263,0.50906456,-2.2591443,0.35278362,-0.050373945
photoshopbattles,by,2154,57.01,0,1,341,17,-1.1806803,-1.2584653,-0.44488907,-1.9502953,-0.116353825,0.59982204
photoshopbattles,over,1315,56.803,0,1,401,18,-1.6770004,-0.8966548,-0.22969201,-2.4282598,0.20016232,0.49509627
photoshopbattles,post,7861,55.68,0,2,530,19,1.1798925,-0.43109307,-0.1527213,-0.96799123,-0.9700228,1.1414212
photoshopbattles,mid,1173,55.562,0,1,526,20,1.3933651,0.8760799,-0.047580875,0.19869861,-0.67067367,0.1840694
picrequests,passed,1205,4.988,0,2,30,1,1.1877029,0.025886754,2.8352978,-0.88655615,1.6254328,-0.3223373
picrequests,dad,1184,4.941,0,1,20,2,0.5107683,-0.981171,1.1531643,-2.010817,0.45103785,-1.5617516
picrequests,away,1212,4.784,0,2,28,3,-0.017036451,-0.19572924,0.43525967,-2.263261,0.44955435,-0.29111457
picrequests,was,1926,4.173,0,2,27,4,-1.644292,1.2154855,1.4788218,-3.1935225,0.4661826,-0.7393948
picrequests,wedding,1281,4.055,0,1,14,5,3.268115,-1.6575189,-2.3945317,-0.7712071,-0.023409158,-0.69321895
picrequests,him,1541,4.027,0,1,20,6,-1.4159997,-1.0905964,1.4069749,-3.1272774,0.7650703,-0.98501414
picrequests,our,1275,3.964,0,1,16,7,-0.16062717,-0.28100944,-1.8164475,-2.6149535,0.50715643,1.1347957
picrequests,who,1018,3.939,0,1,25,8,-1.0648209,1.1250945,0.15490249,-3.126877,0.843511,-0.12945189
picrequests,her,2487,3.875,0,1,24,9,-1.1516609,-3.9982781,0.42181697,-3.1888888,0.1947253,-1.2958006
picrequests,his,2396,3.705,0,1,22,10,-1.4747998,-2.5539792,0.9228368,-2.9064577,0.89347196,-0.6014442
picrequests,your,1078,3.685,0,1,25,11,-1.6402392,-1.2966794,-2.147141,-3.7252882,0.5087585,0.337032
picrequests,only,1226,3.527,0,2,20,12,-0.85174346,1.5838569,-0.19329122,-2.7601547,0.60493195,0.26616576
picrequests,photos,1786,3.501,0,1,13,13,3.6888404,0.6514513,-1.8214554,-0.8609178,0.0011181347,0.5635411
picrequests,really,1117,3.318,0,1,14,14,-1.0557323,1.3612096,0.26978582,-3.219811,0.6986647,-0.6430858
picrequests,is,5432,3.272,0,1,17,15,-2.0631003,1.5876777,-0.15760541,-3.179791,-0.04706385,0.24855019
picrequests,all,1192,3.206,0,1,23,16,-1.1530056,1.29482,-1.0553734,-3.2166746,-0.068885975,0.47858277
picrequests,reddit,1443,3.115,0,1,17,17,4.6727576,0.8048088,2.6876993,1.7281685,0.7255452,0.39683768
picrequests,colorize,1528,3.112,0,1,11,18,None,None,None,None,None,None
picrequests,family,1433,3.055,0,1,15,19,0.9216382,-0.18752104,-1.3374739,-1.9536996,-0.21643409,-0.06076023
picrequests,as,2556,2.979,0,1,12,20,-0.5567633,2.592192,-0.8432412,-2.2781217,-0.95820844,0.87362534
pics,lbs,1006,189.162,0,3,2251,1,-2.591701,1.7566949,-3.640517,-0.48231858,0.5373343,-0.50840336
pics,survived,1056,175.969,0,3,2622,2,0.62617016,1.0095103,0.3166026,0.5533229,1.7132405,-1.2268934
pics,colorized,1232,170.962,0,5,2466,3,5.518416,3.7563033,1.0980173,3.4581358,1.7469392,-0.9872578
pics,cosplay,3526,168.185,0,1,2669,4,0.6383722,0.2324905,0.7795086,1.6373341,-1.3910275,-1.0236526
pics,pounds,1511,157.633,0,3,2008,5,-1.6104738,2.2379246,-4.215586,-0.21390362,1.4633052,-0.20122892
pics,vet,1361,156.168,0,3,2212,6,-1.9003451,-1.1236733,1.811385,0.7266684,-0.67113984,0.16401114
pics,son,1662,155.567,0,2,2326,7,-4.3022223,-0.91815466,0.7080082,-0.7320886,-2.7320874,-0.6120671
pics,struck,1008,154.398,0,3,2336,8,0.4400168,0.58889085,0.527139,0.88970035,1.1954339,-0.40469456
pics,officer,1736,153.016,0,2,2374,9,-1.3125614,-0.387237,2.8533494,0.6255564,1.202121,1.1428632
pics,carved,2584,152.796,0,3,2383,10,2.2874358,1.5806669,-0.17632826,1.9096087,1.4691079,-1.6582096
pics,handed,1436,149.747,0,2,2061,11,-0.6731951,0.72444445,-0.63794106,0.23905358,1.6638308,-0.63098043
pics,funeral,1250,149.433,0,2,2385,12,-1.6834235,1.3569615,1.9316906,0.14255586,0.12978669,-0.48983374
pics,apart,2295,148.965,0,2,2142,13,-0.66390336,1.0924661,-1.0565101,-0.88110137,0.5003885,-0.32501552
pics,netherlands,1560,147.572,0,3,2551,14,1.642084,-3.640095,-1.2936058,1.3202581,0.48839337,0.40425366
pics,norway,4793,146.352,0,5,2167,15,1.7140893,-3.8988926,-1.7189144,1.1228383,1.0915428,0.19284058
pics,finland,1267,142.54,0,4,2356,16,2.0950599,-4.215901,-1.1942409,1.3596582,0.46185485,0.18777533
pics,built,5488,142.389,0,4,2192,17,0.49609157,0.7084887,-1.2299174,0.0678786,1.6117593,0.5531782
pics,afghanistan,2460,141.845,0,4,1952,18,-0.3966557,-1.1945573,1.4953399,1.1149133,0.84097487,1.0670505
pics,helmet,1810,140.052,0,2,2231,19,0.54199487,0.4496183,1.0474309,1.082047,0.41582578,-0.5152257
pics,soldier,2317,139.909,0,3,2131,20,-0.86525106,-0.115946345,2.5950894,0.64122987,0.8779882,-0.5552207
pokemon,comic,1295,194.505,0,12,1856,1,3.1511323,1.642112,-0.036110695,0.8148599,-0.69612205,0.06602599
pokemon,kid,1103,153.685,0,13,1392,2,0.56227213,0.16986504,0.45362216,-1.6135466,0.23393753,-1.5120858
pokemon,she,1240,147.767,0,15,1283,3,-2.669623,-0.61877024,-0.49204937,-3.4891548,0.56836784,-1.3699143
pokemon,oh,2105,144.025,0,5,1338,4,-0.12194929,1.6279662,-0.83185375,-1.9382948,-1.9030315,-1.0891687
pokemon,always,2100,143.372,0,8,1294,5,-1.2106316,1.0840932,0.7302262,-3.0243287,0.41736296,-0.7060642
pokemon,ash,2336,141.206,0,2,1575,6,1.8183974,0.35465714,-0.88144773,0.2713887,-1.1387856,-1.5373619
pokemon,that,1194,138.458,0,7,1280,7,-1.9633795,0.6762246,0.7942668,-3.7552161,0.8998972,-0.031067893
pokemon,her,1591,136.503,0,17,1220,8,-2.971362,-2.4263823,-1.5568912,-3.1888888,0.1947253,-1.2958006
pokemon,fluff,3395,134.72,0,1,1477,9,3.8730357,-1.2695746,-2.928346,1.6153787,0.80645597,-1.8156388
pokemon,makes,1145,134.578,0,4,1496,10,-0.71020335,0.56649333,0.7486391,-2.3263173,0.7619496,-0.24962775
pokemon,he,3016,134.577,0,8,1227,11,-1.9559777,-1.688698,1.531546,-2.7646928,-0.82008827,-0.5936299
pokemon,picture,3978,129.191,0,6,1299,12,-0.13061357,1.4111336,-1.8466985,-1.9575729,0.3887631,-1.0706995
pokemon,his,2854,129.154,0,8,1306,13,-2.151515,-2.4933755,0.69844073,-2.9064577,0.89347196,-0.6014442
pokemon,him,1802,128.359,0,7,1287,14,-1.8719785,-1.3350754,0.362852,-3.1272774,0.7650703,-0.98501414
pokemon,never,3617,126.192,0,6,1240,15,-1.1000724,0.5745018,1.4129776,-3.041413,0.4030866,-0.54474926
pokemon,gaming,1449,124.58,0,9,1111,16,3.566972,1.4189324,2.9618425,1.2265738,-0.37600213,1.3969584
pokemon,cute,1061,120.367,0,7,1062,17,-0.5288808,1.3251626,-3.156047,-2.3868227,-0.49624494,-2.1766918
pokemon,well,2813,118.878,0,4,1215,18,-0.969828,1.2479204,0.37625423,-2.7405248,0.37220907,-0.4463651
pokemon,magikarp,1067,118.224,0,3,1053,19,5.5232253,-3.6088605,0.8105461,2.655627,0.24916448,-1.2531737
pokemon,year,1833,117.445,0,12,1084,20,-0.13902895,1.3416753,0.84823257,-2.3330073,0.2867338,0.3811472
pokemontrades,thread,1522,2.844,0,2,11,1,3.598424,3.5346131,-1.6858969,1.2676537,0.21588847,-0.08971784
pokemontrades,be,1270,2.797,0,1,20,2,-1.7637224,-0.20148507,1.0643158,-3.2174866,0.08383241,0.17779635
pokemontrades,is,1659,2.709,0,1,18,3,-1.9769915,0.5680337,1.6003453,-3.179791,-0.04706385,0.24855019
pokemontrades,the,5227,2.355,0,1,15,4,-2.2885914,0.77667135,0.8210855,-3.2426047,-0.24358808,0.80810684
pokemontrades,question,1864,2.318,0,1,9,5,0.8677172,0.3187185,-1.82218,-1.1801236,0.14113526,0.45859644
pokemontrades,get,1306,2.284,0,1,13,6,-1.7518144,-0.25077447,0.26343846,-3.373764,0.35157204,0.09149839
pokemontrades,4th,5177,2.215,0,2,7,7,None,None,None,None,None,None
pokemontrades,on,2806,2.165,0,1,11,8,-1.4751823,0.7530911,0.56849176,-2.7134001,-0.83771306,0.9725021
pokemontrades,your,1948,2.069,0,1,12,9,-2.296999,0.5724817,0.4495391,-3.7252882,0.5087585,0.337032
pokemontrades,do,1208,2.04,0,1,10,10,-1.1810242,-3.3875573,-4.0408316,-2.8769507,-1.2141902,0.4546584
pokemontrades,5th,23226,2.009,0,1,7,11,None,None,None,None,None,None
pokemontrades,dwf,1225,1.93,0,2,6,12,5.802958,1.7034856,-0.1382132,4.021041,0.46612293,-0.8994342
pokemontrades,you,3138,1.892,0,1,9,13,-2.4405782,-0.5414931,-0.062910676,-4.033075,-0.037475616,-0.28735858
pokemontrades,oras,1027,1.887,0,1,8,14,5.4859505,-3.449742,2.559048,1.6658101,-1.8479875,-0.5218233
pokemontrades,it,1686,1.859,0,1,8,15,-2.0875332,0.104435414,0.37930515,-3.6389697,0.21471155,0.22040805
pokemontrades,check,1022,1.855,0,1,8,16,0.19597203,1.4064809,-0.12522799,-1.5757638,-0.6624473,0.87661326
pokemontrades,please,1528,1.831,0,1,7,17,-0.39961553,-0.6633684,-0.049054552,-2.395506,-0.8483724,0.26497635
pokemontrades,just,1728,1.824,0,1,6,18,-1.925785,0.0982142,0.22666286,-3.5247202,0.3733556,-0.45759273
pokemontrades,dw,2508,1.79,0,1,6,20,3.6368175,-1.3418052,-0.007915037,0.7983063,-1.2188538,-0.81440204
pokemontrades,rng'd,1484,1.79,0,1,7,19,None,None,None,None,None,None
politics,sanders,6854,268.812,0,3,3508,1,2.3704433,0.43510395,2.2226856,1.68549,0.42846167,-0.9893022
politics,bernie,6391,240.193,0,2,3393,2,3.11574,0.86673677,2.1021497,1.6299374,0.2134901,-1.3152533
politics,elizabeth,4313,191.063,0,4,2595,3,1.9605529,0.114532895,1.1172873,0.95792824,-0.13809936,-0.8186607
politics,warren,5470,175.513,0,3,2437,4,1.3462043,0.7425584,0.73300314,1.2599556,0.5425323,-0.10142832
politics,billionaires,1207,170.947,0,4,1973,5,-3.0619547,2.8754082,-0.8733379,2.2217045,2.1960177,1.0099466
politics,politifact,1149,168.59,0,5,2133,6,1.396281,1.5499635,-0.14751883,3.3534524,1.0209395,-0.06897696
politics,vermont,1135,150.316,0,3,1881,7,1.889445,0.1747039,-0.75411904,2.3465667,0.9504952,0.020961454
politics,millionaires,1045,148.484,0,4,2133,8,-3.4611375,1.572729,-0.16323712,1.9304564,1.7654897,0.66908693
politics,minimum,3441,145.254,0,3,1940,9,-1.3961271,-3.224078,0.52593124,0.78522885,0.385653,1.832609
politics,wages,1673,140.798,0,5,1747,10,-2.8267891,-2.2706823,1.5613836,1.4911916,1.7798803,1.07281
politics,wage,4381,140.357,0,3,1875,11,-2.76598,-3.3490193,0.94623977,1.2427486,1.276495,1.7271361
politics,walmart,1347,134.34,0,3,1806,12,0.38860658,-1.0207701,1.6645703,0.16486685,0.73040926,0.06329394
politics,marijuana,11333,133.338,0,5,1660,13,0.8474113,-1.3381094,-2.7559245,0.5201974,1.5976124,1.2492726
politics,richest,1098,132.578,0,5,1755,14,-3.0526426,3.8098042,-0.6672229,1.5018098,1.7286116,0.38628307
politics,introduced,1469,130.024,0,4,1703,15,0.7425172,0.43653542,-0.43146253,0.9583567,1.6938355,0.032107104
politics,fcc,2115,127.851,0,3,1525,16,1.3715994,0.20950465,-0.41128033,2.4815938,0.4805756,1.2055198
politics,quietly,1079,126.491,0,4,1525,17,0.94972396,1.0205065,0.74916244,0.5363664,1.9855222,0.056154788
politics,solar,1107,125.524,0,2,1458,18,0.950852,-1.3395377,-3.481375,1.6317966,-0.58201176,2.0237203
politics,fracking,1408,125.06,0,4,1620,19,0.8237919,-1.0542405,-3.6399221,2.2850294,1.0096496,1.640272
politics,stamps,1451,124.029,0,4,1422,20,-1.5885357,-0.21164855,1.7029872,1.1480274,1.7721764,0.049548503
programming,years,1138,65.665,0,1,723,1,-1.380717,-0.8545595,0.5980082,-2.0438457,0.7118587,0.2206025
programming,bug,1192,64.896,0,1,719,2,2.5850377,1.2218378,-3.4324007,0.22916472,-0.42760482,-0.38903564
programming,was,1931,56.123,0,1,699,3,-2.2330348,-1.3908509,-1.5816202,-3.1935225,0.4661826,-0.7393948
programming,algorithm,1130,55.284,0,1,523,4,5.0810447,0.39863655,0.3300128,2.7760108,1.2980534,0.9681392
programming,compiler,1081,54.094,0,6,364,5,5.079948,-0.9729586,0.8686093,3.3100739,0.6712536,-0.19301546
programming,ever,1566,53.476,0,1,568,6,-1.688482,-1.1441588,-0.27306992,-2.7880251,0.3631495,-0.6065687
programming,github,1675,50.138,0,1,524,7,5.284732,-0.11637278,1.3268383,2.885842,0.52707225,0.5676802
programming,after,1182,50.119,0,1,591,8,-1.6230524,0.33643445,0.1407618,-2.4006298,0.6087824,0.34676394
programming,every,1255,49.685,0,1,544,9,-1.219448,0.9132313,0.74082935,-2.7683692,0.9118755,0.17137478
programming,has,2989,49.025,0,1,576,10,-1.4296955,-1.7907277,-0.71112454,-2.2448533,-0.0649025,0.4776435
programming,they,1429,48.671,0,1,477,11,-2.1543906,1.7165124,0.9614882,-3.5051446,1.4383961,0.38971087
programming,their,1555,46.423,0,1,505,12,-1.5186828,3.1060083,2.3348334,-2.862955,1.4796243,0.9904445
programming,old,1130,45.797,0,1,392,13,-1.277079,0.44642657,-0.2882139,-2.1879292,0.23916592,-0.89891815
programming,today,1017,44.855,0,1,500,14,-1.4285748,0.10281509,0.0037406774,-2.7574947,0.25998557,0.34778124
programming,year,1158,43.661,0,1,500,15,-1.4924059,-0.43961442,0.9232133,-2.3330073,0.2867338,0.3811472
programming,computer,3636,43.429,0,1,406,16,1.9072151,1.7946738,-2.5422742,-0.4691661,0.13642633,1.4124278
programming,written,1074,42.582,0,1,436,17,1.2440114,-2.7782006,1.7749034,-0.31002867,1.6228459,-0.010398756
programming,its,1552,42.45,0,1,444,18,-1.318039,1.3864497,0.13511242,-2.8551505,0.5479903,0.5090484
programming,been,1265,42.119,0,1,506,19,-1.9167845,-1.852232,-1.0696602,-2.828824,1.065512,-0.18167289
programming,used,1044,41.863,0,1,450,20,-0.50160164,-0.08335159,-0.23998812,-1.7011503,1.2934173,-0.028432412
progressive,was,1506,38.379,0,12,234,1,-2.007582,-1.1359131,0.6286776,-3.1935225,0.4661826,-0.7393948
progressive,republicans,1791,37.284,0,13,235,2,5.190496,0.6186852,0.4677977,0.963137,2.2524734,1.5001702
progressive,americans,1091,37.134,0,11,254,3,3.6213372,1.615581,-0.34740704,0.006741109,2.294442,1.800747
progressive,than,1539,37.112,0,10,256,4,-0.59085894,1.1072664,-0.6653502,-2.6687617,0.9965041,0.19805433
progressive,they,1797,37.063,0,11,241,5,-1.5083668,2.0133421,-0.3755338,-3.5051446,1.4383961,0.38971087
progressive,he,1300,36.64,0,11,235,6,-2.0452034,-2.995216,1.5210016,-2.7646928,-0.82008827,-0.5936299
progressive,their,1762,36.191,0,11,240,7,-1.1807917,2.0450807,0.6304815,-2.862955,1.4796243,0.9904445
progressive,republican,1678,36.182,0,12,227,8,4.9796576,-0.46387258,1.091367,1.0238887,1.8849682,0.9136968
progressive,that,4651,35.386,0,10,236,9,-1.9655871,0.5991095,-0.014750814,-3.7552161,0.8998972,-0.031067893
progressive,has,2148,35.227,0,10,236,10,-1.6205145,-2.4830995,1.3468696,-2.2448533,-0.0649025,0.4776435
progressive,tax,1227,34.857,0,10,216,11,3.7113926,-0.75591713,0.04021976,0.23969533,1.4187955,2.8640523
progressive,his,1518,34.479,0,10,234,12,-1.8451992,-1.263874,2.6905684,-2.9064577,0.89347196,-0.6014442
progressive,it,3772,34.066,0,9,251,13,-1.9818697,0.26133874,-0.40889126,-3.6389697,0.21471155,0.22040805
progressive,when,1089,33.97,0,8,253,14,-1.6946918,1.3006818,-0.3414721,-3.621951,1.0671849,-0.3380017
progressive,bill,1230,33.801,0,10,222,15,3.250902,-1.534421,0.57722366,-0.12882207,0.5230514,1.3868606
progressive,who,2032,33.517,0,9,221,16,-1.1560916,1.031698,-0.3136553,-3.126877,0.843511,-0.12945189
progressive,people,1960,33.411,0,10,233,17,-0.41086033,2.6494973,-1.1219878,-3.1653438,1.1312002,0.8718072
progressive,t,1302,33.172,0,10,243,18,-0.042903155,-3.3352633,-5.4319415,-1.0199112,-3.2262266,0.82829136
progressive,have,2541,32.932,0,10,218,19,-1.7949653,1.0350217,-0.2529076,-3.513116,0.79508233,0.23116368
progressive,after,1077,32.624,0,9,216,20,-0.90830284,-0.30972275,0.27969143,-2.4006298,0.6087824,0.34676394
realtech,fcc,1226,3.217,0,2,15,1,4.3134766,0.7905995,0.30373845,2.4815938,0.4805756,1.2055198
realtech,neutrality,1577,2.929,0,2,14,2,6.0913997,1.8562791,0.19739869,3.1558661,1.4798021,1.0219412
realtech,comcast,1026,2.884,0,2,13,3,4.261088,1.5526106,0.074639805,1.8418663,0.98849374,0.8786375
realtech,government,1041,2.843,0,2,13,4,1.13606,2.050886,-0.2661528,-0.062417895,2.2125802,3.0424454
realtech,net,1721,2.817,0,2,13,5,3.1399353,-2.6010659,0.75433344,0.4322263,-2.2719228,1.3442048
realtech,who,1056,2.428,0,1,12,6,-2.2905364,1.3186808,0.349628,-3.126877,0.843511,-0.12945189
realtech,they,1173,2.421,0,1,12,7,-2.5302093,1.7456201,0.5642227,-3.5051446,1.4383961,0.38971087
realtech,if,1205,2.405,0,1,13,8,-2.2452965,0.82108706,0.7526427,-3.4172652,0.6949564,0.07018097
realtech,us,2229,2.381,0,1,11,9,-1.1656239,0.47414994,0.65239817,-2.3342493,0.076385766,1.4165329
realtech,after,1608,2.355,0,1,10,10,-1.1265547,1.0286824,0.06909838,-2.4006298,0.6087824,0.34676394
realtech,internet,4106,2.349,0,1,11,11,2.691226,-2.4074845,-1.7711273,-0.30941406,-1.8817914,2.4370933
realtech,we,1443,2.296,0,1,11,12,-2.0270038,-0.36317438,0.7617544,-2.914085,-0.52950966,0.6924777
realtech,has,2828,2.283,0,1,11,13,-1.3459669,0.08124364,-2.6423252,-2.2448533,-0.0649025,0.4776435
realtech,their,1782,2.281,0,1,11,14,-1.820276,2.2274544,0.18033203,-2.862955,1.4796243,0.9904445
realtech,not,2191,2.257,0,1,11,15,-1.7412533,0.4510375,-0.37835026,-3.244656,0.52007806,0.40083283
realtech,0,1194,2.255,0,1,10,16,None,None,None,None,None,None
realtech,no,1288,2.25,0,1,10,17,-1.3081928,-3.0599964,-4.2603097,-1.9434946,-2.7007306,0.513746
realtech,that,6029,2.248,0,1,11,18,-2.4013345,1.2229962,-0.16221055,-3.7552161,0.8998972,-0.031067893
realtech,t,2047,2.247,0,1,11,19,-0.08136224,-4.099269,2.581325,-1.0199112,-3.2262266,0.82829136
realtech,u,1344,2.23,0,1,10,20,-1.5495816,-3.09034,2.2389667,-2.3740785,-2.3784745,0.07697179
relationship_advice,update,1247,27.953,0,5,188,1,-2.1766884,1.3754787,-2.4898264,-0.27341,-1.0394661,1.7195832
relationship_advice,wife,3299,16.177,0,4,108,2,1.5922631,0.621419,2.1510057,-1.4575951,0.8743942,-1.3490343
relationship_advice,husband,2019,15.116,0,4,97,3,1.6492529,0.86141384,2.222768,-1.1296413,1.1388563,-1.3821201
relationship_advice,found,2397,12.087,0,2,93,4,-1.2735527,-0.87402284,-0.17735787,-1.6166267,1.0226976,-0.38971415
relationship_advice,married,1751,11.16,0,2,78,5,2.1489472,1.5288447,0.30906707,-1.1832893,0.68308395,-1.2261817
relationship_advice,marriage,1435,9.424,0,2,70,6,2.5716474,3.2792585,-0.081635416,-0.36843508,1.7580116,0.9664075
relationship_advice,night,1548,9.288,0,2,71,7,-2.8063653,0.536663,-1.3559448,-2.4922626,-0.66206264,-0.68668205
relationship_advice,left,1057,9.268,0,2,72,8,-1.5742742,-1.7503097,0.501012,-1.9828709,0.85296994,-0.4060481
relationship_advice,last,1711,8.998,0,2,66,9,-2.6344688,-0.42491695,-0.998978,-2.4523034,-0.095323265,-0.17974901
relationship_advice,cheating,1889,8.692,0,2,66,10,3.7190673,-1.6238025,-1.4285283,-0.62209326,1.7726228,-0.7008158
relationship_advice,33,1072,8.621,0,2,64,11,None,None,None,None,None,None
relationship_advice,told,2179,8.514,0,2,74,12,-0.6165729,-1.7747293,0.85657287,-2.2329273,1.2945334,-1.2332821
relationship_advice,cheated,2203,8.233,0,2,59,13,3.873486,-3.7666936,-1.3025964,-0.16467616,1.7969756,-1.7476273
relationship_advice,sex,4193,8.017,0,2,59,14,0.9323796,2.5384946,-2.4228592,-1.6953415,-0.119740486,-0.09513471
relationship_advice,was,4097,7.968,0,2,65,15,-2.553527,-1.4687594,-0.33247104,-3.1935225,0.4661826,-0.7393948
relationship_advice,30,3238,7.944,0,2,60,16,None,None,None,None,None,None
relationship_advice,32,1562,7.879,0,2,62,17,None,None,None,None,None,None
relationship_advice,his,4447,7.761,0,2,65,18,-1.4834863,-0.7743188,2.753713,-2.9064577,0.89347196,-0.6014442
relationship_advice,won't,1334,7.706,0,2,64,19,None,None,None,None,None,None
relationship_advice,family,1447,7.584,0,2,57,20,-1.3681089,1.7159796,1.7960589,-1.9536996,-0.21643409,-0.06076023
relationships,update,9455,164.181,0,22,1232,1,-1.5512674,-5.0916076,-0.7563213,-0.27341,-1.0394661,1.7195832
relationships,daughter,1087,117.569,0,6,1035,2,0.18943216,2.0718284,0.36197564,-1.1851778,1.2682079,-1.8982751
relationships,wedding,1679,98.559,0,7,805,3,1.0965818,-1.928318,3.384588,-0.7712071,-0.023409158,-0.69321895
relationships,husband,6746,63.819,0,6,542,4,1.2278066,1.0468236,0.18987414,-1.1296413,1.1388563,-1.3821201
relationships,sister,4064,63.524,0,4,550,5,-0.77568984,1.3486841,0.9090274,-1.9387361,0.064952925,-1.9034742
relationships,baby,1003,62.473,0,4,584,6,-2.813105,0.35719353,1.6085417,-2.288564,-1.2792435,-1.627744
relationships,35m,1189,58.297,0,4,512,7,None,None,None,None,None,None
relationships,caught,1376,53.331,0,3,494,8,-0.794886,-0.41012385,-3.759767,-1.1264364,1.5022264,-0.95255256
relationships,pregnant,2021,53.146,0,4,460,9,-0.82482386,1.1873895,-1.8016788,-1.3247713,1.4750004,-1.5922003
relationships,wife,9495,50.959,0,5,417,10,1.0092852,1.3105532,-0.47783172,-1.4575951,0.8743942,-1.3490343
relationships,fianc,1599,50.75,0,3,556,11,None,None,None,None,None,None
relationships,fiancee,1169,50.203,0,4,460,12,3.5623016,0.3861998,-0.19354601,2.4341033,1.1037564,-1.7332854
relationships,child,1379,48.861,0,4,492,13,-2.2486088,1.2195768,0.2809392,-1.3598478,1.1842772,-0.22027154
relationships,32f,1415,47.926,0,4,474,14,None,None,None,None,None,None
relationships,affair,1045,47.846,0,4,393,15,1.9419789,-2.6596682,-0.24187356,0.9942466,0.48689437,-0.5812135
relationships,28f,4198,47.816,0,3,483,16,None,None,None,None,None,None
relationships,kids,1438,45.332,0,4,413,17,-3.187362,0.50794256,0.58679926,-1.8247198,0.34385693,-0.01916469
relationships,34m,1069,44.564,0,4,452,18,None,None,None,None,None,None
relationships,fiance,3277,44.514,0,4,426,19,3.168355,0.6535258,-0.09072601,1.3176304,1.0720711,-2.0727675
relationships,33m,1334,44.438,0,3,351,20,None,None,None,None,None,None
rpg,made,1027,41.326,0,10,295,1,-0.7701275,0.47178465,-0.5637186,-2.28509,0.5075963,-0.4901376
rpg,so,1248,39.158,0,8,295,2,-1.4299972,-1.0012559,0.0151633555,-3.1185777,-0.6882985,-0.21709311
rpg,this,2794,37.934,0,6,304,3,-1.8761086,0.31130844,0.17877384,-3.423039,0.12052153,0.25829396
rpg,my,5729,35.703,0,8,291,4,-1.804612,-0.24423797,0.61609596,-3.730388,-0.22782871,-0.46035725
rpg,just,1227,34.196,0,8,236,5,-1.9657507,0.08142029,0.2831123,-3.5247202,0.3733556,-0.45759273
rpg,dice,1197,33.295,0,7,276,6,3.9273658,-2.632918,0.62528235,0.9188272,-3.0011592,-0.33971173
rpg,as,1401,32.495,0,9,236,7,-0.40546918,-0.0923662,-1.4351931,-2.2781217,-0.95820844,0.87362534
rpg,i,6768,31.401,0,7,252,8,-1.743751,-1.0457928,1.2813655,-3.6094012,-1.000925,-0.32947692
rpg,it,2592,31.367,0,7,232,9,-2.172635,-0.008044632,0.38417816,-3.6389697,0.21471155,0.22040805
rpg,players,2201,30.764,0,9,233,10,1.4710401,2.8498962,-3.2304707,-0.86042345,0.6998996,0.80661327
rpg,x,1030,29.418,0,6,263,11,2.072734,-2.7067578,1.2618139,-1.1175205,-3.2103586,-0.32081115
rpg,like,1376,28.99,0,7,242,12,-1.4706082,0.09453043,0.481306,-3.2754328,-0.06366012,-0.74290675
rpg,dungeon,1016,28.479,0,8,202,13,4.165488,3.302479,3.5539062,2.106394,0.1312627,-0.7770773
rpg,that,2045,27.667,0,9,181,14,-2.3555982,0.4023049,0.0004225323,-3.7552161,0.8998972,-0.031067893
rpg,dm,1491,27.545,0,8,197,15,2.7788012,-4.3126254,-0.4188626,-1.0869848,-2.8915436,-0.019974126
rpg,at,1325,26.825,0,7,221,16,-0.8746877,0.32354838,-0.47841373,-2.569361,-0.56025684,0.48392066
rpg,is,4295,26.639,0,7,191,17,-1.9871832,0.3755478,0.12744278,-3.179791,-0.04706385,0.24855019
rpg,gaming,1086,26.376,0,6,232,18,3.4044104,3.3688223,0.38663125,1.2265738,-0.37600213,1.3969584
rpg,the,12668,26.206,0,7,204,19,-1.8907211,0.69820225,0.3464625,-3.2426047,-0.24358808,0.80810684
rpg,gm,1401,26.081,0,9,196,20,2.9274018,-0.23584865,-3.4152968,0.3528824,-0.70639336,0.35601845
runescape,feel,1173,33.019,0,1,239,1,-1.0684304,0.86298174,1.432917,-2.9205418,0.6213269,-0.8857981
runescape,mod,1531,32.703,0,3,263,2,3.864618,-1.3307512,0.5028296,1.5750278,-1.1825286,0.3050002
runescape,we,3636,29.784,0,2,216,3,-1.515662,-0.7614999,-1.6521465,-2.914085,-0.52950966,0.6924777
runescape,guy,1557,29.326,0,1,229,4,-0.19261654,0.6276209,-0.0045967842,-2.1731968,0.5513065,-1.1612861
runescape,r,1877,27.501,0,1,231,5,0.41817823,-6.261119,0.2338075,-1.3318741,-2.923924,0.8412996
runescape,see,1786,26.595,0,1,199,6,-0.9615306,0.19811527,0.38002983,-2.790912,-0.09916603,-0.14715068
runescape,us,1141,26.51,0,2,194,7,-0.40970984,-0.6760686,-0.8014143,-2.3342493,0.076385766,1.4165329
runescape,he,1244,26.285,0,1,217,8,-1.054602,0.1016504,-1.1900606,-2.7646928,-0.82008827,-0.5936299
runescape,found,1691,26.161,0,1,227,9,0.5657758,0.813396,1.7153058,-1.6166267,1.0226976,-0.38971415
runescape,jagex,5135,25.098,0,1,214,10,7.1447678,1.9803305,-0.07568483,3.6584249,0.9989717,-0.9827375
runescape,players,1363,24.958,0,1,197,11,1.2126583,0.3057989,-4.2833085,-0.86042345,0.6998996,0.80661327
runescape,made,1909,24.207,0,1,192,12,-0.30737457,0.50698227,0.30394602,-2.28509,0.5075963,-0.4901376
runescape,when,5054,23.767,0,1,203,13,-1.888825,0.96515507,0.15068458,-3.621951,1.0671849,-0.3380017
runescape,thought,1230,23.616,0,1,180,14,-0.70119804,1.3495175,0.57167834,-2.4158912,1.3569754,-0.9856474
runescape,thing,1005,23.244,0,1,212,15,-0.64084786,0.65391916,0.3673952,-2.5879893,0.6651473,-0.29955488
runescape,they,1815,23.068,0,1,195,16,-1.9354999,0.76478595,-1.244882,-3.5051446,1.4383961,0.38971087
runescape,post,1686,22.863,0,1,234,17,1.254957,-1.0163516,1.375323,-0.96799123,-0.9700228,1.1414212
runescape,never,1179,22.862,0,1,181,18,-1.380177,0.61224514,-0.19143024,-3.041413,0.4030866,-0.54474926
runescape,like,4277,22.839,0,1,187,19,-1.6250179,0.15156038,1.1538618,-3.2754328,-0.06366012,-0.74290675
runescape,look,1381,22.79,0,1,184,20,-0.7794578,0.15172867,1.2557424,-2.6153276,-0.049048457,-0.6552221
running,ran,2057,53.448,0,5,449,1,2.1275547,2.0524342,1.301347,-0.7052138,-0.06604032,-0.97409827
running,was,1401,49.624,0,4,477,2,-1.6061205,1.1291175,0.9010894,-3.1935225,0.4661826,-0.7393948
running,today,2028,41.645,0,5,383,3,-0.6435976,0.67864007,0.060894843,-2.7574947,0.25998557,0.34778124
running,miles,1596,38.154,0,3,377,4,4.76045,0.14333224,1.8440621,-0.20893687,-0.78728694,0.10479143
running,r,1719,37.517,0,4,382,5,2.601472,-2.1607594,-4.98673,-1.3318741,-2.923924,0.8412996
running,so,1585,36.945,0,3,343,6,-1.3337207,-1.48663,0.75105745,-3.1185777,-0.6882985,-0.21709311
running,this,5984,35.503,0,3,331,7,-1.6950217,0.20178239,-0.343624,-3.423039,0.12052153,0.25829396
running,post,1357,34.329,0,3,377,8,0.2687763,-0.24140832,-0.90646863,-0.96799123,-0.9700228,1.1414212
running,who,1187,34.184,0,4,266,9,-1.3036975,0.2191566,-0.21830201,-3.126877,0.843511,-0.12945189
running,mile,1954,34.174,0,3,308,10,4.774088,1.4812331,0.5796334,-0.0130738495,-0.52377385,-0.45327398
running,year,1201,33.837,0,4,331,11,-0.5644538,1.1339426,-1.4144818,-2.3330073,0.2867338,0.3811472
running,just,2824,33.708,0,3,305,12,-1.5688387,0.8443227,0.55680645,-3.5247202,0.3733556,-0.45759273
running,like,1687,32.49,0,3,315,13,-1.0446154,-0.1893804,0.48298967,-3.2754328,-0.06366012,-0.74290675
running,as,1224,32.292,0,3,251,14,-0.49810758,-3.046127,1.1798288,-2.2781217,-0.95820844,0.87362534
running,at,2757,31.926,0,3,255,16,-0.5032517,0.888922,-1.1647317,-2.569361,-0.56025684,0.48392066
running,ever,1160,31.926,0,4,283,15,-0.6366939,0.6505296,0.21272211,-2.7880251,0.3631495,-0.6065687
running,me,3052,30.086,0,2,318,17,0.3866299,-4.684422,1.9005281,-2.815495,-2.5236044,-0.39501652
running,all,1203,29.75,0,3,316,18,-1.2927073,-0.20134698,-0.64634913,-3.2166746,-0.068885975,0.47858277
running,first,5728,29.698,0,3,259,19,-0.7482906,1.2993957,-0.63451904,-2.34711,0.2744144,0.23318471
running,did,1014,29.176,0,4,286,20,-1.4798516,1.2872641,0.54424703,-2.9973285,0.9449186,-0.7106697
science,series,1116,447.834,0,1,3632,1,-3.4389877,-1.5168002,-1.1628777,-0.14219826,-1.3254195,0.73312753
science,percent,1121,189.841,0,4,2288,2,1.2623852,-0.83867484,1.3783932,0.33586875,1.3503994,1.5760283
science,according,2665,172.141,0,5,2444,3,-1.0767896,0.48917004,1.3088771,-0.11987323,1.474414,1.223078
science,nearly,1057,161.501,0,3,2393,4,-0.65636504,-0.28030744,1.3351657,-0.91507,1.7317802,0.1482169
science,published,1456,157.591,0,5,1935,5,-2.5291898,3.0028548,1.4877676,1.0925714,1.535561,1.0527307
science,immune,1332,151.807,0,4,1949,6,2.8556552,1.3924174,-4.094679,1.1116602,1.3294426,0.5665199
science,professor,1035,151.58,0,1,2482,7,-2.4442167,0.5179131,0.102608405,0.38095027,-0.29214218,0.0015026657
science,likely,2494,151.56,0,3,2253,8,0.52261126,-0.64298916,0.1905639,-0.7502825,1.8845177,0.89911467
science,marijuana,1082,149.516,0,1,1875,9,1.4107957,1.2439154,0.56973433,0.5201974,1.5976124,1.2492726
science,previously,1322,144.094,0,6,1801,10,-1.5347643,2.1758068,0.7054724,1.2251755,1.546199,0.2531924
science,higher,1429,143.35,0,3,2038,11,2.4470313,-1.5303106,2.4427533,-0.27850494,1.4137921,1.2434565
science,team,2208,135.526,0,4,1784,12,-2.4360576,-4.030776,-2.3296056,-1.4349273,-1.5557907,0.6744127
science,able,1425,134.642,0,3,1926,13,-0.86190206,-0.9774116,-0.66915554,-1.6226492,1.0043504,0.2389442
science,lower,1139,134.624,0,2,1923,14,2.8036385,-1.3144317,1.2979605,-0.06679854,1.4520627,1.2183988
science,developed,1776,133.95,0,5,1666,15,-0.61410576,2.8568997,-1.3155386,1.2193099,2.1732016,0.83264744
science,depression,1442,133.701,0,1,1695,16,2.4625294,1.0448242,-2.3526227,0.24992757,1.33822,0.16264002
science,children,2764,132.411,0,2,1935,17,-0.6317721,0.18869588,0.16758394,-1.092414,1.7844715,0.7153154
science,levels,1790,132.042,0,3,1630,18,1.9497385,-0.022970343,0.8178574,0.4027108,1.0509374,0.88355726
science,less,2485,131.772,0,2,1851,19,0.5097671,-1.7578267,0.119739465,-1.5578233,0.86325306,0.7751381
science,i'm,1398,131.288,0,1,2299,20,None,None,None,None,None,None
scifi,x,1012,73.052,0,2,886,1,2.9148161,-1.0345379,-0.1622613,-1.1175205,-3.2103586,-0.32081115
scifi,will,1157,65.672,0,3,697,2,-1.3171154,0.13598706,-0.77024674,-2.8572311,0.3906718,0.7284385
scifi,as,1496,62.848,0,4,688,3,0.11961365,0.19788216,-3.7285137,-2.2781217,-0.95820844,0.87362534
scifi,s,1036,62.761,0,3,633,4,3.1628094,-2.4908864,-0.6509606,-0.96438384,-3.238136,0.82378256
scifi,was,1862,60.252,0,3,606,5,-2.301662,0.40411827,-0.2800017,-3.1935225,0.4661826,-0.7393948
scifi,r,1857,58.748,0,3,679,6,3.3967006,-4.2653747,0.18244869,-1.3318741,-2.923924,0.8412996
scifi,has,1379,56.972,0,4,600,7,-0.9705224,1.0264292,-2.5894275,-2.2448533,-0.0649025,0.4776435
scifi,trek,2481,55.504,0,2,594,8,3.0112154,3.6307077,1.6110654,1.264829,-0.9189145,-0.14846356
scifi,star,4444,53.856,0,1,601,9,2.5928376,1.7527579,0.97133845,-0.62938297,-1.6622225,-0.10101246
scifi,it,3448,52.62,0,3,546,10,-2.2097673,-0.29424557,-0.56215143,-3.6389697,0.21471155,0.22040805
scifi,my,2779,51.821,0,1,606,11,-1.9363977,-0.8669334,0.57563835,-3.730388,-0.22782871,-0.46035725
scifi,this,4406,51.661,0,2,580,12,-1.9152753,-0.3379044,-0.09337081,-3.423039,0.12052153,0.25829396
scifi,first,1675,51.548,0,3,568,13,-0.832923,0.7053645,0.5163215,-2.34711,0.2744144,0.23318471
scifi,post,1110,51.108,0,2,645,14,0.67930967,0.6945847,0.65967953,-0.96799123,-0.9700228,1.1414212
scifi,at,1794,50.353,0,2,555,15,-1.2622727,-0.91769654,1.8923566,-2.569361,-0.56025684,0.48392066
scifi,is,5829,49.688,0,2,563,16,-2.1741235,0.035244443,-0.7017272,-3.179791,-0.04706385,0.24855019
scifi,in,8054,49.378,0,3,534,17,-1.7225343,-0.74080396,2.2404711,-2.8785682,-0.5683023,1.1003566
scifi,from,4162,49.163,0,3,548,18,-1.6390736,-0.14408924,1.6105152,-2.6115398,0.27107444,0.51758957
scifi,time,1728,49.075,0,2,552,19,-0.36815527,0.13550311,0.046708435,-2.5689878,-0.6856868,0.21413173
scifi,series,2121,48.845,0,4,487,20,2.7725117,2.3738868,-0.76788515,-0.14219826,-1.3254195,0.73312753
secretsanta,made,2179,25.608,1,4,220,1,0.29806235,0.45492998,-0.82200927,-2.28509,0.5075963,-0.4901376
secretsanta,this,8799,23.138,0,3,197,2,-1.2418807,-0.36160886,0.5089886,-3.423039,0.12052153,0.25829396
secretsanta,hope,1193,22.694,0,3,185,3,0.3354266,1.1369463,0.8416109,-2.4665766,0.23556003,-0.5613821
secretsanta,we,1234,22.655,0,3,210,4,-0.6893728,-0.96374166,-1.1383332,-2.914085,-0.52950966,0.6924777
secretsanta,could,1085,21.885,0,4,142,5,-0.6354881,0.6390877,-0.6519255,-2.891936,1.3000826,-0.034068864
secretsanta,was,4596,21.216,0,3,157,6,-1.0543957,0.051155996,-3.3164997,-3.1935225,0.4661826,-0.7393948
secretsanta,giftee,4202,21.185,0,3,179,7,None,None,None,None,None,None
secretsanta,present,1051,20.562,0,3,145,8,3.331013,2.5252464,1.4024035,-0.80124253,0.1769808,-0.059030786
secretsanta,sent,2748,20.492,0,3,179,9,3.960137,1.3251777,-1.0319418,-1.04706,-0.0662351,-0.3128012
secretsanta,had,1208,20.383,0,4,156,10,-0.29640663,0.4352431,-3.1239126,-2.871008,0.79366267,-0.7124806
secretsanta,don't,1618,20.257,0,3,145,11,None,None,None,None,None,None
secretsanta,today,2399,19.67,0,4,156,12,-0.27033886,0.7090028,0.35443407,-2.7574947,0.25998557,0.34778124
secretsanta,feel,1022,19.454,0,2,154,13,-0.37811193,-0.023325846,1.4783473,-2.9205418,0.6213269,-0.8857981
secretsanta,like,2266,19.375,0,3,152,14,-1.1740291,-0.9242004,0.8216355,-3.2754328,-0.06366012,-0.74290675
secretsanta,all,3208,19.295,0,4,135,15,-1.1206073,-0.15103407,1.1469604,-3.2166746,-0.068885975,0.47858277
secretsanta,much,2424,19.098,0,4,122,16,-0.4090269,-0.16974427,1.1077731,-3.0187736,0.33534405,-0.33968195
secretsanta,out,3196,19.061,0,3,138,17,-0.96048206,0.2504582,0.5586004,-2.968627,0.12615682,0.17456675
secretsanta,these,1163,18.913,0,4,116,18,-1.5028179,0.024371758,1.273662,-2.736071,1.192778,0.26037702
secretsanta,going,1153,18.891,0,4,136,19,-1.0847981,0.30683178,0.37983608,-2.9904633,0.6471734,-0.12234535
secretsanta,me,9204,18.714,0,3,149,20,2.8931167,-5.2647977,0.21036981,-2.815495,-2.5236044,-0.39501652
self,ago,1088,42.729,0,2,358,1,1.5452199,2.2756765,1.7753235,-1.4586748,0.15247318,-0.34578076
self,him,1040,38.172,0,1,487,2,-1.9332749,-0.38828775,-0.1330566,-3.1272774,0.7650703,-0.98501414
self,last,1906,37.356,0,2,381,3,1.5102677,0.6931931,-1.3114952,-2.4523034,-0.095323265,-0.17974901
self,she,1206,36.098,0,1,410,4,-2.466448,0.37657675,0.061834536,-3.4891548,0.56836784,-1.3699143
self,found,1425,35.891,0,2,338,5,0.022992177,0.85197484,1.1050324,-1.6166267,1.0226976,-0.38971415
self,he,1333,34.786,0,1,440,6,-2.8273473,1.7923523,0.25419316,-2.7646928,-0.82008827,-0.5936299
self,years,2322,34.676,0,2,372,7,1.8269299,0.80439657,1.8187269,-2.0438457,0.7118587,0.2206025
self,his,1513,34.142,0,2,436,8,-2.9688606,-0.7063618,0.09634375,-2.9064577,0.89347196,-0.6014442
self,today,4455,33.06,0,2,352,9,1.2944152,-0.124865144,-2.052976,-2.7574947,0.25998557,0.34778124
self,old,1933,32.033,0,2,386,10,0.59051585,0.041194245,2.5131042,-2.1879292,0.23916592,-0.89891815
self,2,1105,30.554,0,1,356,11,None,None,None,None,None,None
self,year,2400,28.854,0,2,351,12,2.2160504,0.013473213,0.5307039,-2.3330073,0.2867338,0.3811472
self,her,2095,28.509,0,1,325,13,-3.5951812,-2.330649,0.68608093,-3.1888888,0.1947253,-1.2958006
self,was,5467,28.218,0,2,336,14,-0.6593227,2.3956883,-1.1371682,-3.1935225,0.4661826,-0.7393948
self,got,3030,28.179,0,2,323,15,-0.72257066,0.6625454,-0.8899748,-2.9497821,0.37691778,-0.89768565
self,us,1225,26.897,0,1,288,16,0.5154035,-1.7128954,-0.7928358,-2.3342493,0.076385766,1.4165329
self,after,1722,25.935,0,2,281,17,0.5630395,0.7254476,-0.9082934,-2.4006298,0.6087824,0.34676394
self,dear,1543,25.861,0,1,205,18,2.5187318,-2.8481596,1.5678592,-1.4512619,-0.20818093,-0.47599486
self,our,1168,25.788,0,1,312,19,0.53502333,-2.4411664,-0.8722222,-2.6149535,0.50715643,1.1347957
self,night,1471,25.268,0,2,325,20,2.0344179,-0.08013486,-2.3111794,-2.4922626,-0.66206264,-0.68668205
skateboarding,r,1072,46.184,0,5,411,1,4.0449533,-4.746716,0.008542345,-1.3318741,-2.923924,0.8412996
skateboarding,flip,1853,45.087,0,7,394,2,2.9135852,3.1434743,0.89315355,-0.2654361,-0.12109257,-0.80893636
skateboarding,this,6475,37.428,0,5,313,3,-1.1573786,-0.12734923,0.20582342,-3.423039,0.12052153,0.25829396
skateboarding,was,1230,36.662,0,7,267,4,-1.8683059,0.23312037,-1.4000669,-3.1935225,0.4661826,-0.7393948
skateboarding,got,1263,35.651,0,5,301,5,-0.95863163,0.7915482,0.583688,-2.9497821,0.37691778,-0.89768565
skateboarding,ever,1023,35.207,0,6,327,6,-0.4367899,0.36114356,0.10618515,-2.7880251,0.3631495,-0.6065687
skateboarding,back,1181,34.881,0,5,319,7,0.697032,0.015307784,2.357186,-2.734396,-0.7593939,0.038934804
skateboarding,not,1012,34.57,0,5,292,8,-1.100866,-0.098561235,-0.60716736,-3.244656,0.52007806,0.40083283
skateboarding,my,8087,33.114,0,4,276,9,-1.2108686,-0.10862935,1.3551162,-3.730388,-0.22782871,-0.46035725
skateboarding,so,1637,32.712,0,5,262,10,-1.2427343,-0.7077978,-1.4167086,-3.1185777,-0.6882985,-0.21709311
skateboarding,friend,1624,32.281,0,5,263,11,0.32496053,1.0047649,-0.14399515,-2.352772,0.0680445,-1.1581174
skateboarding,i,7828,31.692,0,4,280,12,-1.0218245,-1.640525,1.0305429,-3.6094012,-1.000925,-0.32947692
skateboarding,like,1214,31.659,0,3,291,13,-0.95504045,0.20000087,0.3024902,-3.2754328,-0.06366012,-0.74290675
skateboarding,old,1368,30.749,0,4,263,14,0.21286543,1.1984422,-0.085526064,-2.1879292,0.23916592,-0.89891815
skateboarding,up,1364,30.735,0,3,313,15,-0.40478173,0.27593794,1.1189591,-3.0872686,-0.26721498,0.050360076
skateboarding,oc,1315,30.483,0,5,277,16,3.7645528,2.2282705,-1.4668627,1.0525255,-1.1526995,-0.39761293
skateboarding,at,3082,30.177,0,5,243,17,-0.14487988,-0.6709671,1.0141363,-2.569361,-0.56025684,0.48392066
skateboarding,an,1276,30.121,0,4,278,18,-0.06527885,-0.52683127,-4.1135716,-2.1368263,-0.7357933,0.54226786
skateboarding,but,1398,30.006,0,4,232,19,-1.5220749,0.15178984,-0.23390302,-3.4802496,0.46259698,-0.009232555
skateboarding,day,1257,29.9,0,4,263,20,0.13150844,-0.97642154,0.49197954,-2.7567844,-0.50667286,-0.0010164105
skyrim,oh,1208,111.467,0,5,1057,1,-0.06899966,-2.0744073,-1.5163115,-1.9382948,-1.9030315,-1.0891687
skyrim,gaming,1149,110.568,0,3,1125,2,3.5383816,-1.3907666,4.692716,1.2265738,-0.37600213,1.3969584
skyrim,never,1868,109.986,0,6,1276,3,-0.78288615,0.22191992,-0.5883565,-3.041413,0.4030866,-0.54474926
skyrim,made,3078,109.061,0,6,1100,4,-0.6386615,-0.03578259,0.39583465,-2.28509,0.5075963,-0.4901376
skyrim,him,1433,105.047,0,8,951,5,-2.121788,0.82863295,-0.16173893,-3.1272774,0.7650703,-0.98501414
skyrim,his,1704,104.93,0,9,973,6,-2.7636023,1.4032825,1.0626094,-2.9064577,0.89347196,-0.6014442
skyrim,well,1722,104.739,0,4,1167,7,-0.38642147,-0.6813382,-0.5876261,-2.7405248,0.37220907,-0.4463651
skyrim,today,1787,104.122,0,5,1086,8,0.44322857,0.49075872,-0.14479446,-2.7574947,0.25998557,0.34778124
skyrim,he,2314,103.663,0,10,941,9,-2.858548,-0.71806324,-0.53147894,-2.7646928,-0.82008827,-0.5936299
skyrim,x,1629,101.577,0,3,1145,10,1.2385372,-4.71422,-1.5376623,-1.1175205,-3.2103586,-0.32081115
skyrim,til,1827,100.546,0,5,1033,11,3.5392764,2.7969658,-2.8291276,-1.0522882,-0.53707576,-0.5449866
skyrim,last,1049,99.751,0,6,1130,12,0.58645624,0.27697754,-0.3478271,-2.4523034,-0.095323265,-0.17974901
skyrim,thought,2105,96.722,0,5,1110,13,-0.69379056,0.25641695,0.26166385,-2.4158912,1.3569754,-0.9856474
skyrim,finally,1573,95.409,0,6,1079,14,0.9407079,0.8840372,-0.42457122,-1.7974865,0.69651,-0.4414816
skyrim,looks,1353,95.009,0,5,1139,15,-1.0322158,-0.5589362,0.9838163,-2.0051916,0.49578422,-1.1260984
skyrim,seen,1016,94.952,0,6,1021,16,-0.4268999,0.48573065,0.38654077,-1.7502369,0.7923969,-0.80985296
skyrim,hours,1748,93.816,0,4,920,17,2.7074296,1.5965599,-0.21796362,-1.9005733,0.74876666,0.5286107
skyrim,killed,1117,93.605,0,4,972,18,-0.88277453,1.643681,1.7953398,-1.0808238,1.4438986,-0.62348306
skyrim,friend,1233,93.556,0,3,910,19,-0.57755315,-0.103597656,-0.26679608,-2.352772,0.0680445,-1.1581174
skyrim,sure,1123,92.388,0,5,940,20,0.24012774,-0.60784847,-0.42426407,-2.2356243,0.21170202,-0.24850318
smashbros,sakurai,1732,153.739,0,6,1110,1,4.953526,4.171118,0.5439769,3.2004576,-0.03223884,-1.5171047
smashbros,day,2043,121.275,0,7,820,2,-1.6464248,-0.7954078,0.47027624,-2.7567844,-0.50667286,-0.0010164105
smashbros,too,1074,104.406,0,2,859,3,-2.1230137,0.16453457,-0.18463427,-2.9900703,-0.045363046,-0.5515425
smashbros,leffen,1281,84.274,0,3,724,4,None,None,None,None,None,None
smashbros,2015,1594,81.607,0,5,624,5,None,None,None,None,None,None
smashbros,mango,1091,80.755,0,6,595,6,2.614693,-0.283211,-1.4740428,0.9597317,-0.9069351,-1.1732858
smashbros,m2k,1090,79.605,0,8,618,7,None,None,None,None,None,None
smashbros,it,1393,78.233,0,2,787,8,-2.8180788,0.009261961,0.3321203,-3.6389697,0.21471155,0.22040805
smashbros,into,1362,73.611,0,2,642,9,-2.1951158,0.3508381,1.9063873,-2.2992327,1.1029599,0.46017256
smashbros,by,2849,73.035,0,5,559,10,-1.4295167,-0.8971909,2.0425212,-1.9502953,-0.116353825,0.59982204
smashbros,he,1200,72.096,0,2,695,11,-2.3607883,2.1306725,-3.4372003,-2.7646928,-0.82008827,-0.5936299
smashbros,evo,2048,71.472,0,5,618,12,3.612524,-1.2602977,-1.3881052,1.9389691,-1.5907339,0.06846575
smashbros,his,1690,71.368,0,3,641,13,-2.9977272,2.775442,-0.7190758,-2.9064577,0.89347196,-0.6014442
smashbros,combo,2624,66.808,0,4,533,14,2.4106693,-1.4135947,-1.50856,0.9342636,-1.3218683,-0.46726406
smashbros,new,6517,65.639,0,2,597,15,-1.5570573,-0.88266355,1.386445,-1.9311304,-0.70225275,1.158011
smashbros,see,1705,61.498,0,2,591,16,-2.1115687,-0.11327981,0.338157,-2.790912,-0.09916603,-0.14715068
smashbros,0,1507,61.337,0,3,464,17,None,None,None,None,None,None
smashbros,apex,1776,61.135,0,5,448,18,3.5188115,0.47206268,2.4711385,2.5325782,-0.04688098,-0.06421817
smashbros,x,1442,61.121,0,4,526,19,0.19024779,-3.0046327,-2.0885272,-1.1175205,-3.2103586,-0.32081115
smashbros,zero,1250,60.761,0,3,507,20,1.9388176,-1.42365,1.3091214,0.20799623,-0.74272656,0.9040462
soccer,save,1460,139.96,0,6,1334,1,-0.7869524,-1.5393004,1.9738725,-1.1038795,-0.2406602,0.6367167
soccer,volley,1065,130.932,0,8,1187,2,1.8573402,2.0133443,0.16677321,1.6466348,-1.1288084,-0.9419408
soccer,2nd,1197,125.886,0,8,1090,3,None,None,None,None,None,None
soccer,gif,1582,120.754,0,1,1305,4,-0.8587044,-1.0872239,-1.028241,0.5087607,-1.5573933,-0.7032857
soccer,goal,21118,118.478,0,4,1160,5,1.7684753,2.4315412,1.9242618,-0.86402637,-0.39074546,0.053411152
soccer,minute,1416,104.256,0,5,1029,6,-0.83793133,-0.25279486,0.9503538,-1.1243792,-0.13051207,-0.040671192
soccer,0,7836,101.39,0,5,914,7,None,None,None,None,None,None
soccer,against,11153,98.701,0,5,968,8,1.9400743,-0.7480193,0.5755922,-1.0291473,1.1390711,1.4632013
soccer,card,1608,98.508,0,2,921,9,-0.7612233,-2.312305,2.6615045,-0.6408877,-0.3211799,0.6633293
soccer,incredible,1120,93.689,0,3,1005,10,-2.345478,2.6157224,-1.1705186,-0.5467437,0.79947907,-0.271753
soccer,james,1208,91.924,0,2,734,11,-0.9504913,-0.9089857,-2.834847,-0.69772106,-1.0739274,-1.0310628
soccer,beautiful,1545,91.672,0,3,961,12,-3.2219834,1.1882892,-1.1964679,-2.247008,0.0041827667,-1.2791408
soccer,brilliant,1010,91.444,0,2,950,13,-1.9464518,2.7858787,0.11235776,-0.43364394,0.99163616,-0.46434584
soccer,ago,1647,89.446,0,2,831,14,-1.7706326,-1.0069308,-0.2661999,-1.4586748,0.15247318,-0.34578076
soccer,0,1232,88.695,0,6,693,15,None,None,None,None,None,None
soccer,shot,1211,88.434,0,2,905,16,-0.8953812,-0.57994205,0.67806786,-1.1073923,0.16624784,-0.6582496
soccer,official,3893,86.667,0,3,746,17,-0.49796835,-2.6870265,-0.95068616,-0.25766072,-0.8559357,0.85184574
soccer,dortmund,2328,86.443,0,3,659,18,4.1305637,1.4503738,-1.0044135,1.1105673,-1.6201543,0.0035869682
soccer,vs,34562,85.787,0,2,788,19,3.800184,-1.6249826,-2.3880308,0.29326716,-2.429432,0.34330934
soccer,kick,3957,85.212,0,2,865,20,1.3765615,0.2623617,1.7966193,-1.0593418,-0.37841427,-0.78078836
socialism,post,1119,35.693,0,7,258,1,1.2849588,-0.81679624,-1.2141621,-0.96799123,-0.9700228,1.1414212
socialism,was,1189,34.654,0,8,244,2,-1.723922,0.21743958,-2.1452265,-3.1935225,0.4661826,-0.7393948
socialism,who,1204,31.708,0,7,231,3,-0.6643006,0.12508146,0.88828754,-3.126877,0.843511,-0.12945189
socialism,if,1048,31.476,0,7,250,4,-1.0724846,0.08586201,-0.124527074,-3.4172652,0.6949564,0.07018097
socialism,their,1105,31.34,0,8,225,5,0.047089454,0.9220467,2.5317454,-2.862955,1.4796243,0.9904445
socialism,people,1828,30.931,0,7,211,6,0.03402313,0.5204117,1.9107139,-3.1653438,1.1312002,0.8718072
socialism,more,1202,30.551,0,7,249,7,-0.26746744,-0.21550423,0.7230412,-2.698736,0.15690249,0.9707182
socialism,it,2567,29.425,0,7,230,8,-1.5873858,0.5959793,-1.1635092,-3.6389697,0.21471155,0.22040805
socialism,this,2625,29.301,0,6,230,9,-1.3131553,-0.02888676,-1.1052079,-3.423039,0.12052153,0.25829396
socialism,that,2877,29.24,0,8,216,10,-1.8036897,0.9702131,-0.693334,-3.7552161,0.8998972,-0.031067893
socialism,not,1991,28.732,0,6,244,11,-0.8306557,0.38015762,-0.20176695,-3.244656,0.52007806,0.40083283
socialism,have,1713,28.438,0,7,201,12,-1.3984108,0.47706237,0.64491165,-3.513116,0.79508233,0.23116368
socialism,has,1381,28.408,0,8,226,13,-0.71027315,0.20808545,-1.6272359,-2.2448533,-0.0649025,0.4776435
socialism,we,1691,28.407,0,6,201,14,-0.6344132,-0.73980606,0.20544147,-2.914085,-0.52950966,0.6924777
socialism,r,2125,27.92,0,7,229,15,1.8769492,-6.2148294,-0.40845135,-1.3318741,-2.923924,0.8412996
socialism,workers,1596,27.46,0,8,222,16,4.662333,1.215947,2.0350044,0.4208518,2.109531,2.2694283
socialism,us,2038,27.084,0,7,202,17,0.6667267,-0.23961593,0.52485746,-2.3342493,0.076385766,1.4165329
socialism,capitalism,2114,26.483,0,6,208,18,5.3268614,2.1949546,-2.7568865,1.8770506,1.8564012,0.9250778
socialism,are,2900,26.434,0,7,196,19,-0.5649735,-0.3697507,2.262849,-3.1324968,0.5529448,0.6463594
socialism,but,1284,26.403,0,6,198,20,-1.3278146,0.71194774,-0.28654563,-3.4802496,0.46259698,-0.009232555
software,i,2214,7.041,0,1,51,1,-1.0620476,0.32444915,-1.4278903,-3.6094012,-1.000925,-0.32947692
software,my,1239,6.708,0,1,37,2,-1.4277061,0.14202957,0.4801955,-3.730388,-0.22782871,-0.46035725
software,now,1049,6.342,0,1,61,3,-0.7589184,0.77758294,0.05026501,-2.8247273,-0.011966664,0.30824298
software,you,2070,6.17,0,1,53,4,-1.8443904,0.62246674,-1.5873832,-4.033075,-0.037475616,-0.28735858
software,that,2287,6.161,0,2,41,5,-1.7419404,0.46479115,-0.4468526,-3.7552161,0.8998972,-0.031067893
software,it,1783,5.543,0,1,47,6,-1.2790382,0.37437004,-0.46873605,-3.6389697,0.21471155,0.22040805
software,what,1573,5.331,0,1,37,7,-1.3292401,0.98690677,-0.7625578,-3.2040205,0.28209987,-0.0018237375
software,is,4192,5.27,0,1,39,8,-1.5933671,0.35086092,1.1159533,-3.179791,-0.04706385,0.24855019
software,a,7111,5.127,0,1,36,9,1.0828223,-4.355356,-1.3583246,-2.4333866,-2.5444493,0.38082778
software,program,1522,5.065,0,1,24,10,3.9737694,2.0643625,2.010691,0.19679774,-0.3042942,2.3529978
software,the,6910,4.66,0,1,40,11,-1.3932493,-0.22275096,1.6597781,-3.2426047,-0.24358808,0.80810684
software,new,1484,4.608,0,1,42,12,0.8488534,-0.29584244,1.7746835,-1.9311304,-0.70225275,1.158011
software,google,1205,4.599,0,1,39,13,4.723997,1.1901184,-1.0940268,0.10840304,-1.6534,2.4000084
software,or,1133,4.595,0,1,29,14,-0.3038031,0.20501779,-0.68570715,-2.6681688,0.076676235,0.27281043
software,any,1075,4.437,0,1,28,15,0.19433221,0.06751706,-0.52900964,-2.342283,0.63166964,0.83344096
software,an,1506,4.425,0,1,32,16,1.5114471,-3.0097764,0.99889994,-2.1368263,-0.7357933,0.54226786
software,use,1122,4.421,0,1,34,17,1.8984303,0.64168,-1.9683778,-1.638817,0.2510551,1.1932615
software,can,1662,4.378,0,1,32,18,-0.20196871,0.3760396,-1.6335843,-3.0683029,0.2907768,0.2961294
software,of,5631,4.251,0,1,37,19,-1.2183355,0.28427628,2.4404857,-2.9982007,0.07186476,1.1668499
software,on,3361,4.17,0,1,32,20,-0.07964162,-0.9887436,1.4314972,-2.7134001,-0.83771306,0.9725021
space,taken,1137,200.881,0,6,2583,1,0.52128905,1.3032606,-1.9939876,-1.2312819,0.48405322,-0.13142307
space,picture,1445,193.876,0,4,2555,2,-0.6985397,3.079067,-1.2102559,-1.9575729,0.3887631,-1.0706995
space,my,3533,158.103,0,3,2208,3,-2.6572077,-0.7388014,0.12661117,-3.730388,-0.22782871,-0.46035725
space,photo,1352,153.671,0,3,2345,4,0.25396886,4.017285,-0.07058994,-0.9244708,-1.0486959,0.06768486
space,image,1960,138.143,0,4,1821,5,1.7389567,3.5740075,0.87315553,0.15376258,-0.23646288,1.0418257
space,seen,1738,136.649,0,5,1483,6,-0.72045094,0.10298235,-1.0575426,-1.7502369,0.7923969,-0.80985296
space,apollo,1962,129.362,0,6,1817,7,3.613025,-1.77285,-1.1785507,1.6586246,-0.34138843,-0.16837549
space,last,1342,125.728,0,4,1578,8,-1.6123116,-0.39785072,-0.76943606,-2.4523034,-0.095323265,-0.17974901
space,this,6718,123.08,0,3,1481,9,-2.4639554,-0.33388498,0.07831692,-3.423039,0.12052153,0.25829396
space,surface,1110,121.985,0,5,1446,10,3.5330055,0.73921996,2.8376667,1.1839311,-0.04004999,1.2461361
space,just,2280,119.77,0,3,1481,11,-2.5620878,-0.6272322,0.045700923,-3.5247202,0.3733556,-0.45759273
space,i,6120,119.361,0,2,1567,12,-2.8863842,-1.337184,0.23192506,-3.6094012,-1.000925,-0.32947692
space,jupiter,1394,117.521,0,3,1400,13,4.334943,-2.0017514,2.1006181,1.4629493,-0.6555996,-0.57997
space,iss,2873,115.601,0,5,1387,14,2.3335166,-0.98251253,-1.2001803,0.69408196,-0.93758726,-0.1621264
space,day,1390,114.243,0,3,1434,15,-1.6683546,-0.60461897,0.130276,-2.7567844,-0.50667286,-0.0010164105
space,here,1011,113.361,0,4,1088,16,-1.603639,-0.4235544,0.4566075,-2.6188154,0.12210431,0.24904615
space,as,3517,113.101,0,4,1363,17,-0.52364194,-0.16878341,2.9934802,-2.2781217,-0.95820844,0.87362534
space,was,2498,112.986,0,4,1342,18,-2.2041328,-1.2492008,-0.8820904,-3.1935225,0.4661826,-0.7393948
space,astronaut,1756,111.488,0,3,1510,19,4.2857165,-1.2372853,-2.835281,1.5892193,0.569728,-1.0047245
space,through,1103,111.143,0,4,1170,20,-1.0137126,-0.9403097,1.3235533,-2.242643,1.1392381,0.49766976
sports,x,1722,51.667,0,1,428,1,-3.2461362,-2.4779053,-0.1698206,-1.1175205,-3.2103586,-0.32081115
sports,ball,2184,49.266,0,1,204,2,-0.9222473,1.8956352,-1.9274973,-1.1836313,-0.9888729,-0.870087
sports,post,2271,45.785,0,1,358,3,-0.6014473,-0.60133165,0.17039928,-0.96799123,-0.9700228,1.1414212
sports,guy,1680,41.641,0,1,293,4,0.713845,0.70455337,1.2180982,-2.1731968,0.5513065,-1.1612861
sports,goal,2580,41.62,0,1,296,5,-2.6209133,3.9380472,-0.5907389,-0.86402637,-0.39074546,0.053411152
sports,r,3094,37.807,0,1,246,6,-4.0131984,-3.4607816,-1.1938133,-1.3318741,-2.923924,0.8412996
sports,even,1147,37.671,0,1,224,7,1.2933252,-0.056286912,0.16257446,-3.071201,0.53740066,-0.27044517
sports,last,2576,37.577,0,1,225,8,0.4058612,0.076254085,0.21005882,-2.4523034,-0.095323265,-0.17974901
sports,makes,1484,37.412,0,1,203,9,1.161116,0.015384508,1.3458502,-2.3263173,0.7619496,-0.24962775
sports,them,1002,36.065,0,1,117,10,1.6066045,-0.36390457,0.45024747,-3.2708795,1.2085484,0.06055402
sports,amazing,1988,35.131,0,1,199,11,-0.41743827,0.1586394,3.2772431,-2.112441,0.049312107,-0.5880601
sports,old,2204,34.071,0,1,200,12,1.2203236,-0.51061076,0.19411458,-2.1879292,0.23916592,-0.89891815
sports,during,2100,32.933,0,1,175,13,1.68445,0.03209034,-0.3819512,-1.6063657,1.0675974,0.55968815
sports,school,1985,32.606,0,1,175,14,2.5553958,-0.819919,-3.1419497,-2.483635,0.0039181313,0.34466007
sports,today,2201,31.881,0,1,201,15,1.3623301,-0.13510127,0.049461596,-2.7574947,0.25998557,0.34778124
sports,awesome,1232,31.84,0,1,171,16,-0.23550732,0.10277926,2.6497138,-1.758321,-0.16534692,-0.4866563
sports,player,4335,31.8,0,1,154,17,-1.7262285,3.5681815,-0.52407455,-0.7625645,-0.6505184,0.2472028
sports,face,1233,31.603,0,1,131,18,-0.2878032,-0.6151361,-0.09553328,-1.8403264,-1.1823047,-0.54780346
sports,little,1037,31.408,0,1,184,19,0.7747978,-1.3082715,0.7487277,-2.4438357,-0.40357372,-1.0860568
sports,high,2514,31.406,0,1,138,20,1.292869,-0.14231603,-2.4511142,-1.6855235,-0.16903453,0.41994736
starcraft,birthday,1029,117.978,0,11,880,1,-3.7545652,3.5701795,-0.89063287,-2.0543482,-1.1845433,-1.8526753
starcraft,thank,1243,84.753,0,4,695,2,-2.727372,1.193381,0.0829018,-2.3037446,-0.15681584,-0.4241301
starcraft,happy,1622,77.792,0,4,617,3,-3.8146842,2.7659657,-0.96699506,-2.4391472,-1.2275528,-1.0690936
starcraft,episode,1508,72.829,0,6,719,4,-0.7511924,-2.1373057,-1.2829512,-0.64716595,-0.6438883,-0.60963815
starcraft,update,1133,67.544,0,7,551,5,-0.4420484,-2.4207804,-1.4262388,-0.27341,-1.0394661,1.7195832
starcraft,scarlett,1218,64.379,0,3,480,6,1.8649687,1.1103513,0.08359928,1.7779366,-0.03197784,-1.1877133
starcraft,liquid,2245,64.189,0,6,522,7,2.1213148,-1.0536226,-1.4677291,1.1556721,0.090556085,-0.4750426
starcraft,jaedong,1734,63.679,0,7,510,8,4.465919,1.1610998,-1.0636694,3.533088,0.8597728,-1.3659965
starcraft,takes,1119,62.362,0,5,549,9,-0.035211954,-1.3212574,3.098686,-1.3291429,1.264501,0.157972
starcraft,guide,1089,61.82,0,6,531,10,0.28530717,-2.4006884,-0.8244608,0.1208105,0.15432441,1.6482441
starcraft,here,1011,61.263,0,7,536,11,-2.001102,-0.870822,0.6071709,-2.6188154,0.12210431,0.24904615
starcraft,flash,2196,61.206,0,4,492,12,0.7044456,-1.7434825,-1.7718074,0.478315,-1.448191,0.7363098
starcraft,parting,1117,60.489,0,6,502,13,3.0848498,2.3205564,1.1585425,1.7839155,1.1510645,-1.3058655
starcraft,grubby,1407,60.416,0,7,478,14,4.48564,2.474426,-0.015468029,2.8940585,0.9154676,-1.5655211
starcraft,years,1042,59.964,0,2,561,15,-2.0521615,0.45267224,1.4941623,-2.0438457,0.7118587,0.2206025
starcraft,0,2588,58.915,0,2,527,16,None,None,None,None,None,None
starcraft,artosis,2699,57.965,0,1,496,17,None,None,None,None,None,None
starcraft,2014,1160,57.115,0,12,344,18,None,None,None,None,None,None
starcraft,s,6241,56.176,0,4,461,19,-1.4419303,-1.6093076,-1.1390523,-0.96438384,-3.238136,0.82378256
starcraft,wins,1900,55.558,0,1,583,20,0.007819495,-1.4913642,4.32394,-0.2799967,0.25498584,0.39140627
startrek,my,5460,68.676,0,7,646,1,-1.4376436,1.345504,-0.45495313,-3.730388,-0.22782871,-0.46035725
startrek,picard,1140,61.858,0,5,605,2,6.1570945,-0.347661,1.3464886,2.8283238,0.5320501,-1.1516508
startrek,r,1820,61.696,0,6,600,3,0.07229792,-3.9198644,-4.5280924,-1.3318741,-2.923924,0.8412996
startrek,found,1063,61.119,0,7,565,4,0.6601301,1.3679824,-0.2743718,-1.6166267,1.0226976,-0.38971415
startrek,at,2523,60.543,0,6,594,5,-0.46654305,1.3615736,-1.0583334,-2.569361,-0.56025684,0.48392066
startrek,post,1298,59.774,0,5,611,6,0.78585833,-0.49246734,-0.22977628,-0.96799123,-0.9700228,1.1414212
startrek,made,1338,58.384,0,7,521,7,0.31276545,0.99492013,0.097801134,-2.28509,0.5075963,-0.4901376
startrek,this,6566,57.586,0,6,540,8,-1.1961596,1.1629255,-0.15045223,-3.423039,0.12052153,0.25829396
startrek,i,9555,55.22,0,6,500,9,-1.8658836,0.7816695,-1.4661022,-3.6094012,-1.000925,-0.32947692
startrek,when,1309,53.781,0,7,480,10,-0.8430025,1.4691489,0.5107823,-3.621951,1.0671849,-0.3380017
startrek,was,2859,53.773,0,7,468,11,-0.20152757,1.9586416,0.31223834,-3.1935225,0.4661826,-0.7393948
startrek,me,2294,53.578,0,6,498,12,-2.122112,-3.023761,2.4127233,-2.815495,-2.5236044,-0.39501652
startrek,as,1492,52.873,0,7,589,13,-0.3582719,-2.1396708,2.8462112,-2.2781217,-0.95820844,0.87362534
startrek,favorite,1047,52.119,0,10,484,14,1.3615624,0.14455226,-1.3541474,-1.6639853,-0.4225536,-1.0048642
startrek,from,3580,50.781,0,7,510,15,-0.44404477,1.6508634,-0.1939204,-2.6115398,0.27107444,0.51758957
startrek,captain,1155,50.185,0,5,505,16,4.6579175,-0.2545499,0.1094957,0.17730892,-0.07915212,-1.0813128
startrek,it,3598,50.052,0,6,453,17,-1.1573622,1.5921825,0.3281645,-3.6389697,0.21471155,0.22040805
startrek,to,9385,49.052,0,6,490,18,-1.7016774,0.041155525,1.7310313,-3.2859278,-0.35538822,1.1889808
startrek,one,1988,48.999,0,7,474,19,-0.7360214,-0.47979647,-0.62922555,-2.7863765,-0.7878009,0.0035640583
startrek,a,12001,48.42,0,6,474,20,-1.4773715,-3.2133517,0.64443856,-2.4333866,-2.5444493,0.38082778
stopdrinking,years,1139,26.325,1,14,127,1,0.7896306,2.6488183,-1.6889619,-2.0438457,0.7118587,0.2206025
stopdrinking,today,2877,19.743,1,11,106,2,-0.7607125,0.7424571,0.26759097,-2.7574947,0.25998557,0.34778124
stopdrinking,sober,3941,17.569,1,9,95,3,3.983699,-1.4725139,0.5633259,-0.28038985,1.0793531,-1.1986765
stopdrinking,one,2117,17.402,1,8,91,4,-0.99825716,-0.25956568,-0.68287766,-2.7863765,-0.7878009,0.0035640583
stopdrinking,months,1302,15.591,1,10,66,5,1.8106408,2.8883014,-2.0707242,-1.6519196,1.207409,0.120681725
stopdrinking,was,1272,15.33,1,8,82,6,-1.8874322,0.83298117,0.67845255,-3.1935225,0.4661826,-0.7393948
stopdrinking,last,1303,15.145,1,8,77,7,-0.15392905,1.2938124,0.2932881,-2.4523034,-0.095323265,-0.17974901
stopdrinking,drink,1866,14.577,1,8,77,8,1.3497285,-2.3928027,2.0757678,-1.6481177,0.3372414,-0.6814615
stopdrinking,days,4182,14.488,1,9,71,9,0.9483033,1.9167982,-1.1556758,-2.2543635,0.3300631,0.23895231
stopdrinking,sobriety,1281,14.28,1,8,77,10,6.1905913,-0.86601335,0.25869006,2.4271488,1.7136328,-0.6229113
stopdrinking,1,1297,14.18,1,7,81,11,None,None,None,None,None,None
stopdrinking,night,1540,13.787,1,8,68,12,-0.09985406,-0.12699732,1.119589,-2.4922626,-0.66206264,-0.68668205
stopdrinking,at,1620,13.639,1,8,66,13,-1.4567227,0.23911043,2.2631586,-2.569361,-0.56025684,0.48392066
stopdrinking,me,2327,13.547,1,7,67,14,-1.766685,-4.2108645,-3.914596,-2.815495,-2.5236044,-0.39501652
stopdrinking,not,2442,13.499,1,7,73,15,-1.0434177,-0.37888438,0.57354337,-3.244656,0.52007806,0.40083283
stopdrinking,my,6651,13.269,1,7,67,16,-1.6653265,-0.27735645,-0.16290697,-3.730388,-0.22782871,-0.46035725
stopdrinking,it,3658,13.22,1,7,69,17,-1.7932687,0.123576365,0.7379008,-3.6389697,0.21471155,0.22040805
stopdrinking,had,1048,13.201,1,7,73,18,-1.1627282,0.8574077,0.34382948,-2.871008,0.79366267,-0.7124806
stopdrinking,that,1742,13.176,1,7,67,19,-1.7979958,0.08016718,0.6361536,-3.7552161,0.8998972,-0.031067893
stopdrinking,am,1340,13.141,1,7,62,20,-0.48626018,-1.6384312,-0.13554664,-2.2121646,-1.0826863,-0.100710474
streetwear,pickup,2331,35.39,0,16,192,1,3.4407117,1.4319345,0.20697899,1.0427101,0.057967536,-0.4492997
streetwear,my,3323,29.943,0,3,230,2,-2.1711679,0.3360459,-0.56222546,-3.730388,-0.22782871,-0.46035725
streetwear,at,1137,22.444,0,2,157,3,-1.0663242,1.5872102,0.4454442,-2.569361,-0.56025684,0.48392066
streetwear,just,1227,21.543,0,2,189,4,-1.8191814,0.75226235,-0.5739882,-3.5247202,0.3733556,-0.45759273
streetwear,up,1710,20.215,0,3,148,5,-1.2679175,0.5061013,-0.07289176,-3.0872686,-0.26721498,0.050360076
streetwear,x,3265,18.786,0,3,132,6,1.3189605,-3.6651154,-1.293447,-1.1175205,-3.2103586,-0.32081115
streetwear,but,1000,18.61,0,2,149,7,-1.5586799,0.24693199,-0.68642706,-3.4802496,0.46259698,-0.009232555
streetwear,adidas,1236,18.434,0,3,148,8,4.500316,-0.085642226,2.1875558,1.2312691,-1.377025,-0.14494547
streetwear,from,1833,18.314,0,2,152,9,-1.3227447,1.3497111,0.4980005,-2.6115398,0.27107444,0.51758957
streetwear,out,1253,18.025,0,2,149,10,-1.2726461,1.1156331,0.21905725,-2.968627,0.12615682,0.17456675
streetwear,it,1544,17.963,0,2,152,11,-2.0473385,0.4558809,-0.5770723,-3.6389697,0.21471155,0.22040805
streetwear,your,1306,17.909,0,3,127,12,-2.2097511,1.0431293,-0.48969114,-3.7252882,0.5087585,0.337032
streetwear,of,4712,16.941,0,2,144,13,-1.8032098,0.9152796,-0.19299367,-2.9982007,0.07186476,1.1668499
streetwear,i,6298,16.693,0,2,129,14,-2.0313325,-0.37526426,-0.657613,-3.6094012,-1.000925,-0.32947692
streetwear,me,1703,16.678,0,1,145,15,-1.2419542,-4.327422,2.2088354,-2.815495,-2.5236044,-0.39501652
streetwear,streetwear,2631,16.531,0,2,138,16,5.7128687,2.2246835,2.363504,3.0571663,0.2522455,0.11162337
streetwear,the,7504,16.458,0,2,129,17,-2.024522,0.88554645,-0.38143945,-3.2426047,-0.24358808,0.80810684
streetwear,a,6955,16.165,0,2,140,18,-0.87538743,-3.326115,1.6104488,-2.4333866,-2.5444493,0.38082778
streetwear,bape,1365,15.989,0,2,132,19,5.869209,-1.1899084,-4.2466464,2.109623,-0.74887204,-0.5380236
streetwear,fit,1550,15.9,0,1,147,20,1.870098,0.119116016,-0.00539055,-1.0157217,-0.5620908,-0.33632618
subaru,was,1834,48.635,0,16,292,1,-1.0121444,1.2235316,0.7663718,-3.1935225,0.4661826,-0.7393948
subaru,last,1055,47.282,0,16,288,2,-0.0084044365,1.2383875,1.0393057,-2.4523034,-0.095323265,-0.17974901
subaru,love,1863,45.49,0,18,278,3,-0.6179448,-2.9450974,-0.4303294,-2.9468522,-1.0227941,-1.0167005
subaru,finally,1799,44.831,1,20,241,4,1.0074625,1.8820704,0.5566616,-1.7974865,0.69651,-0.4414816
subaru,here,1452,43.918,0,14,258,5,-0.08189924,-0.5202517,0.7071406,-2.6188154,0.12210431,0.24904615
subaru,this,7416,43.314,0,12,291,6,-1.14364,-0.578774,1.145069,-3.423039,0.12052153,0.25829396
subaru,it,1292,42.252,0,15,237,7,-1.2051431,-0.8943738,0.54528785,-3.6389697,0.21471155,0.22040805
subaru,like,1543,42.224,0,11,292,8,-1.0374644,-1.3292636,0.043475375,-3.2754328,-0.06366012,-0.74290675
subaru,got,2798,41.4,0,15,243,9,-0.22508426,1.3002124,-0.4170459,-2.9497821,0.37691778,-0.89768565
subaru,up,2164,41.303,0,14,255,10,-0.9798086,-0.43354183,0.22930282,-3.0872686,-0.26721498,0.050360076
subaru,after,1384,40.422,0,14,253,11,0.096008606,1.3665726,0.7116867,-2.4006298,0.6087824,0.34676394
subaru,my,17827,39.925,0,14,254,12,-1.5289968,-0.69005793,-0.7999149,-3.730388,-0.22782871,-0.46035725
subaru,when,1106,39.88,0,8,273,13,-1.1499872,-0.57820493,0.052021906,-3.621951,1.0671849,-0.3380017
subaru,post,1293,39.836,0,11,278,14,1.9751085,-0.34615698,0.6829914,-0.96799123,-0.9700228,1.1414212
subaru,her,1390,39.773,1,18,231,15,-1.44754,0.10495914,-5.137184,-3.1888888,0.1947253,-1.2958006
subaru,took,1013,39.624,0,18,234,16,0.5142386,2.7241528,-0.5375671,-1.7923855,1.4048257,-0.85028756
subaru,found,1322,39.529,0,14,257,17,0.8028184,2.0725377,-0.59889185,-1.6166267,1.0226976,-0.38971415
subaru,sti,4660,39.458,0,7,291,18,6.34176,-1.6546813,-1.0707786,1.7423465,-0.58997816,-0.13173577
subaru,today,2601,39.366,0,16,230,19,0.0387456,-0.01088549,1.4293711,-2.7574947,0.25998557,0.34778124
subaru,so,2009,39.293,0,13,253,20,-0.33808553,-1.9311358,1.0830259,-3.1185777,-0.6882985,-0.21709311
summonerschool,guide,2052,15.177,0,2,128,1,2.1315608,3.633317,1.0729718,0.1208105,0.15432441,1.6482441
summonerschool,discussion,1120,13.765,0,7,64,2,2.9115987,2.9876068,2.3988047,0.6697181,0.52673733,1.2568616
summonerschool,your,3273,11.996,0,2,101,3,-2.5101647,1.0483057,-0.5261848,-3.7252882,0.5087585,0.337032
summonerschool,diamond,2041,11.259,0,1,103,4,2.6964924,1.2349856,-4.3932533,0.24351396,-0.51218855,-0.82806516
summonerschool,players,1774,10.341,0,2,109,5,2.766906,-2.9623868,1.2135229,-0.86042345,0.6998996,0.80661327
summonerschool,league,1449,9.625,0,1,92,6,4.0113816,-2.820571,0.817548,-0.31002653,-1.069785,0.9784922
summonerschool,don't,1484,9.477,0,1,97,7,None,None,None,None,None,None
summonerschool,that,3038,9.397,0,1,78,8,-2.1291373,-0.35708907,-0.0162588,-3.7552161,0.8998972,-0.031067893
summonerschool,1,1775,8.798,0,1,82,9,None,None,None,None,None,None
summonerschool,all,1725,8.601,0,1,77,10,-1.3177984,-0.7875815,0.107992254,-3.2166746,-0.068885975,0.47858277
summonerschool,of,10332,8.425,0,1,64,11,-1.296273,0.056526195,1.4596618,-2.9982007,0.07186476,1.1668499
summonerschool,you,8382,8.308,0,1,68,12,-2.7081869,0.06988395,-0.91601175,-4.033075,-0.037475616,-0.28735858
summonerschool,will,1105,8.185,0,1,80,13,-0.8614709,-0.581557,-0.24453463,-2.8572311,0.3906718,0.7284385
summonerschool,from,3440,8.028,0,1,72,14,-1.2003232,0.101024285,0.67032284,-2.6115398,0.27107444,0.51758957
summonerschool,if,2245,7.929,0,1,74,15,-1.7652593,-0.43169868,-0.7289962,-3.4172652,0.6949564,0.07018097
summonerschool,champion,3352,7.797,0,2,53,16,3.9671528,-0.38869324,-1.4706817,0.4331772,-1.0712584,-0.008289705
summonerschool,the,15992,7.542,0,1,59,17,-1.504215,-0.25995657,0.9127697,-3.2426047,-0.24358808,0.80810684
summonerschool,4,1800,7.357,0,1,56,18,None,None,None,None,None,None
summonerschool,not,2676,7.32,0,1,60,19,-1.4911833,-0.3794993,0.2003821,-3.244656,0.52007806,0.40083283
summonerschool,know,1674,7.317,0,1,46,20,-1.7010758,-0.1626156,-0.5580547,-3.2192173,0.42974424,-0.24964502
summonerswar,summoners,1372,6.57,0,1,47,1,6.697042,2.877943,1.0466334,3.5345664,0.94939727,-0.8990224
summonerswar,war,1515,6.301,0,1,46,2,2.2539327,-1.5631888,2.79894,-0.28038254,-0.16365655,1.2089193
summonerswar,your,1107,5.582,0,1,38,3,-2.0855534,1.5380316,0.28626654,-3.7252882,0.5087585,0.337032
summonerswar,of,3284,4.336,0,1,35,4,-1.0864316,-1.7227763,1.9100219,-2.9982007,0.07186476,1.1668499
summonerswar,new,1545,4.235,0,1,37,5,-0.34156182,-0.2789824,-0.62205094,-1.9311304,-0.70225275,1.158011
summonerswar,the,5251,4.077,0,1,35,6,-1.1856878,-0.9824733,0.65343124,-3.2426047,-0.24358808,0.80810684
summonerswar,you,2658,3.927,0,1,31,7,-1.9597434,1.8090535,-0.3332159,-4.033075,-0.037475616,-0.28735858
summonerswar,monster,1525,3.864,0,1,28,8,3.0401483,0.52240163,-0.95158637,0.1299598,-1.2605969,-0.83032775
summonerswar,from,1559,3.786,0,1,31,9,-0.9343706,-0.64692855,1.1608907,-2.6115398,0.27107444,0.51758957
summonerswar,in,2710,3.695,0,1,35,10,-0.8179041,-2.9491363,1.1187775,-2.8785682,-0.5683023,1.1003566
summonerswar,a,5975,3.517,0,1,30,11,-0.1491608,-1.3777555,-4.24957,-2.4333866,-2.5444493,0.38082778
summonerswar,get,1080,3.374,0,1,28,12,-1.4306818,1.3867424,-0.5412423,-3.373764,0.35157204,0.09149839
summonerswar,it,2014,3.333,0,1,26,13,-1.7426039,0.66756916,-0.09755671,-3.6389697,0.21471155,0.22040805
summonerswar,so,1332,3.289,0,1,27,14,-0.765021,0.2322948,-0.49471954,-3.1185777,-0.6882985,-0.21709311
summonerswar,this,3967,3.257,0,1,27,15,-1.4384466,0.2999983,-0.350863,-3.423039,0.12052153,0.25829396
summonerswar,not,1064,3.253,0,1,26,16,-1.0411317,0.8106939,0.18564174,-3.244656,0.52007806,0.40083283
summonerswar,3,1024,3.195,0,1,25,17,None,None,None,None,None,None
summonerswar,5,2289,3.143,0,1,25,18,None,None,None,None,None,None
summonerswar,how,2333,3.03,0,1,26,19,-1.2618465,1.7583096,0.30018732,-3.1789849,0.71929175,0.18375136
summonerswar,arena,1614,3.007,0,1,25,20,4.2490234,-2.3817966,-1.819985,0.83170205,-2.108458,0.7164728
supremeclothing,my,3205,12.168,0,3,73,1,0.6111547,0.42993078,0.12854055,-3.730388,-0.22782871,-0.46035725
supremeclothing,got,1073,9.478,0,2,57,2,0.7053919,1.5646158,1.7330823,-2.9497821,0.37691778,-0.89768565
supremeclothing,of,3227,8.507,0,2,56,3,1.6744195,-1.5397465,-1.9846972,-2.9982007,0.07186476,1.1668499
supremeclothing,it,1491,8.303,0,2,61,4,0.6907272,0.7650632,-0.43123442,-3.6389697,0.21471155,0.22040805
supremeclothing,with,1562,7.92,0,2,57,5,0.9321488,-0.44427684,0.30109084,-3.0356035,0.23814338,0.09945579
supremeclothing,u,1668,7.633,0,4,37,6,-3.2625065,2.543204,-0.98798966,-2.3740785,-2.3784745,0.07697179
supremeclothing,i,3186,7.619,0,1,59,7,-0.855804,2.458493,-0.68329513,-3.6094012,-1.000925,-0.32947692
supremeclothing,up,1697,7.476,0,2,49,8,0.38654777,1.0224047,1.0892541,-3.0872686,-0.26721498,0.050360076
supremeclothing,the,7812,7.418,0,2,53,9,1.4390688,-0.8697396,-1.0399815,-3.2426047,-0.24358808,0.80810684
supremeclothing,out,1217,7.388,0,2,52,10,1.126932,0.7131384,1.1668816,-2.968627,0.12615682,0.17456675
supremeclothing,from,1795,6.982,0,2,52,11,1.4389567,-0.6924242,-0.19263741,-2.6115398,0.27107444,0.51758957
supremeclothing,this,4847,6.743,0,2,44,12,0.7089543,-0.32022583,0.002305793,-3.423039,0.12052153,0.25829396
supremeclothing,to,5119,6.699,0,2,46,13,-0.48686776,-1.9149587,0.36853412,-3.2859278,-0.35538822,1.1889808
supremeclothing,you,2062,6.587,0,2,43,14,-0.50899374,1.0412031,-1.4258305,-4.033075,-0.037475616,-0.28735858
supremeclothing,some,1204,6.528,0,2,47,15,0.72973484,-0.37981153,1.6495271,-2.936425,0.5602152,0.024037298
supremeclothing,new,1572,6.472,0,1,45,16,0.92295706,-1.043039,1.7604043,-1.9311304,-0.70225275,1.158011
supremeclothing,a,6221,6.22,0,1,46,17,-3.3936546,-1.7591125,1.4589638,-2.4333866,-2.5444493,0.38082778
supremeclothing,me,1823,6.21,0,1,44,18,-4.549419,-1.6658632,-0.43071517,-2.815495,-2.5236044,-0.39501652
supremeclothing,is,2740,6.164,0,1,40,19,0.8520742,-0.9102387,-2.5308602,-3.179791,-0.04706385,0.24855019
supremeclothing,all,1123,6.093,0,1,53,20,0.83817685,1.0013853,0.04865589,-3.2166746,-0.068885975,0.47858277
sweden,sweddit,1322,52.24,0,5,442,1,None,None,None,None,None,None
sweden,j,1132,51.022,0,4,337,2,3.7372403,1.732271,-0.0016241091,-0.72452766,-3.0095024,-0.08853822
sweden,min,1272,41.664,0,2,315,3,0.57116,0.09840825,-1.2617255,-0.54583514,-3.2199135,0.32031307
sweden,jag,4483,41.581,0,4,304,4,-5.159002,0.51902163,-0.020432262,1.2908134,-1.8234925,-1.0693154
sweden,tt,1519,40.827,0,5,329,5,3.1629043,-1.8265524,0.3934075,0.2662662,-3.2577045,0.09121447
sweden,mig,1120,39.33,0,2,287,6,-3.8804216,0.4415282,-0.030531555,1.5582621,-1.7030233,-0.55567414
sweden,var,1628,37.919,0,5,282,7,-1.771708,-3.1052177,4.5064383,1.4554877,-2.5685437,-0.71617657
sweden,ra,1453,37.72,0,3,250,8,2.5253766,1.7243882,-0.9388372,0.7282029,-2.7909665,0.06962619
sweden,men,1118,36.917,0,3,285,9,-0.3162429,2.0188973,-0.6120976,-1.014716,-1.249238,0.323996
sweden,det,6784,35.642,0,4,268,10,-4.265001,0.17400761,0.1857132,0.75175905,-2.1372669,-0.7556584
sweden,den,2933,34.956,0,4,263,11,-0.55481267,-1.587976,1.5885535,-0.26071343,-2.7757235,-0.32874718
sweden,inte,4456,34.711,0,3,233,12,-4.8011146,0.5242069,-0.040452696,1.5185136,-1.7562674,-0.3404481
sweden,h,6152,34.342,0,4,263,13,3.5680604,0.612984,0.7313292,-0.52340466,-3.1682446,0.88104934
sweden,nu,2095,34.121,0,4,269,14,-0.7372591,0.17854841,-2.3398948,0.29992273,-3.3349159,-0.27883157
sweden,har,4439,33.964,0,4,244,15,-3.5369918,0.65623075,0.04284205,0.6420922,-1.8454279,-0.6737456
sweden,vi,1989,33.357,0,3,226,16,-0.4375895,-0.42732665,-2.6429403,0.76507354,-3.9712374,-0.020617044
sweden,sk,1243,33.125,0,3,266,17,1.6123637,1.4593596,0.0735311,1.3548446,-1.8233542,-0.21932022
sweden,g,5529,33.05,0,4,234,18,3.5765078,1.4139843,0.8316843,-0.56947726,-3.1778235,0.6500882
sweden,r,26074,32.977,0,4,245,19,4.1231847,0.8880176,2.3818817,-1.3318741,-2.923924,0.8412996
sweden,de,1933,32.848,0,3,221,20,2.583345,-5.494782,-2.8468478,0.40197024,-5.683624,0.5745733
tattoos,uk,2029,139.17,0,21,1284,1,-0.29029953,-0.6615472,0.4332719,-0.41343656,-0.21494308,2.2378905
tattoos,san,1767,129.307,0,18,1471,2,-2.8889842,-0.14983696,1.1026934,0.2809176,-2.5325086,0.97402334
tattoos,studio,2083,128.504,0,15,1337,3,0.10208126,-0.8778711,-0.7427095,-0.04857729,-1.6202269,0.39987132
tattoos,finished,1997,126.015,0,15,1262,4,2.4170852,-1.8246505,-1.8451157,-0.99145347,0.9136633,-0.64287114
tattoos,rose,1467,124.986,0,20,1215,5,0.6192336,0.99739695,2.6541655,-0.16081785,-0.76785964,-0.936857
tattoos,owl,1068,120.155,0,21,1331,6,1.5866737,2.5538073,1.9531937,0.7407871,-0.06284837,-1.6383666
tattoos,wa,1106,116.26,0,19,1173,7,-3.6115086,1.6116983,-1.6749939,-0.075956,-2.5999537,0.23556551
tattoos,by,41888,114.227,0,18,1164,8,0.20923099,-1.7106453,2.5678704,-1.9502953,-0.116353825,0.59982204
tattoos,session,2571,112.742,0,19,1147,9,0.95838994,-1.5700719,-1.5992,-0.22704582,-0.49614018,0.47082385
tattoos,progress,1265,111.954,0,17,1203,10,1.2493936,-1.2602077,-2.033081,0.19147328,0.95022017,1.3133366
tattoos,ga,1012,111.875,0,11,1281,11,-4.1526785,1.9897997,-1.7947623,0.030336412,-3.4088235,0.4152831
tattoos,co,1194,110.455,0,18,1128,12,-2.546345,0.6893014,0.25314948,0.34818456,-2.1093907,0.97461855
tattoos,at,23796,104.814,0,16,1066,13,-0.5320424,-2.6260467,1.987776,-2.569361,-0.56025684,0.48392066
tattoos,piece,5582,104.345,0,10,1114,14,2.0577188,0.37598813,-0.016996885,-0.6451962,-0.0024481295,-0.42403284
tattoos,ca,3458,99.939,0,19,886,15,-0.63704383,-0.9655018,0.2578239,-2.3982158,-0.796375,-0.017951377
tattoos,chris,1127,99.293,0,14,1130,16,0.2300592,-1.1797667,1.5736054,-0.9161314,-1.0025609,-1.1414263
tattoos,sleeve,6476,97.013,0,7,1050,17,3.867574,3.2540154,-1.5444497,0.4856957,0.2947822,-0.8726754
tattoos,done,19203,97.004,0,13,990,18,1.1555266,-2.4971774,-1.7658272,-2.2952251,0.3088358,-0.34343135
tattoos,fl,1755,95.752,0,16,936,19,-2.0353389,0.55290675,-0.5067541,0.7494548,-0.8152866,0.95739895
tattoos,skull,1702,94.52,0,15,1039,20,2.2412734,3.2984068,0.74034286,1.1988646,-0.06292753,-1.3761457
technology,fcc,3539,257.98,0,2,4016,1,1.2276325,-0.013474752,0.067435145,2.4815938,0.4805756,1.2055198
technology,isps,1314,257.453,0,4,3384,2,2.91496,-0.08688837,-0.35985476,3.369037,1.3666724,0.9367501
technology,cispa,1242,236.068,0,2,3028,3,1.1538873,3.1784582,-3.6532998,2.5207958,1.5596175,1.6188875
technology,comcast,4102,223.716,0,1,3569,4,1.7503264,-2.545955,0.20388119,1.8418663,0.98849374,0.8786375
technology,congress,1336,220.321,0,2,2611,5,-2.183891,1.4474719,-0.7795826,0.7189316,1.6738863,2.401032
technology,neutrality,4354,213.892,0,1,3424,6,3.3406696,0.73315334,-2.3694396,3.1558661,1.4798021,1.0219412
technology,warner,1407,207.218,0,1,3124,7,0.57803816,-2.226386,1.1644099,1.8972064,-0.4917451,0.18897893
technology,act,1630,207.179,0,1,2719,8,-3.7458968,-0.51869047,-1.7993886,-1.4981837,0.5427933,0.55881083
technology,snowden,1258,194.15,0,1,3311,9,-0.16860919,2.8368711,2.0518954,2.381844,0.8276,1.1208338
technology,fiber,2413,185.731,0,1,2603,10,1.5181704,-1.9519619,0.9557835,1.9863616,0.61053795,0.56360984
technology,fbi,2029,185.267,0,2,2595,11,-0.9955306,1.4164523,2.0491982,1.4730278,0.098308146,1.4344456
technology,surveillance,3260,167.542,0,1,2409,12,0.122801594,3.0415297,1.746021,2.1870615,1.1795491,2.549435
technology,netflix,3125,166.7,0,1,2863,13,0.08551464,-3.2423034,0.4626197,-0.068831995,0.14996687,0.1632296
technology,isp,1204,165.631,0,2,2332,14,2.1088576,-1.0100311,0.2508707,2.9769776,0.39507756,0.8898247
technology,nsa,5670,161.622,0,1,2288,15,-0.53056943,2.8233929,2.4498231,1.6781052,0.5438326,2.2438788
technology,pirate,3404,160.113,0,1,2375,16,-0.19382328,-1.685271,0.3209335,1.3624747,-0.052469313,-0.43811074
technology,sopa,3291,159.283,0,1,2371,17,0.10345251,0.18515393,-3.1694074,2.1768188,-1.4712975,-0.08840377
technology,tesla,2957,157.084,0,1,2472,18,0.21376428,-0.5205208,1.7816651,2.4966292,0.5670948,0.45604405
technology,him,1014,155.463,0,1,2385,19,-4.7753406,-2.0282898,-0.7187873,-3.1272774,0.7650703,-0.98501414
technology,bill,3868,154.873,0,1,2100,20,-2.5244143,0.1672897,-0.6547748,-0.12882207,0.5230514,1.3868606
techsupport,your,2205,4.308,0,1,37,1,-2.0937624,-0.051856965,-2.407642,-3.7252882,0.5087585,0.337032
techsupport,you,4771,3.888,0,1,32,2,-2.60409,-0.42721328,-1.5694315,-4.033075,-0.037475616,-0.28735858
techsupport,was,2871,3.779,0,1,21,3,-1.7405925,0.74440587,2.4886575,-3.1935225,0.4661826,-0.7393948
techsupport,free,2090,3.693,0,1,20,4,0.5518206,-1.9181601,-1.8797185,-1.461445,-0.7716073,1.2995393
techsupport,they,1603,3.679,0,1,28,5,-2.1882555,0.3677366,-0.59103674,-3.5051446,1.4383961,0.38971087
techsupport,malware,1683,3.648,0,1,18,6,5.626822,0.22412674,-2.381122,2.5590215,0.40311489,1.7653584
techsupport,because,1076,3.596,0,1,17,7,-1.6613837,0.77096653,-0.5553963,-3.0100658,1.2618247,-0.08475999
techsupport,tech,1763,3.581,0,1,27,8,3.0860744,-1.7355254,-0.56089514,0.33957905,0.04317252,2.3488977
techsupport,deleted,1217,3.476,0,1,13,9,1.9561936,3.6606576,1.8675486,-0.35781345,1.2486506,-0.7805263
techsupport,i've,2086,3.305,0,1,21,10,None,None,None,None,None,None
techsupport,reddit,2774,3.289,0,1,19,11,4.493795,0.24785975,0.8392923,1.7281685,0.7255452,0.39683768
techsupport,them,2183,3.252,0,1,25,12,-1.7645948,0.51901793,-1.4777161,-3.2708795,1.2085484,0.06055402
techsupport,am,3520,3.252,0,1,20,13,-0.9464802,-1.9614135,1.543966,-2.2121646,-1.0826863,-0.100710474
techsupport,found,1426,3.2,0,1,22,14,0.29145288,1.0457362,1.05107,-1.6166267,1.0226976,-0.38971415
techsupport,had,1377,3.174,0,1,19,15,-1.2849253,1.2800438,1.8756474,-2.871008,0.79366267,-0.7124806
techsupport,r,2810,3.165,0,1,16,16,0.3298511,-5.2220697,2.3871565,-1.3318741,-2.923924,0.8412996
techsupport,account,2022,3.155,0,1,20,17,1.5413948,1.813741,0.27883545,-1.1382238,-0.13896321,1.2855121
techsupport,someone,2503,3.149,0,1,20,18,-1.57006,0.9653212,-1.4518985,-3.1746886,0.9475446,-0.70470935
techsupport,here,1327,3.103,0,1,19,19,-0.71271706,-0.9086946,-0.165397,-2.6188154,0.12210431,0.24904615
techsupport,got,3405,3.09,0,1,19,20,-1.3105395,0.58532226,0.70808107,-2.9497821,0.37691778,-0.89768565
teenagers,meme,3118,107.326,0,16,784,1,3.3787823,-1.5062746,-1.1867542,0.73079705,-2.106642,-0.38046053
teenagers,picture,17688,98.967,0,15,771,2,0.015312175,-2.4753337,0.74429363,-1.9575729,0.3887631,-1.0706995
teenagers,gif,4701,93.509,0,29,523,3,2.9119186,-3.1257231,-0.8421042,0.5087607,-1.5573933,-0.7032857
teenagers,mrw,3402,92.771,0,23,530,4,2.956658,2.0737987,1.1428161,1.5407904,-0.26178288,-0.68783236
teenagers,every,1438,79.528,0,6,670,5,-1.4982942,-0.02763822,0.45525476,-2.7683692,0.9118755,0.17137478
teenagers,reaction,1026,78.653,0,12,470,6,1.2106758,-2.8387635,1.316745,-0.26582417,0.72073656,-0.6404119
teenagers,mom,1710,77.372,0,5,635,7,-1.5148628,-0.3244021,0.9259996,-2.4358513,0.32242885,-1.5319763
teenagers,teacher,2364,76.351,0,6,568,8,-0.79829574,1.9374269,1.2009436,-1.287126,0.6264457,-0.13158394
teenagers,mfw,1185,72.932,0,13,416,9,4.4796624,0.6797274,2.5375783,2.6637409,0.052161843,-0.7298525
teenagers,x,1177,70.346,0,3,592,10,1.6270454,0.31385195,-3.6099641,-1.1175205,-3.2103586,-0.32081115
teenagers,media,2219,70.332,0,5,609,11,1.1732194,2.162312,-3.0515115,-0.20238455,-1.33182,3.0136673
teenagers,he,1526,67.687,0,3,527,12,-2.1930814,-0.010348781,-3.0209851,-2.7646928,-0.82008827,-0.5936299
teenagers,when,9951,67.168,0,4,532,13,-2.362501,-0.5307499,0.7370909,-3.621951,1.0671849,-0.3380017
teenagers,his,1425,61.398,0,3,467,14,-2.8617792,-1.3341109,-0.58280367,-2.9064577,0.89347196,-0.6014442
teenagers,these,1905,61.019,0,3,568,15,-1.4654063,0.079190336,1.3136898,-2.736071,1.192778,0.26037702
teenagers,senior,1490,58.228,0,3,516,16,0.69210666,3.0046058,0.13210027,-0.22712919,-0.41833153,0.84062964
teenagers,said,1233,55.578,0,3,458,17,-1.964097,-0.31051737,-0.08209981,-2.4672892,0.8450468,-1.0224626
teenagers,after,3154,54.372,0,4,365,18,-1.3690759,0.078702934,0.25529957,-2.4006298,0.6087824,0.34676394
teenagers,class,3245,54.289,0,4,398,19,-0.6864511,2.5125291,0.83515686,-1.9092605,0.20092349,0.26987773
teenagers,trying,1316,53.791,0,3,457,20,-1.7315284,-0.35828426,0.77925795,-2.51057,1.4481353,-0.35324427
television,john,1098,144.375,0,1,2425,1,1.1601413,-0.60590917,-2.7421956,-0.4827095,-0.97665334,-0.3837915
television,netflix,2890,107.814,0,1,1402,2,4.4940815,-1.750864,1.41758,-0.068831995,0.14996687,0.1632296
television,hbo,2153,101.855,0,1,1523,3,4.8593197,-0.67038816,-0.088204384,1.5862683,-0.7355577,-0.04299891
television,his,1901,101.151,0,1,1591,4,-2.1729624,-2.8195488,-0.5994467,-2.9064577,0.89347196,-0.6014442
television,week,1451,90.472,0,1,1137,5,-0.143458,1.7084355,1.518824,-2.0177088,-0.27151567,0.84951484
television,years,1352,84.754,0,1,1211,6,-0.86478925,-0.38827842,0.34227428,-2.0438457,0.7118587,0.2206025
television,last,2247,82.571,0,1,1092,7,-0.62710184,1.433722,1.0141976,-2.4523034,-0.095323265,-0.17974901
television,its,1356,80.374,0,1,700,8,-0.92510426,-0.93712837,0.5668961,-2.8551505,0.5479903,0.5090484
television,tonight,1746,77.352,0,1,851,9,0.036782045,1.6402673,1.8907286,-2.3928504,0.03453248,-0.46311316
television,than,1005,76.916,0,1,650,10,-1.3915356,-0.6168597,-0.24723585,-2.6687617,0.9965041,0.19805433
television,after,1956,70.786,0,1,650,11,-1.1253893,-0.0788222,0.8761349,-2.4006298,0.6087824,0.34676394
television,today,1031,70.054,0,1,543,12,-1.2818995,0.90635985,1.6158001,-2.7574947,0.25998557,0.34778124
television,will,3604,68.832,0,1,690,13,-1.1344972,-0.8090564,0.18252099,-2.8572311,0.3906718,0.7284385
television,comedy,1930,67.797,0,1,619,14,3.505844,0.09046258,-0.091236524,0.18673418,-0.3637499,-0.11130755
television,more,2062,65.871,0,1,499,15,-1.2230496,-0.2763682,-0.12745008,-2.698736,0.15690249,0.9707182
television,night,1868,63.492,0,1,515,16,0.030325372,2.2327514,1.391309,-2.4922626,-0.66206264,-0.68668205
television,by,3484,62.028,0,1,549,17,-1.6843846,0.992247,-1.7293704,-1.9502953,-0.116353825,0.59982204
television,has,3158,59.066,0,1,513,18,-0.83819807,-2.6990218,-0.89341694,-2.2448533,-0.0649025,0.4776435
television,x,1440,58.899,0,1,469,19,0.8676758,3.174624,-4.0276217,-1.1175205,-3.2103586,-0.32081115
television,the,1426,56.804,0,1,537,20,-1.5417985,-0.5266245,-0.27008772,-3.2426047,-0.24358808,0.80810684
toronto,found,1045,35.584,0,5,289,1,-0.3775577,-1.1583862,0.3768112,-1.6166267,1.0226976,-0.38971415
toronto,today,1522,35.281,0,2,325,2,-1.1732606,0.7867152,1.1353194,-2.7574947,0.25998557,0.34778124
toronto,police,1764,34.991,0,9,276,3,2.2086735,-4.130436,0.78234583,-0.5204222,0.8160596,1.7042092
toronto,ttc,2659,34.718,0,8,277,4,4.7571883,2.1670976,-0.039439466,2.417372,-0.23767003,-0.10813053
toronto,last,1127,34.059,0,3,274,5,-1.2528154,0.8673319,1.2765255,-2.4523034,-0.095323265,-0.17974901
toronto,this,7018,33.37,0,2,315,6,-2.0476632,0.7204024,0.90522844,-3.423039,0.12052153,0.25829396
toronto,was,1799,33.351,0,4,277,7,-2.3838274,-0.5515823,0.15311146,-3.1935225,0.4661826,-0.7393948
toronto,subway,1442,33.25,0,9,221,8,3.3620927,2.016342,-1.2497292,0.31272027,-0.38002533,-0.30337277
toronto,my,3787,32.289,0,1,285,9,-2.547833,0.75280005,0.097174354,-3.730388,-0.22782871,-0.46035725
toronto,his,1290,32.193,0,4,257,10,-2.2541687,-1.2617856,-1.3167218,-2.9064577,0.89347196,-0.6014442
toronto,bike,1044,31.522,0,6,253,11,2.341942,0.72551453,-2.1581597,-0.22028102,-0.54562753,-0.056738093
toronto,man,1094,31.521,0,7,223,12,-0.80441,-1.2070571,-2.148044,-2.0789037,-1.2185299,-0.5937323
toronto,post,1316,31.241,0,2,327,13,0.40494162,0.5070377,-0.037028115,-0.96799123,-0.9700228,1.1414212
toronto,ontario,1330,30.266,0,5,240,14,4.1260242,-1.520876,2.871142,1.5878062,1.0525091,1.3224366
toronto,as,1641,30.265,0,4,240,15,-0.8946093,-0.74930406,-2.9203894,-2.2781217,-0.95820844,0.87362534
toronto,just,1834,30.017,0,2,252,16,-2.1036134,0.35888433,0.39954394,-3.5247202,0.3733556,-0.45759273
toronto,now,1459,29.95,0,2,240,17,-1.4202646,1.0540348,0.8128327,-2.8247273,-0.011966664,0.30824298
toronto,over,1278,29.811,0,5,230,18,-1.204613,-0.5370392,0.619572,-2.4282598,0.20016232,0.49509627
toronto,street,1006,28.905,0,4,228,19,2.2883887,-0.4938192,-0.8127508,-0.5356608,-0.39867407,0.5614541
toronto,night,1204,28.75,0,2,282,20,-1.024617,1.6541255,1.2526534,-2.4922626,-0.66206264,-0.68668205
trance,above,1311,12.253,0,2,79,1,0.646989,2.5836315,0.12972544,-0.6520122,1.1147448,0.27887934
trance,beyond,1333,11.644,0,2,78,2,0.814795,2.5723503,0.7077003,-0.7080181,0.80918336,0.11521541
trance,armin,1647,11.614,0,3,75,3,5.800279,0.697482,-0.10798202,2.023317,-0.730813,-1.3226774
trance,r,1411,11.562,0,4,71,4,-0.07861615,-3.0318024,4.6866603,-1.3318741,-2.923924,0.8412996
trance,buuren,1363,11.22,0,3,72,5,6.4396296,0.8259012,-0.37019578,2.369128,-0.37333056,-1.0922456
trance,is,2352,10.002,0,3,63,6,-1.2030696,-0.5124418,-2.1375897,-3.179791,-0.04706385,0.24855019
trance,live,1503,9.827,0,4,64,7,0.12157625,0.30270123,1.3843186,-1.5161883,-1.5646782,0.6876678
trance,at,1239,9.706,0,3,75,8,-1.5797536,0.6450647,0.41471356,-2.569361,-0.56025684,0.48392066
trance,i,3481,9.459,0,3,65,9,-2.4008954,-0.14246215,1.0647124,-3.6094012,-1.000925,-0.32947692
trance,van,2406,9.399,0,3,60,10,3.0032895,-4.866105,-3.0415852,0.0624702,-3.2140648,0.0210585
trance,to,4013,9.395,0,3,62,11,-2.1598496,0.32873094,-0.26788214,-3.2859278,-0.35538822,1.1889808
trance,on,2573,9.252,0,3,61,12,-1.8579701,0.39487666,0.38438162,-2.7134001,-0.83771306,0.9725021
trance,trance,7502,9.245,0,3,61,13,4.6079106,0.9812688,1.0735617,1.4473807,-0.83502704,-0.10704841
trance,and,2964,9.201,0,3,59,14,-2.1051974,1.0857906,-0.9445535,-3.4310362,0.294699,0.15188493
trance,with,1781,9.193,0,3,52,15,-1.9760348,0.6706297,-0.5488165,-3.0356035,0.23814338,0.09945579
trance,of,6298,9.009,0,3,55,16,-1.5188292,0.16691543,-1.6931057,-2.9982007,0.07186476,1.1668499
trance,what,1428,9.007,0,3,57,17,-1.6993483,0.5996059,-0.6538986,-3.2040205,0.28209987,-0.0018237375
trance,a,4967,9.0,0,3,57,18,-1.0655444,-2.9745915,1.3947451,-2.4333866,-2.5444493,0.38082778
trance,in,3439,8.926,0,3,57,19,-1.4161174,-0.9124278,-1.313104,-2.8785682,-0.5683023,1.1003566
trance,you,3141,8.772,0,3,54,20,-2.3732407,0.584882,-0.16180496,-4.033075,-0.037475616,-0.28735858
trap,rl,1169,30.465,0,2,245,1,3.8888924,-1.0389228,-3.251613,1.2192981,-1.4426135,-0.4155753
trap,grime,1110,29.64,0,2,245,2,5.6188135,2.0700734,-1.8231484,2.1149487,0.3640746,-0.6450265
trap,r,1500,21.117,0,2,192,3,1.7845107,-5.546685,1.6666167,-1.3318741,-2.923924,0.8412996
trap,so,1041,20.15,0,2,189,4,-1.3041304,-0.8966303,-1.4943155,-3.1185777,-0.6882985,-0.21709311
trap,music,1251,17.033,0,1,178,5,1.6185185,1.3426671,2.479101,-1.6774569,-0.88773495,0.49807927
trap,just,1106,16.003,0,1,140,6,-1.711253,0.5225678,-0.71351224,-3.5247202,0.3733556,-0.45759273
trap,is,2186,15.26,0,1,151,7,-1.5540725,-0.16289039,-1.2045566,-3.179791,-0.04706385,0.24855019
trap,at,1330,14.094,0,2,112,8,-1.367604,0.40842378,1.6181611,-2.569361,-0.56025684,0.48392066
trap,to,3311,13.67,0,1,120,9,-2.2772152,0.36315373,0.07240832,-3.2859278,-0.35538822,1.1889808
trap,and,2846,13.575,0,1,113,10,-2.1061504,0.7365776,-0.39468303,-3.4310362,0.294699,0.15188493
trap,up,1522,13.092,0,1,111,11,-1.1201453,0.39956442,0.061318554,-3.0872686,-0.26721498,0.050360076
trap,with,1477,13.005,0,2,110,12,-1.8133647,0.4355815,0.0664012,-3.0356035,0.23814338,0.09945579
trap,for,2941,12.817,0,2,109,13,-2.1689286,-0.16679977,0.21422487,-3.0441322,-0.3696654,1.2194023
trap,in,2704,12.474,0,1,112,14,-1.5466305,-0.6997554,-1.279209,-2.8785682,-0.5683023,1.1003566
trap,mr,1009,12.378,0,2,98,15,1.846497,-0.8115804,0.3818933,-0.46891257,-1.3182044,-0.68351144
trap,from,1266,12.275,0,2,100,16,-1.2733002,0.6491178,0.12105127,-2.6115398,0.27107444,0.51758957
trap,on,2848,12.258,0,1,105,17,-1.4216946,0.4733668,0.9646884,-2.7134001,-0.83771306,0.9725021
trap,what,1848,12.208,0,1,112,18,-1.3877269,0.18972139,-0.808073,-3.2040205,0.28209987,-0.0018237375
trap,ep,1213,12.196,0,2,98,19,2.9857318,0.41979328,0.66673505,0.22906798,-1.7971305,-0.018265596
trap,dj,1504,11.708,0,1,107,20,3.309259,1.3126588,2.656509,-0.05983296,-2.2507265,-0.4456658
travel,took,1015,97.44,0,3,865,1,-0.8419787,2.2276545,-0.54423946,-1.7923855,1.4048257,-0.85028756
travel,view,1199,63.336,0,1,687,2,2.5876672,-0.5687655,0.19458838,-0.45353934,0.17130947,1.2651339
travel,was,2249,59.548,0,1,693,3,-2.763267,0.92590433,-1.1379561,-3.1935225,0.4661826,-0.7393948
travel,pictures,1363,58.473,0,2,607,4,3.2659216,1.6730771,0.01884429,-1.6916444,0.8763751,-0.3800859
travel,favorite,1484,52.214,0,2,609,5,0.3615809,-1.6596694,3.5158858,-1.6639853,-0.4225536,-1.0048642
travel,photo,1514,50.696,0,1,671,6,3.740212,0.22120501,-0.41072363,-0.9244708,-1.0486959,0.06768486
travel,i've,1269,46.977,0,2,556,7,None,None,None,None,None,None
travel,here,2783,46.353,0,1,551,8,-0.36358562,-0.030744718,0.79242486,-2.6188154,0.12210431,0.24904615
travel,x,1302,44.557,0,2,527,9,-0.042204183,-5.131981,-2.3850293,-1.1175205,-3.2103586,-0.32081115
travel,photos,2230,43.103,0,1,491,10,4.472673,1.4029652,-0.843302,-0.8609178,0.0011181347,0.5635411
travel,had,1017,38.3,0,2,471,11,-2.5736158,1.3591399,-0.9442069,-2.871008,0.79366267,-0.7124806
travel,years,1540,36.442,0,1,398,12,-0.920551,0.5799546,0.029000636,-2.0438457,0.7118587,0.2206025
travel,last,2046,36.115,0,1,392,13,-1.178261,0.19864182,-0.735512,-2.4523034,-0.095323265,-0.17974901
travel,after,1324,35.772,0,1,436,14,-0.84169054,0.72795284,-0.8919507,-2.4006298,0.6087824,0.34676394
travel,so,2693,35.764,0,1,386,15,-1.5610378,-1.4788429,-0.5527403,-3.1185777,-0.6882985,-0.21709311
travel,my,15211,31.708,0,1,354,16,-1.4585434,-0.31134322,1.7556294,-3.730388,-0.22782871,-0.46035725
travel,got,1406,31.643,0,1,312,17,-2.1206758,0.9486195,0.032729995,-2.9497821,0.37691778,-0.89768565
travel,post,1947,30.186,0,1,313,18,1.8988355,-1.0029591,-0.45362788,-0.96799123,-0.9700228,1.1414212
travel,friend,1119,30.026,0,1,248,19,-0.523271,-0.5661256,2.5666184,-2.352772,0.0680445,-1.1581174
travel,made,1407,29.883,0,1,262,20,-1.1382046,0.48531747,-0.0064330776,-2.28509,0.5075963,-0.4901376
treemusic,full,1198,14.105,0,5,84,1,0.83957756,-0.5456067,1.6178963,-1.1755949,-1.2168245,0.5861053
treemusic,album,1633,12.284,0,4,81,2,2.4698377,0.2920333,1.5178719,-1.0127494,-1.6028835,-0.10733312
treemusic,psychedelic,1344,10.44,1,4,66,3,4.6797247,2.4723086,3.4338272,2.445758,0.5469102,-0.89096516
treemusic,rock,4278,9.85,1,4,55,4,3.0855913,-0.23158908,-0.32658,-0.6784322,-1.7836854,-0.49537662
treemusic,is,2029,8.539,0,3,60,5,-1.9351996,0.6987491,-0.041379593,-3.179791,-0.04706385,0.24855019
treemusic,the,14329,8.454,0,3,56,6,-1.9497846,0.80506426,0.3179136,-3.2426047,-0.24358808,0.80810684
treemusic,in,2965,8.328,0,3,52,7,-1.6989651,0.27077526,0.85343826,-2.8785682,-0.5683023,1.1003566
treemusic,to,3880,8.3,0,3,62,8,-1.9523935,-0.00691596,-0.6029872,-3.2859278,-0.35538822,1.1889808
treemusic,a,5323,8.108,0,3,58,9,-0.36106429,-3.136036,-0.53964764,-2.4333866,-2.5444493,0.38082778
treemusic,r,1073,8.066,0,3,60,10,1.0808511,-5.468867,1.3680848,-1.3318741,-2.923924,0.8412996
treemusic,this,3315,8.05,0,2,58,11,-1.5715324,0.58975714,-0.39627978,-3.423039,0.12052153,0.25829396
treemusic,all,1103,8.034,0,3,58,12,-1.201462,0.44970667,0.09180882,-3.2166746,-0.068885975,0.47858277
treemusic,of,5424,7.963,0,3,55,13,-1.751397,0.9370149,1.1663067,-2.9982007,0.07186476,1.1668499
treemusic,like,1108,7.872,0,2,57,14,-0.8715828,0.3763413,-0.46528113,-3.2754328,-0.06366012,-0.74290675
treemusic,for,2327,7.801,0,2,54,15,-2.2416618,0.097601965,0.11354676,-3.0441322,-0.3696654,1.2194023
treemusic,it,2036,7.782,0,2,58,16,-1.681564,0.8109047,-0.77191734,-3.6389697,0.21471155,0.22040805
treemusic,hop,3643,7.738,0,3,54,17,3.7905655,0.2782596,-2.850645,-0.44790235,-0.9351231,-0.4440615
treemusic,on,2389,7.73,0,3,51,18,-1.0712059,0.1941127,-0.938943,-2.7134001,-0.83771306,0.9725021
treemusic,hip,3202,7.679,0,3,52,19,3.9995315,0.5393728,-3.010142,-0.42831945,-0.6554897,-0.48372605
treemusic,my,2834,7.661,0,2,56,20,-1.6578747,0.5770124,-0.5368969,-3.730388,-0.22782871,-0.46035725
trees,asks,1586,128.193,0,5,1170,1,-2.1417139,0.8017736,-0.8616444,-0.26490146,1.1374589,0.09421011
trees,snoop,3491,111.385,0,2,1468,2,-0.9735329,-4.699105,-2.1655407,0.82221997,-0.07397492,-1.3923124
trees,upvote,2789,110.165,0,2,1259,3,1.4702685,-0.15845804,-1.7203808,3.4249902,0.93638146,-0.9288628
trees,legalize,3647,110.112,0,4,1338,4,3.6502244,0.1560691,0.35989365,1.7496825,1.154209,0.7154675
trees,bill,3476,109.28,0,3,1305,5,-0.48817107,1.5944886,-1.0177038,-0.12882207,0.5230514,1.3868606
trees,won,1064,107.85,0,4,1167,6,-2.1431231,0.43387625,2.263936,-1.1048644,0.01666912,-0.4143051
trees,0,1751,104.212,0,4,1125,7,None,None,None,None,None,None
trees,petition,2210,100.777,0,3,1171,8,0.47968423,2.662725,-1.6766312,0.8305765,1.1654218,1.6403133
trees,public,2236,96.487,0,3,1089,9,-0.90981525,1.7334508,-0.5343881,-0.67933446,0.67759895,2.1864817
trees,uptoke,1557,95.665,0,4,921,10,None,None,None,None,None,None
trees,federal,1529,94.126,0,3,1343,11,0.69391644,2.836549,-2.2757237,1.3774526,0.21132453,3.1459632
trees,legalized,2170,93.677,0,3,1056,12,5.022738,-0.32680008,2.4559658,2.1054924,2.3530753,0.10635248
trees,dad,5520,92.323,0,4,974,13,-2.7708414,-0.4798597,1.1735407,-2.010817,0.45103785,-1.5617516
trees,wife,1678,92.247,0,4,908,14,-2.778903,-0.29741305,1.361691,-1.4575951,0.8743942,-1.3490343
trees,recreational,1463,90.762,0,3,885,15,4.7538466,-1.3753327,1.7768364,2.5704472,1.5883707,0.95505255
trees,vote,2698,86.64,0,3,1015,16,-1.8369638,2.599297,-0.7376085,-1.0067242,-1.0897857,1.0085398
trees,prohibition,1770,86.63,0,3,1142,17,3.4055347,0.25579783,0.032743063,2.7202833,1.375435,0.5856966
trees,met,2898,85.775,0,4,961,18,-3.7341883,-0.46493486,3.702493,-1.0493165,-1.4894799,-0.632296
trees,dogg,1429,85.562,0,2,1033,19,-0.98282516,-4.7280426,-2.235722,1.051366,0.04437577,-1.3880161
trees,oc,1534,84.605,0,3,931,20,-0.7161376,-0.54407895,0.09824192,1.0525255,-1.1526995,-0.39761293
twitchplayspokemon,he,1111,70.63,0,6,800,1,-0.20021695,2.693484,-0.2887399,-2.7646928,-0.82008827,-0.5936299
twitchplayspokemon,day,1815,62.908,0,14,494,2,-0.5236127,-1.0311549,-1.4763817,-2.7567844,-0.50667286,-0.0010164105
twitchplayspokemon,made,1296,62.226,0,7,627,3,-0.40188763,0.74199426,0.2505462,-2.28509,0.5075963,-0.4901376
twitchplayspokemon,jesus,1538,62.091,0,3,716,4,1.0867147,3.744723,-2.2296922,-1.3655952,-0.7068217,-0.84971166
twitchplayspokemon,right,1305,61.279,0,6,547,5,-1.2552187,-0.23584366,-0.3788871,-2.9434712,0.5241887,-0.17900251
twitchplayspokemon,by,1256,59.939,0,9,416,6,-0.49607584,-0.9760864,1.4430594,-1.9502953,-0.116353825,0.59982204
twitchplayspokemon,bird,1496,59.89,0,3,653,7,2.277729,2.341764,1.5679077,-0.3784299,-0.614184,-0.46676886
twitchplayspokemon,mrw,1176,59.142,0,6,553,8,3.8932464,-1.7331816,-3.3093517,1.5407904,-0.26178288,-0.68783236
twitchplayspokemon,when,3024,53.613,0,5,544,9,-2.059093,0.043036673,-0.2241283,-3.621951,1.0671849,-0.3380017
twitchplayspokemon,my,3550,52.856,0,6,511,10,-1.685263,0.017457692,0.05156281,-3.730388,-0.22782871,-0.46035725
twitchplayspokemon,after,1720,52.75,0,6,533,11,-0.6931343,-0.852897,-0.46709442,-2.4006298,0.6087824,0.34676394
twitchplayspokemon,here,1244,52.011,0,6,387,12,-0.9123949,-0.87542236,-0.5203202,-2.6188154,0.12210431,0.24904615
twitchplayspokemon,at,2446,51.88,0,6,433,13,-1.0843515,-2.0021172,0.18410562,-2.569361,-0.56025684,0.48392066
twitchplayspokemon,like,1942,50.427,0,6,467,14,-1.5434072,0.52402896,0.2568391,-3.2754328,-0.06366012,-0.74290675
twitchplayspokemon,people,1369,50.275,0,4,594,15,-1.7465239,-0.10124777,-0.27762508,-3.1653438,1.1312002,0.8718072
twitchplayspokemon,gen,1048,49.573,0,3,550,16,4.931051,-1.4188535,0.6631012,1.1348914,-1.8203666,0.5322405
twitchplayspokemon,time,2374,49.041,0,5,457,17,-0.4774208,-0.42793745,-0.7705794,-2.5689878,-0.6856868,0.21413173
twitchplayspokemon,beat,1207,49.036,0,5,483,18,1.4335095,0.48659468,2.1012805,-1.3150156,-0.5186129,-0.56708115
twitchplayspokemon,team,2039,48.751,0,8,391,19,1.1993111,-0.5064588,3.2297387,-1.4349273,-1.5557907,0.6744127
twitchplayspokemon,this,9329,48.689,0,5,445,20,-1.7429528,-0.4318839,0.19465567,-3.423039,0.12052153,0.25829396
ukpolitics,police,1007,14.625,0,7,73,1,2.6268783,1.7797834,0.4577791,-0.5204222,0.8160596,1.7042092
ukpolitics,from,2782,14.451,0,4,85,2,-0.6112652,1.428139,-1.4760476,-2.6115398,0.27107444,0.51758957
ukpolitics,says,1959,14.422,0,6,83,3,0.7969038,0.24998544,0.56917346,-1.4983666,1.1672487,0.63161117
ukpolitics,mp,1260,14.375,0,5,88,4,4.8924675,-0.6990041,-2.2871058,0.96082443,-1.7694559,1.3219457
ukpolitics,that,2416,14.339,0,4,95,5,-2.2740495,0.20116687,0.36475453,-3.7552161,0.8998972,-0.031067893
ukpolitics,has,2159,14.319,0,4,98,6,-0.4067779,-2.3157518,-0.6229954,-2.2448533,-0.0649025,0.4776435
ukpolitics,than,1026,14.272,0,4,104,7,-0.86439496,0.42267436,0.86569816,-2.6687617,0.9965041,0.19805433
ukpolitics,people,1317,14.149,0,4,102,8,-1.1720612,0.55750036,1.4764707,-3.1653438,1.1312002,0.8718072
ukpolitics,all,1129,14.077,0,3,100,9,-1.4354895,0.14216134,0.25355288,-3.2166746,-0.068885975,0.47858277
ukpolitics,by,2950,14.057,0,5,83,10,0.030027067,1.3866591,-2.8229158,-1.9502953,-0.116353825,0.59982204
ukpolitics,uk,4676,13.939,0,4,86,11,3.0369654,0.30440447,-0.27591962,-0.41343656,-0.21494308,2.2378905
ukpolitics,no,1345,13.802,0,5,95,12,0.268509,-5.6027575,0.33907914,-1.9434946,-2.7007306,0.513746
ukpolitics,tax,1369,13.677,0,5,82,13,3.4773033,1.3093139,3.4992557,0.23969533,1.4187955,2.8640523
ukpolitics,after,1301,13.584,0,4,75,14,-0.28966308,0.7610043,-0.31126687,-2.4006298,0.6087824,0.34676394
ukpolitics,out,1417,13.443,0,4,93,15,-1.0436374,0.74477524,-0.8764193,-2.968627,0.12615682,0.17456675
ukpolitics,was,1247,13.439,0,4,90,16,-1.9425294,0.4900004,-1.3137643,-3.1935225,0.4661826,-0.7393948
ukpolitics,as,2805,13.401,0,4,83,17,-0.1041043,-2.4090238,0.44402483,-2.2781217,-0.95820844,0.87362534
ukpolitics,this,1932,13.39,0,2,86,18,-1.7703944,0.44441265,-0.6382271,-3.423039,0.12052153,0.25829396
ukpolitics,if,1491,13.065,0,4,80,19,-1.317992,0.26544562,0.9326176,-3.4172652,0.6949564,0.07018097
ukpolitics,they,1025,13.012,0,4,85,20,-1.8966948,0.53911453,1.4222566,-3.5051446,1.4383961,0.38971087
ultrahardcore,community,1112,10.463,0,8,38,1,2.6068993,-2.358396,-1.0222093,0.12509368,0.16830693,2.0377045
ultrahardcore,season,2171,9.52,0,5,39,2,3.0454738,2.429394,0.5844516,-1.4036809,-0.2566062,0.10083431
ultrahardcore,montage,1377,6.257,0,3,30,3,4.9520154,-1.9136845,0.7989827,1.7546958,-0.66134197,-0.4522448
ultrahardcore,episode,3937,6.076,0,2,27,4,3.858104,2.3012962,1.5532303,-0.64716595,-0.6438883,-0.60963815
ultrahardcore,the,4363,5.457,0,2,31,5,-1.2752326,0.9536142,-0.98425967,-3.2426047,-0.24358808,0.80810684
ultrahardcore,to,3082,4.693,0,1,28,6,-2.0587218,-1.217484,0.95222473,-3.2859278,-0.35538822,1.1889808
ultrahardcore,of,3302,4.537,0,1,26,7,-0.8428073,1.1937511,-2.155946,-2.9982007,0.07186476,1.1668499
ultrahardcore,in,2130,4.52,0,2,22,8,-1.0652304,-0.496644,-3.3800611,-2.8785682,-0.5683023,1.1003566
ultrahardcore,is,1634,4.266,0,1,20,9,-1.3325862,1.0685879,-1.150024,-3.179791,-0.04706385,0.24855019
ultrahardcore,you,1389,4.236,0,2,20,10,-2.394452,0.27049106,1.7084358,-4.033075,-0.037475616,-0.28735858
ultrahardcore,a,3415,4.132,0,1,27,11,-0.975805,-3.6369815,1.0588775,-2.4333866,-2.5444493,0.38082778
ultrahardcore,for,1443,4.097,0,1,29,12,-1.4494299,-0.061371088,-0.56050944,-3.0441322,-0.3696654,1.2194023
ultrahardcore,new,1121,4.076,0,1,25,13,0.041467607,-0.17907843,-0.30990314,-1.9311304,-0.70225275,1.158011
ultrahardcore,what,1026,3.94,0,2,20,14,-1.2525786,0.7029304,1.2718774,-3.2040205,0.28209987,-0.0018237375
ultrahardcore,how,1506,3.79,0,1,21,15,-1.0186677,0.40950835,1.6240426,-3.1789849,0.71929175,0.18375136
ultrahardcore,i,2328,3.758,0,1,25,16,-1.8336393,-0.28569365,1.4946934,-3.6094012,-1.000925,-0.32947692
ultrahardcore,best,1204,3.624,0,1,16,17,-0.2058642,1.0090647,-0.015640456,-2.3450844,-0.89284056,-0.024310216
ultrahardcore,my,1385,3.483,0,1,20,18,-1.7741237,0.29398656,-0.00582403,-3.730388,-0.22782871,-0.46035725
ultrahardcore,highlights,6344,3.231,0,2,15,19,4.0239644,-0.39989528,-1.2899896,0.71119934,0.14583096,0.70746017
ultrahardcore,with,1410,3.211,0,1,17,20,-1.0487854,-0.083397195,-0.17245063,-3.0356035,0.23814338,0.09945579
vancouver,this,3460,25.791,0,3,214,1,-1.2994745,0.7295503,-0.30928788,-3.423039,0.12052153,0.25829396
vancouver,c,1098,24.502,0,8,160,2,3.9498038,-0.06067861,0.76631516,-0.7104234,-3.3597982,0.7582064
vancouver,from,3037,23.46,0,3,189,3,-1.2048923,-1.5176346,-0.7980692,-2.6115398,0.27107444,0.51758957
vancouver,r,1294,23.151,0,3,216,4,5.572847,0.677346,-1.845177,-1.3318741,-2.923924,0.8412996
vancouver,b,1086,23.042,0,8,137,5,5.2118816,0.5467831,-1.3084992,-1.3897117,-3.0253623,0.7511405
vancouver,my,2016,22.199,0,1,196,6,-1.2784615,0.21347013,-1.0102301,-3.730388,-0.22782871,-0.46035725
vancouver,has,1014,20.756,0,4,152,7,-0.66947895,1.9466187,1.9029605,-2.2448533,-0.0649025,0.4776435
vancouver,of,7880,20.098,0,3,156,8,-1.4821547,-0.5724568,-0.96152806,-2.9982007,0.07186476,1.1668499
vancouver,city,1350,19.515,0,2,154,9,1.2013997,-2.8415074,3.1438146,-0.87796986,-1.2999176,1.1106799
vancouver,it,1813,19.468,0,2,169,10,-1.4756427,1.1220816,-0.014719917,-3.6389697,0.21471155,0.22040805
vancouver,bc,1660,18.665,0,3,135,11,0.6549251,1.4214594,2.3685422,-1.5752711,-0.3756285,-0.3278964
vancouver,you,2634,18.234,0,2,168,12,-1.2206347,0.99203384,-1.3237684,-4.033075,-0.037475616,-0.28735858
vancouver,the,12226,18.199,0,3,148,13,-1.4991184,-0.5372738,-0.6733281,-3.2426047,-0.24358808,0.80810684
vancouver,by,1314,18.105,0,3,117,14,-0.5053849,-2.4213676,-1.2081184,-1.9502953,-0.116353825,0.59982204
vancouver,is,4364,17.883,0,2,142,15,-1.4124403,1.6113349,-0.4970443,-3.179791,-0.04706385,0.24855019
vancouver,at,3830,17.799,0,2,139,16,-0.3489202,-2.7768283,0.22016977,-2.569361,-0.56025684,0.48392066
vancouver,that,1733,17.468,0,2,140,17,-1.9763374,1.2375585,-0.36892617,-3.7552161,0.8998972,-0.031067893
vancouver,an,1338,17.392,0,2,136,18,0.15272322,1.071458,2.4603882,-2.1368263,-0.7357933,0.54226786
vancouver,on,5416,17.332,0,2,130,19,-0.6930447,-1.0569088,0.042726308,-2.7134001,-0.83771306,0.9725021
vancouver,and,5588,16.79,0,2,140,20,-1.6775928,0.21496238,-0.5862186,-3.4310362,0.294699,0.15188493
vegan,my,4073,39.52,0,13,267,1,1.4252301,-0.88104975,-0.6829344,-3.730388,-0.22782871,-0.46035725
vegan,just,1623,38.687,0,13,272,2,1.566121,-0.491836,0.44715965,-3.5247202,0.3733556,-0.45759273
vegan,made,1188,38.538,0,15,227,3,0.32868943,-0.014818109,0.9289923,-2.28509,0.5075963,-0.4901376
vegan,at,1859,36.519,0,12,254,4,1.7629594,0.8509597,-1.1789877,-2.569361,-0.56025684,0.48392066
vegan,people,1031,36.354,0,11,286,5,0.090222575,1.0223603,1.4422837,-3.1653438,1.1312002,0.8718072
vegan,this,3883,35.976,0,9,269,6,1.0108122,-0.46769705,0.24149084,-3.423039,0.12052153,0.25829396
vegan,animals,1561,35.291,0,10,258,7,-1.7871047,4.3750296,3.4785745,-0.30802655,1.1998538,-0.0060607214
vegan,so,1519,35.282,0,11,231,8,-0.29540086,-1.5586598,0.020177409,-3.1185777,-0.6882985,-0.21709311
vegan,all,1234,35.191,0,10,255,9,0.97553945,0.33484045,-0.002129157,-3.2166746,-0.068885975,0.47858277
vegan,post,1231,34.845,0,9,251,10,-0.7036555,0.73958206,0.19631562,-0.96799123,-0.9700228,1.1414212
vegan,it,2540,32.76,0,10,215,11,1.4090157,-0.86022323,0.40615264,-3.6389697,0.21471155,0.22040805
vegan,i,6146,32.64,0,10,241,12,1.3415303,-0.0930332,-1.6945883,-3.6094012,-1.000925,-0.32947692
vegan,r,2186,32.122,0,9,236,13,-3.5214489,2.5318587,-4.463803,-1.3318741,-2.923924,0.8412996
vegan,from,3077,31.904,0,10,215,14,1.5522643,0.5173725,-0.12244706,-2.6115398,0.27107444,0.51758957
vegan,i'm,1210,31.821,0,10,242,15,None,None,None,None,None,None
vegan,we,1057,31.79,0,10,222,16,-0.27747163,0.06998843,0.050589547,-2.914085,-0.52950966,0.6924777
vegan,in,6616,30.942,0,10,215,17,1.7593927,0.5503259,-1.3888215,-2.8785682,-0.5683023,1.1003566
vegan,me,1645,30.811,0,9,241,18,-3.3751035,-3.125688,-0.1539334,-2.815495,-2.5236044,-0.39501652
vegan,has,1008,30.742,0,9,240,19,-0.8653019,-1.2874061,1.3571312,-2.2448533,-0.0649025,0.4776435
vegan,as,1309,30.259,0,10,212,20,-2.396285,-2.2119143,1.1187713,-2.2781217,-0.95820844,0.87362534
wallpapers,post,1717,106.003,0,10,1478,1,1.5294815,1.719391,-0.15925877,-0.96799123,-0.9700228,1.1414212
wallpapers,one,1378,104.804,0,8,1254,2,0.47336295,-0.33723566,0.8865832,-2.7863765,-0.7878009,0.0035640583
wallpapers,r,2323,93.316,0,10,1184,3,4.884633,-2.9036138,-1.7740765,-1.3318741,-2.923924,0.8412996
wallpapers,by,1850,92.212,0,8,1148,4,-0.2832529,0.8135514,-1.4376707,-1.9502953,-0.116353825,0.59982204
wallpapers,1920x1080,8694,90.861,0,11,1079,5,None,None,None,None,None,None
wallpapers,the,10252,86.74,0,6,1109,6,-1.5718259,-0.296145,0.013733199,-3.2426047,-0.24358808,0.80810684
wallpapers,1920x1200,2195,86.576,0,11,1046,7,None,None,None,None,None,None
wallpapers,like,1296,84.886,0,5,1091,8,-0.541216,0.18223391,1.3849006,-3.2754328,-0.06366012,-0.74290675
wallpapers,at,1449,83.423,0,6,1061,9,-0.76270497,1.0995809,-2.913365,-2.569361,-0.56025684,0.48392066
wallpapers,from,3466,82.659,0,7,975,10,-1.2248315,0.4723415,-1.2321523,-2.6115398,0.27107444,0.51758957
wallpapers,in,5176,81.534,0,5,983,11,-1.2234346,-1.401788,-1.787416,-2.8785682,-0.5683023,1.1003566
wallpapers,my,5383,80.503,0,7,960,12,-1.1188103,-0.4506764,0.87859637,-3.730388,-0.22782871,-0.46035725
wallpapers,all,1050,80.015,0,5,829,13,-0.647956,-0.7278933,0.5992073,-3.2166746,-0.068885975,0.47858277
wallpapers,of,8957,78.033,0,5,927,14,-1.5281961,-0.29795,-0.8407205,-2.9982007,0.07186476,1.1668499
wallpapers,you,2339,77.818,0,4,983,15,-0.83653086,-0.6320038,2.025988,-4.033075,-0.037475616,-0.28735858
wallpapers,space,1026,77.223,0,9,889,16,1.2351993,4.2351933,0.13043039,-0.42436913,-0.23902121,0.89018553
wallpapers,is,1750,76.472,0,4,962,17,-1.4517742,-1.5627828,0.8155578,-3.179791,-0.04706385,0.24855019
wallpapers,x,5849,72.208,0,7,866,18,4.2699914,0.35164994,1.7979373,-1.1175205,-3.2103586,-0.32081115
wallpapers,it,1951,71.862,0,5,842,19,-1.2021337,-0.26385257,1.6117266,-3.6389697,0.21471155,0.22040805
wallpapers,1080,1927,71.769,0,7,980,20,None,None,None,None,None,None
web_design,so,1455,21.486,0,1,238,1,-1.9127485,-0.20332767,-0.37124804,-3.1185777,-0.6882985,-0.21709311
web_design,made,1516,21.48,0,2,193,2,-0.79926753,0.7301751,-0.08787494,-2.28509,0.5075963,-0.4901376
web_design,google,1687,21.012,0,1,223,3,3.24188,-0.062485076,-3.5394092,0.10840304,-1.6534,2.4000084
web_design,this,6489,20.182,0,1,212,4,-1.7893294,0.4680298,0.48222712,-3.423039,0.12052153,0.25829396
web_design,if,1466,19.858,0,1,212,5,-1.9801271,0.33569264,0.9254029,-3.4172652,0.6949564,0.07018097
web_design,has,1146,19.028,0,1,195,6,-0.7058522,0.9240658,-2.517537,-2.2448533,-0.0649025,0.4776435
web_design,css3,1166,18.793,0,2,181,7,None,None,None,None,None,None
web_design,just,2310,18.479,0,1,191,8,-2.0016794,0.9905588,0.3058795,-3.5247202,0.3733556,-0.45759273
web_design,css,5357,17.233,0,2,158,9,4.9892383,-0.08549073,1.682712,2.108332,-0.6201944,0.7078923
web_design,time,1184,16.824,0,1,181,10,-1.0670193,-0.112425014,-0.10610957,-2.5689878,-0.6856868,0.21413173
web_design,all,1494,16.664,0,1,157,11,-1.6844411,-0.12592623,0.6579502,-3.2166746,-0.068885975,0.47858277
web_design,html5,1422,16.567,0,1,145,12,None,None,None,None,None,None
web_design,post,1063,16.522,0,1,180,13,1.3057958,0.22162756,-1.029027,-0.96799123,-0.9700228,1.1414212
web_design,client,1191,16.471,0,2,147,14,3.6807227,1.7561535,-0.5928584,0.84576917,0.060449827,1.6254079
web_design,one,1821,16.021,0,1,172,15,-1.024523,-0.6315569,-0.89191437,-2.7863765,-0.7878009,0.0035640583
web_design,r,1714,15.648,0,1,163,16,0.74331367,-6.166169,0.19743155,-1.3318741,-2.923924,0.8412996
web_design,code,1277,15.624,0,1,163,17,3.647905,0.94276565,2.8308134,0.20907637,-0.37660852,1.5142293
web_design,by,1626,15.27,0,1,149,18,-0.4244644,0.13653316,0.7371913,-1.9502953,-0.116353825,0.59982204
web_design,think,1975,15.23,0,1,148,19,-1.6853819,0.78391075,0.72060513,-3.0465298,0.9089453,-0.4417823
web_design,you,9057,15.038,0,1,134,20,-2.5340204,0.09787161,0.5957661,-4.033075,-0.037475616,-0.28735858
webcomics,oc,1051,22.77,0,2,286,1,-3.204662,4.7213035,-1.3018994,1.0525255,-1.1526995,-0.39761293
webcomics,this,3304,17.111,0,1,184,2,0.7125315,0.39470252,0.25023812,-3.423039,0.12052153,0.25829396
webcomics,me,1562,16.876,0,1,192,3,-4.5247,-1.9901301,2.464072,-2.815495,-2.5236044,-0.39501652
webcomics,i,5114,16.26,0,1,160,4,0.766649,-0.83226126,-0.1400483,-3.6094012,-1.000925,-0.32947692
webcomics,so,1150,14.806,0,1,125,5,-0.74756813,-0.9410463,-1.091557,-3.1185777,-0.6882985,-0.21709311
webcomics,how,2072,14.175,0,1,138,6,0.92773443,-0.35200524,-0.64132833,-3.1789849,0.71929175,0.18375136
webcomics,my,3549,13.537,0,1,144,7,0.72444546,-0.25615233,1.3450451,-3.730388,-0.22782871,-0.46035725
webcomics,life,1205,13.076,0,1,132,8,0.10549295,0.37842742,0.94269145,-2.8062446,-0.114754654,-0.030254032
webcomics,love,1067,12.939,0,1,100,9,-0.032766774,-0.7008987,1.7173349,-2.9468522,-1.0227941,-1.0167005
webcomics,time,1754,12.695,0,1,124,10,-0.5264146,-0.08153192,-1.5905229,-2.5689878,-0.6856868,0.21413173
webcomics,when,1252,12.577,0,1,91,11,1.1097172,-0.46667883,-0.013859417,-3.621951,1.0671849,-0.3380017
webcomics,first,1008,12.549,0,1,101,12,0.63348514,1.360113,-0.6299175,-2.34711,0.2744144,0.23318471
webcomics,by,1436,12.457,0,1,138,13,-0.24491009,1.7381971,2.4941819,-1.9502953,-0.116353825,0.59982204
webcomics,just,1450,12.194,0,1,109,14,1.3875484,0.055506628,-0.27193722,-3.5247202,0.3733556,-0.45759273
webcomics,do,1403,11.8,0,1,91,15,-2.2452166,-2.8398893,-3.1546078,-2.8769507,-1.2141902,0.4546584
webcomics,like,1495,11.624,0,1,114,16,0.61291337,-0.101275004,0.26943308,-3.2754328,-0.06366012,-0.74290675
webcomics,be,1815,11.384,0,1,99,17,0.9157164,1.2190373,-0.57675046,-3.2174866,0.08383241,0.17779635
webcomics,have,1406,11.3,0,1,94,18,1.4372262,0.0008799742,-0.8076465,-3.513116,0.79508233,0.23116368
webcomics,it,3271,11.173,0,1,95,19,1.2459576,-0.015961131,-0.080496624,-3.6389697,0.21471155,0.22040805
webcomics,you,4995,11.131,0,1,91,20,0.9468198,-1.2903378,0.8175749,-4.033075,-0.037475616,-0.28735858
webdev,so,1006,21.089,0,1,207,1,-2.1565533,-0.110354856,-1.8727896,-3.1185777,-0.6882985,-0.21709311
webdev,made,1053,18.842,0,2,188,2,-1.1108341,0.53522384,0.1725999,-2.28509,0.5075963,-0.4901376
webdev,just,1324,18.235,0,1,211,3,-2.1658552,1.1108416,0.4702365,-3.5247202,0.3733556,-0.45759273
webdev,this,4033,18.148,0,1,207,4,-2.1396322,0.675148,0.6677739,-3.423039,0.12052153,0.25829396
webdev,at,1243,17.26,0,1,152,5,-1.1428008,0.5562768,1.8197849,-2.569361,-0.56025684,0.48392066
webdev,all,1116,16.622,0,1,138,6,-2.0506697,0.09138689,0.4242365,-3.2166746,-0.068885975,0.47858277
webdev,r,1623,15.338,0,2,138,7,0.09700917,-5.93469,0.7175662,-1.3318741,-2.923924,0.8412996
webdev,one,1096,15.144,0,1,186,8,-1.5242016,-0.6230017,-0.43287674,-2.7863765,-0.7878009,0.0035640583
webdev,dev,1225,15.127,0,2,153,9,3.5269487,-0.5907135,0.37310305,1.125467,-1.3242481,0.7823201
webdev,developer,1843,14.339,0,1,144,10,5.5377564,1.5148058,-0.28046003,1.9204687,-0.14421706,2.3740396
webdev,google,1784,14.026,0,1,153,11,2.3282988,-0.8809217,-2.7557669,0.10840304,-1.6534,2.4000084
webdev,css,2593,13.966,0,2,147,12,4.479279,-0.5956312,0.8513891,2.108332,-0.6201944,0.7078923
webdev,developers,1310,13.533,0,1,137,13,4.939084,1.7687931,-0.81100315,1.7976242,0.95544463,2.400862
webdev,by,1072,13.49,0,1,133,14,-0.83272654,0.56571573,1.6281497,-1.9502953,-0.116353825,0.59982204
webdev,not,1723,13.45,0,1,128,15,-1.771352,0.6596761,-0.30723616,-3.244656,0.52007806,0.40083283
webdev,code,1661,13.278,0,1,135,16,2.3971968,-0.19464266,2.1369836,0.20907637,-0.37660852,1.5142293
webdev,you,5979,13.227,0,2,110,17,-2.6409988,0.5411839,0.2044094,-4.033075,-0.037475616,-0.28735858
webdev,the,11855,13.206,0,1,129,18,-2.2091951,0.5861512,0.524682,-3.2426047,-0.24358808,0.80810684
webdev,as,1487,13.194,0,2,135,19,-1.4728155,-0.25623754,-3.7689805,-2.2781217,-0.95820844,0.87362534
webdev,if,1271,12.871,0,1,119,20,-2.0879352,0.5809905,0.23819703,-3.4172652,0.6949564,0.07018097
whatsthisbug,moth,2475,15.973,1,5,116,1,5.1494503,-1.1181898,0.70954657,1.6357399,0.8872381,-1.6526898
whatsthisbug,australia,1003,15.959,1,6,97,2,2.885655,-1.739394,-4.0579233,0.104997,-0.49323562,1.3349175
whatsthisbug,you,1156,14.674,0,4,114,3,-2.0205553,-0.79529047,0.56305635,-4.033075,-0.037475616,-0.28735858
whatsthisbug,at,2471,14.097,0,4,100,4,-0.75186235,-2.256422,0.49486724,-2.569361,-0.56025684,0.48392066
whatsthisbug,friend,1177,13.873,0,5,94,5,0.22981672,0.17718522,0.53646076,-2.352772,0.0680445,-1.1581174
whatsthisbug,never,1295,13.631,1,4,97,6,-0.85930485,1.0964549,0.6733792,-3.041413,0.4030866,-0.54474926
whatsthisbug,saw,1145,13.433,0,5,85,7,2.0100214,0.5564863,2.067696,-1.6452175,0.14020331,-1.3867223
whatsthisbug,from,2557,13.348,0,4,100,8,-0.5861669,-1.9135451,-0.51861453,-2.6115398,0.27107444,0.51758957
whatsthisbug,just,2054,13.344,0,4,98,9,-1.2482239,-0.11070607,0.92138463,-3.5247202,0.3733556,-0.45759273
whatsthisbug,so,1206,13.129,0,4,100,10,-1.8337117,-0.42205685,-0.6388302,-3.1185777,-0.6882985,-0.21709311
whatsthisbug,he,1478,13.083,0,5,85,11,-0.58737564,3.8244975,-1.5283345,-2.7646928,-0.82008827,-0.5936299
whatsthisbug,i've,1341,12.893,0,4,87,12,None,None,None,None,None,None
whatsthisbug,seen,2206,12.459,1,4,84,13,1.7835692,0.8154029,1.4187768,-1.7502369,0.7923969,-0.80985296
whatsthisbug,while,1042,12.392,0,5,90,14,0.22202872,-0.6759422,0.34082717,-2.3084924,1.1693336,-0.08994783
whatsthisbug,has,1054,12.253,0,4,85,15,0.09358943,3.1631167,-2.1610544,-2.2448533,-0.0649025,0.4776435
whatsthisbug,to,6067,12.195,0,4,89,16,-2.4454029,-1.6512163,-2.1001139,-3.2859278,-0.35538822,1.1889808
whatsthisbug,i,9800,12.12,0,4,90,17,-1.9865942,-1.1300559,1.3662113,-3.6094012,-1.000925,-0.32947692
whatsthisbug,guy,4253,11.824,1,4,85,18,0.6029628,1.1659297,0.70950866,-2.1731968,0.5513065,-1.1612861
whatsthisbug,before,1208,11.818,0,4,72,19,0.06320086,-0.49174273,0.3267907,-2.5872476,0.89573485,0.055239726
whatsthisbug,was,4197,11.782,0,4,79,20,-0.72109306,1.505487,0.8763658,-3.1935225,0.4661826,-0.7393948
whowouldwin,he,2470,29.696,1,6,235,1,-4.4132385,0.15222397,0.119938895,-2.7646928,-0.82008827,-0.5936299
whowouldwin,has,1882,28.226,1,6,219,2,-3.6525242,-0.6211115,0.31402528,-2.2448533,-0.0649025,0.4776435
whowouldwin,as,1033,26.503,1,6,188,3,-1.0777905,-2.1664739,-3.7957394,-2.2781217,-0.95820844,0.87362534
whowouldwin,now,1242,25.932,1,6,215,4,1.2317759,0.20939802,-0.0332583,-2.8247273,-0.011966664,0.30824298
whowouldwin,into,1047,25.849,1,6,219,5,0.7901857,2.302358,-0.24701214,-2.2992327,1.1029599,0.46017256
whowouldwin,his,1938,24.438,0,4,216,6,-2.5815628,2.2754076,-0.64315385,-2.9064577,0.89347196,-0.6014442
whowouldwin,this,1201,24.302,0,5,175,7,1.0319033,0.26863712,0.44875142,-3.423039,0.12052153,0.25829396
whowouldwin,up,1341,23.803,1,5,173,8,0.9459701,1.2738817,-0.31101412,-3.0872686,-0.26721498,0.050360076
whowouldwin,to,7679,23.668,1,5,178,9,0.82690954,-1.1847032,-2.1598978,-3.2859278,-0.35538822,1.1889808
whowouldwin,it,2627,23.155,1,5,194,10,0.48846105,0.3689196,0.6911812,-3.6389697,0.21471155,0.22040805
whowouldwin,does,1368,23.002,1,6,176,11,-0.7122484,-0.3614356,1.5925912,-2.6269302,1.2335058,-0.051058374
whowouldwin,are,1973,22.718,1,6,161,12,0.9309429,-2.2718432,0.99831194,-3.1324968,0.5529448,0.6463594
whowouldwin,you,3149,22.535,0,6,155,13,1.2979722,-1.4741956,1.1627759,-4.033075,-0.037475616,-0.28735858
whowouldwin,if,1548,22.47,1,6,164,14,0.6885511,-0.9332137,1.5071151,-3.4172652,0.6949564,0.07018097
whowouldwin,have,1306,22.231,1,6,166,15,0.06972715,-1.3406806,1.3101808,-3.513116,0.79508233,0.23116368
whowouldwin,for,2545,22.08,1,6,139,16,1.5916483,-1.07578,-1.4360131,-3.0441322,-0.3696654,1.2194023
whowouldwin,every,1370,21.777,1,5,166,17,0.70700395,0.9547946,1.0335492,-2.7683692,0.9118755,0.17137478
whowouldwin,out,1419,21.446,1,5,166,18,1.0382942,1.7302784,-0.10858193,-2.968627,0.12615682,0.17456675
whowouldwin,which,1770,21.096,1,6,142,19,-0.71688867,-0.027520575,1.1886551,-1.8656665,1.3050941,0.8543116
whowouldwin,by,1431,21.091,1,5,151,20,1.5149069,1.9210588,-1.6324073,-1.9502953,-0.116353825,0.59982204
wicked_edge,was,1189,39.348,0,13,244,1,0.3138893,1.3208071,-1.3754745,-3.1935225,0.4661826,-0.7393948
wicked_edge,found,1220,32.406,0,12,198,2,0.9513417,2.6024458,-0.3312704,-1.6166267,1.0226976,-0.38971415
wicked_edge,at,1659,31.166,0,12,190,3,1.6970297,-1.2358861,4.0681725,-2.569361,-0.56025684,0.48392066
wicked_edge,so,1551,30.963,0,11,200,4,-1.9271686,0.3497147,-0.68931395,-3.1185777,-0.6882985,-0.21709311
wicked_edge,from,3115,29.49,0,10,184,5,1.25182,-0.83828765,0.25274333,-2.6115398,0.27107444,0.51758957
wicked_edge,my,10602,29.4,0,11,181,6,-0.40210986,-0.20048371,-0.06326116,-3.730388,-0.22782871,-0.46035725
wicked_edge,this,5604,28.993,0,10,187,7,-0.103279926,0.17492206,-0.5905067,-3.423039,0.12052153,0.25829396
wicked_edge,old,1061,28.942,0,11,178,8,0.5368403,2.1605425,0.5253214,-2.1879292,0.23916592,-0.89891815
wicked_edge,today,1372,28.362,0,13,168,9,0.21311001,0.20779304,0.8123737,-2.7574947,0.25998557,0.34778124
wicked_edge,me,2765,28.343,0,10,197,10,-5.6467223,-0.9077438,0.69837904,-2.815495,-2.5236044,-0.39501652
wicked_edge,got,1751,28.001,0,12,149,11,0.19532654,2.022715,0.19640629,-2.9497821,0.37691778,-0.89768565
wicked_edge,after,1203,27.312,0,9,162,12,0.8450635,0.91966796,0.6840146,-2.4006298,0.6087824,0.34676394
wicked_edge,i,9599,27.185,0,9,177,13,-0.6685015,-0.7662124,1.3786459,-3.6094012,-1.000925,-0.32947692
wicked_edge,one,1299,26.885,0,9,168,14,-0.53526884,-0.26860455,-0.47113007,-2.7863765,-0.7878009,0.0035640583
wicked_edge,in,4947,25.933,0,9,161,15,1.1575575,-2.560949,-1.278024,-2.8785682,-0.5683023,1.1003566
wicked_edge,the,10009,25.923,0,9,168,16,1.0117646,-1.6597836,-1.0221293,-3.2426047,-0.24358808,0.80810684
wicked_edge,that,1459,25.641,0,8,182,17,0.07465229,0.57609975,-1.042699,-3.7552161,0.8998972,-0.031067893
wicked_edge,of,6178,25.257,0,9,166,18,1.2236865,-2.1577158,-1.4769665,-2.9982007,0.07186476,1.1668499
wicked_edge,not,1194,24.94,0,9,163,19,-0.18903072,0.2609616,-0.2752796,-3.244656,0.52007806,0.40083283
wicked_edge,i'm,1468,24.917,0,9,185,20,None,None,None,None,None,None
wiiu,splatoon,1092,42.197,0,3,338,1,None,None,None,None,None,None
wiiu,this,3105,36.464,0,2,304,2,-2.3165095,0.36967468,0.51913184,-3.423039,0.12052153,0.25829396
wiiu,r,1278,35.288,0,11,223,3,0.9093481,-2.657301,-5.208645,-1.3318741,-2.923924,0.8412996
wiiu,at,2236,33.031,0,5,244,4,-1.3518457,1.9150463,-1.1162353,-2.569361,-0.56025684,0.48392066
wiiu,all,1239,32.477,0,3,289,5,-1.7196994,0.7706627,-0.27185753,-3.2166746,-0.068885975,0.47858277
wiiu,kart,2537,31.156,0,1,265,6,4.5996404,2.0864666,0.8074155,1.2948067,-1.615511,-1.082079
wiiu,now,1304,31.154,0,4,253,7,-1.5344442,0.46993172,0.2236601,-2.8247273,-0.011966664,0.30824298
wiiu,8,2281,31.097,0,2,262,8,None,None,None,None,None,None
wiiu,mario,4911,30.339,0,2,250,9,4.624232,-0.10876849,0.99402136,0.5122605,-2.386408,-0.959245
wiiu,super,2346,29.888,0,3,225,10,2.1675231,-1.7350079,0.09317764,-0.9203502,-2.7287827,-0.009699114
wiiu,world,1296,29.296,0,5,223,11,-0.5213262,0.501874,-1.003805,-1.943626,-0.27005294,0.91095984
wiiu,in,5594,28.832,0,3,226,12,-1.8366265,1.589076,-1.1995561,-2.8785682,-0.5683023,1.1003566
wiiu,of,6489,27.71,0,3,209,13,-2.214393,1.2032069,-0.5262671,-2.9982007,0.07186476,1.1668499
wiiu,that,1702,27.604,0,2,223,14,-2.4341402,0.7204179,1.2424875,-3.7552161,0.8998972,-0.031067893
wiiu,me,1302,27.444,0,1,279,15,-0.8744984,-4.5503826,1.9857111,-2.815495,-2.5236044,-0.39501652
wiiu,has,1369,27.243,0,3,221,16,-1.2616532,-0.80530864,1.6443866,-2.2448533,-0.0649025,0.4776435
wiiu,like,1079,26.741,0,3,217,17,-1.6413627,0.18073252,0.77437073,-3.2754328,-0.06366012,-0.74290675
wiiu,smash,2130,26.66,0,1,242,18,2.6233737,1.1113917,0.026498426,-0.04316069,-1.0350449,-0.8347062
wiiu,so,1489,26.128,0,2,198,19,-1.6205851,-1.2008202,0.752484,-3.1185777,-0.6882985,-0.21709311
wiiu,nintendo,6633,26.072,0,2,215,20,4.402959,0.13910837,0.2630226,1.4279279,-1.1871264,0.60797685
windowsphone,microsoft,3484,35.99,0,4,269,1,3.6311777,2.029181,-1.5059527,1.4053435,-0.79853916,2.6357322
windowsphone,10,2479,31.404,0,3,249,2,None,None,None,None,None,None
windowsphone,more,1210,29.837,0,6,219,3,-2.1473217,-0.22958891,-0.5598558,-2.698736,0.15690249,0.9707182
windowsphone,we,1009,29.762,0,5,228,4,-2.6891038,0.3207759,0.46719977,-2.914085,-0.52950966,0.6924777
windowsphone,coming,1131,29.2,0,6,204,5,-1.1818621,0.16039495,0.8695598,-1.9012007,0.13675703,0.10479872
windowsphone,phones,1642,28.027,0,3,238,6,2.5005293,-2.1547463,3.2609618,-0.57530236,1.1656584,1.0251063
windowsphone,windows,17496,26.372,0,3,207,7,3.9589603,0.2774385,-1.6052719,0.45150283,-1.479758,2.006297
windowsphone,first,1031,25.983,0,8,155,8,-1.5826265,0.010229619,0.47879672,-2.34711,0.2744144,0.23318471
windowsphone,android,1697,25.6,0,3,219,9,4.2353024,-2.3083224,-3.1446016,0.36568213,-2.211654,2.182846
windowsphone,by,1121,24.85,0,3,198,10,-2.106944,0.61914444,-0.6516293,-1.9502953,-0.116353825,0.59982204
windowsphone,as,1172,24.479,0,4,201,11,-1.9033586,1.1237253,-0.4295121,-2.2781217,-0.95820844,0.87362534
windowsphone,now,2876,24.127,0,4,189,12,-1.7548349,-0.7002033,0.56369066,-2.8247273,-0.011966664,0.30824298
windowsphone,free,1295,23.513,0,5,148,13,-0.72852355,-1.5990598,-1.196591,-1.461445,-0.7716073,1.2995393
windowsphone,cortana,2487,23.401,0,2,194,14,4.40835,4.2376904,2.6122003,3.4608915,0.22684006,-0.52089715
windowsphone,store,1713,23.106,0,3,168,15,1.1715353,-0.12591186,-0.7215827,-0.583709,-0.6169217,1.0758709
windowsphone,new,4020,22.984,0,3,176,16,-1.0981797,0.05673604,-0.9059621,-1.9311304,-0.70225275,1.158011
windowsphone,phone,17259,22.954,0,3,183,17,2.0642889,-3.4074721,2.4488363,-2.182409,-0.44791046,0.54155385
windowsphone,all,1381,22.952,0,3,177,18,-2.4245563,-0.3869335,0.5147171,-3.2166746,-0.068885975,0.47858277
windowsphone,of,6785,22.806,0,4,176,19,-2.7200606,0.6085123,-0.43592748,-2.9982007,0.07186476,1.1668499
windowsphone,has,1629,22.801,0,4,190,20,-1.6327682,1.4684116,-0.0590751,-2.2448533,-0.0649025,0.4776435
witcher,geralt,1454,39.353,0,2,348,1,None,None,None,None,None,None
witcher,this,3894,33.476,0,1,274,2,-0.9706735,-0.19399141,-0.19678168,-3.423039,0.12052153,0.25829396
witcher,like,1115,30.973,0,1,256,3,-1.0674543,-0.27790663,-0.005005299,-3.2754328,-0.06366012,-0.74290675
witcher,hunt,1206,30.78,0,1,250,4,3.7473586,-1.0010713,2.263007,0.4817184,0.529372,0.071395
witcher,that,1793,29.794,0,1,269,5,-1.6100997,0.27240086,-0.4233918,-3.7552161,0.8998972,-0.031067893
witcher,at,1324,29.726,0,1,203,6,-0.21178496,0.18722643,1.6135918,-2.569361,-0.56025684,0.48392066
witcher,wild,1203,29.647,0,1,250,7,2.3662536,-1.0076734,3.264085,-0.78513646,-0.16757208,-0.8851076
witcher,you,3592,28.905,0,2,228,8,-1.7596627,0.61327285,-1.2623165,-4.033075,-0.037475616,-0.28735858
witcher,new,1329,28.746,0,1,227,9,0.1642998,-0.3860603,-0.6272042,-1.9311304,-0.70225275,1.158011
witcher,out,1028,26.312,0,1,238,10,-0.48748687,0.50117356,0.6119293,-2.968627,0.12615682,0.17456675
witcher,from,1726,26.125,0,1,205,11,-0.30440596,1.1428255,0.67558867,-2.6115398,0.27107444,0.51758957
witcher,all,1235,25.998,0,1,206,12,-0.882768,0.86453015,0.09129466,-3.2166746,-0.068885975,0.47858277
witcher,when,1127,25.768,0,1,211,13,-1.5281731,0.68558335,-0.35314143,-3.621951,1.0671849,-0.3380017
witcher,of,6554,25.074,0,2,200,14,-0.6014605,1.0966892,0.3471307,-2.9982007,0.07186476,1.1668499
witcher,gwent,1742,24.849,0,1,216,15,7.7828393,1.5981985,-2.6605868,3.7274947,1.0296828,-0.27809328
witcher,be,1490,23.987,0,1,202,16,-0.6086022,-0.8748215,0.06662197,-3.2174866,0.08383241,0.17779635
witcher,your,1013,23.89,0,2,192,17,-1.662098,1.0700194,-1.1695132,-3.7252882,0.5087585,0.337032
witcher,just,1730,23.761,0,1,182,18,-1.1620239,0.4719962,-0.0877423,-3.5247202,0.3733556,-0.45759273
witcher,a,7840,23.688,0,1,192,19,0.011104495,-4.971781,-2.0491264,-2.4333866,-2.5444493,0.38082778
witcher,but,1147,23.595,0,1,225,20,-1.21516,0.20938855,-0.098438434,-3.4802496,0.46259698,-0.009232555
woahdude,gif,12223,203.726,0,29,2017,1,4.2773385,0.20062885,-0.5289457,0.5087607,-1.5573933,-0.7032857
woahdude,looks,1035,191.491,0,5,2449,2,1.5600784,-1.5959136,1.293583,-2.0051916,0.49578422,-1.1260984
woahdude,picture,1405,183.869,0,6,2567,3,3.2275193,-0.68060064,0.7534388,-1.9575729,0.3887631,-1.0706995
woahdude,pic,9507,164.021,0,22,1837,4,3.6184278,-0.52787507,-0.046788022,-1.375694,-1.1409061,-0.7769736
woahdude,earth,1242,163.427,0,7,2599,5,0.9535189,3.548272,-0.70988464,-0.72171354,0.2722707,0.35631993
woahdude,water,2290,154.381,0,6,1832,6,-1.0780565,3.0169091,1.150789,-1.272239,0.49561357,0.30577892
woahdude,over,1445,148.186,0,8,1705,7,-1.9135237,-0.3368665,0.82903636,-2.4282598,0.20016232,0.49509627
woahdude,an,3627,138.865,0,5,1704,8,-1.0557055,-1.1642768,-3.576686,-2.1368263,-0.7357933,0.54226786
woahdude,a,23271,137.342,0,5,1692,9,-0.41368508,-1.6971042,-4.0547285,-2.4333866,-2.5444493,0.38082778
woahdude,in,15053,135.488,0,5,1642,10,-2.541711,0.0017156828,-0.73362315,-2.8785682,-0.5683023,1.1003566
woahdude,into,1681,133.553,0,5,1545,11,-1.9282361,-0.08659207,0.70488757,-2.2992327,1.1029599,0.46017256
woahdude,when,1862,132.708,0,3,1778,12,-1.0930978,-1.3756089,1.2843083,-3.621951,1.0671849,-0.3380017
woahdude,through,1515,129.963,0,5,1411,13,-1.5464504,0.06737483,1.710185,-2.242643,1.1392381,0.49766976
woahdude,look,1576,129.797,0,5,1462,14,1.3143319,-1.8041264,1.0267082,-2.6153276,-0.049048457,-0.6552221
woahdude,how,2544,127.679,0,3,1696,15,-0.48728335,-1.2229775,1.2129254,-3.1789849,0.71929175,0.18375136
woahdude,world,1449,126.772,0,4,1492,16,-0.32158768,1.7075262,-0.6768075,-1.943626,-0.27005294,0.91095984
woahdude,space,2080,122.286,0,5,1466,17,0.93128806,3.1202078,-0.6336588,-0.42436913,-0.23902121,0.89018553
woahdude,way,1046,120.551,0,6,1415,18,-0.5480225,-0.49277514,0.5750322,-2.5590484,0.17079428,-0.008403729
woahdude,up,2148,120.478,0,3,1492,19,-1.246674,-1.1697377,0.48244035,-3.0872686,-0.26721498,0.050360076
woahdude,of,19454,116.423,0,5,1316,20,-1.7084681,0.49182123,-0.06221437,-2.9982007,0.07186476,1.1668499
woodworking,walnut,1191,81.4,1,21,607,1,7.1981926,-0.44337475,-1.6345025,2.1802628,0.5758997,-0.98232365
woodworking,made,3686,78.785,0,21,523,2,0.58855325,0.640222,-0.6623975,-2.28509,0.5075963,-0.4901376
woodworking,built,1077,75.518,0,23,508,3,3.3740342,1.262531,0.5609849,0.0678786,1.6117593,0.5531782
woodworking,my,8096,71.07,0,15,546,4,-1.3775461,0.40291914,-0.16794324,-3.730388,-0.22782871,-0.46035725
woodworking,post,1268,64.566,0,10,483,5,0.7212,-0.8474625,0.45020702,-0.96799123,-0.9700228,1.1414212
woodworking,so,1047,63.415,0,11,508,6,-1.5116132,-0.4215643,-1.5972087,-3.1185777,-0.6882985,-0.21709311
woodworking,one,1014,63.054,0,9,508,7,-0.5941884,-0.59781444,0.22984754,-2.7863765,-0.7878009,0.0035640583
woodworking,just,1350,61.617,0,11,462,8,-0.9625049,1.2549163,-0.29777378,-3.5247202,0.3733556,-0.45759273
woodworking,at,1406,61.036,0,11,508,9,0.0073224,0.43816528,2.1312933,-2.569361,-0.56025684,0.48392066
woodworking,r,1549,60.26,0,8,557,10,0.11011484,-5.502743,2.8870003,-1.3318741,-2.923924,0.8412996
woodworking,out,1817,58.304,0,7,490,11,-0.5727887,0.80471975,0.64608204,-2.968627,0.12615682,0.17456675
woodworking,from,2938,56.689,0,9,442,12,-0.33930016,0.79723865,0.98435366,-2.6115398,0.27107444,0.51758957
woodworking,first,3584,55.435,0,16,344,13,0.09935633,0.7240812,0.62189585,-2.34711,0.2744144,0.23318471
woodworking,i,10468,54.204,0,7,424,14,-1.650877,-0.33603773,0.32116345,-3.6094012,-1.000925,-0.32947692
woodworking,me,1724,52.773,0,5,397,15,-1.6462924,-3.3588305,-4.177885,-2.815495,-2.5236044,-0.39501652
woodworking,it,3076,52.04,0,7,415,16,-1.2220923,1.3989005,-0.4169012,-3.6389697,0.21471155,0.22040805
woodworking,old,1153,50.894,0,6,441,17,0.798302,0.41203824,0.29517755,-2.1879292,0.23916592,-0.89891815
woodworking,but,1464,50.028,0,9,378,18,-0.9957534,1.1132284,-0.75859904,-3.4802496,0.46259698,-0.009232555
woodworking,of,6571,49.336,0,6,395,19,-0.89642185,0.65209275,1.134863,-2.9982007,0.07186476,1.1668499
woodworking,that,1369,48.976,0,6,382,20,-1.127689,1.6067727,-0.54965985,-3.7552161,0.8998972,-0.031067893
worldnews,snowden,5136,200.576,0,3,2717,1,3.4414544,-0.972384,-0.81331015,2.381844,0.8276,1.1208338
worldnews,edward,2327,191.613,0,2,2723,2,1.1774015,-2.344815,0.4667648,0.7239688,-0.70673454,-1.140921
worldnews,marijuana,2016,191.125,0,1,2722,3,-2.04555,3.479905,-1.739381,0.5201974,1.5976124,1.2492726
worldnews,nsa,5768,177.261,0,2,2461,4,3.0600815,0.24049747,-1.3659103,1.6781052,0.5438326,2.2438788
worldnews,francis,2023,157.774,0,1,2590,5,-0.22511539,-2.0043113,0.37617564,1.0677401,-0.10139838,-0.6777266
worldnews,pirate,1797,153.085,0,2,1802,6,-0.4427594,-1.9810878,1.4383708,1.3624747,-0.052469313,-0.43811074
worldnews,surveillance,3070,152.3,0,3,2018,7,3.061048,1.4680899,-1.3780069,2.1870615,1.1795491,2.549435
worldnews,fifa,1626,148.448,0,1,2276,8,-2.078775,-3.4976618,-1.8948644,0.36845654,-2.1878526,0.5405641
worldnews,refused,1078,147.379,0,3,1985,9,-1.186626,-0.5763122,0.6133029,0.8242562,1.7649715,-0.16656472
worldnews,documents,2674,141.127,0,3,1851,10,2.2805974,0.66060394,0.46485093,1.8148407,1.430176,1.9370042
worldnews,environmental,1224,140.515,0,3,1703,11,0.9176593,1.861803,1.4889824,2.0389578,1.5919957,2.0785582
worldnews,coal,1228,140.053,0,3,1456,12,-1.0309522,0.6881059,4.248808,1.4215574,1.4671094,0.56657577
worldnews,privacy,1457,136.856,0,2,1915,13,2.3432713,0.28884333,-1.634126,0.6930716,0.8115178,2.0681849
worldnews,instead,1452,134.507,0,1,1989,14,-2.1423314,-0.21787556,0.11802062,-1.6601647,1.3560642,-0.13954529
worldnews,reveal,1709,133.902,0,3,1789,15,0.93145657,-0.22724731,0.6472551,0.59389746,1.0175394,0.8854703
worldnews,banned,2816,130.454,0,2,1805,16,-2.5845356,0.084008366,-0.77135074,0.6153006,1.2064173,0.636481
worldnews,drugs,2708,130.248,0,1,1947,17,-2.8685617,2.802045,-1.9236455,-0.6477997,1.4181896,0.20586841
worldnews,bans,3041,127.546,0,3,1639,18,-1.832691,0.7557397,-0.054467186,1.815084,1.420371,0.9812546
worldnews,qatar,1695,126.78,0,2,1701,19,-1.4367667,-2.5023725,-0.61374944,1.7766956,-0.7946315,1.4754012
worldnews,scientists,3729,123.707,0,2,1438,20,0.66169345,1.9944257,2.3262825,1.244367,2.1250741,1.4090307
worldpolitics,snowden,1285,59.176,0,8,539,1,4.822991,0.14735013,1.3326166,2.381844,0.8276,1.1208338
worldpolitics,americans,1311,58.822,0,5,563,2,1.0884601,1.8390824,-1.9543166,0.006741109,2.294442,1.800747
worldpolitics,nsa,1813,57.284,0,13,489,3,4.6132216,-0.7398627,1.2489883,1.6781052,0.5438326,2.2438788
worldpolitics,torture,1156,55.524,0,7,418,4,2.0350475,1.2342529,0.13907687,0.62778896,0.9157368,0.65383416
worldpolitics,them,1820,48.941,0,5,430,5,-2.6611025,0.24461952,0.5299593,-3.2708795,1.2085484,0.06055402
worldpolitics,because,1194,48.159,0,4,455,6,-2.2111952,-0.20990193,0.6898536,-3.0100658,1.2618247,-0.08475999
worldpolitics,internet,1029,47.226,0,5,476,7,1.594144,-4.2266903,-1.2643864,-0.30941406,-1.8817914,2.4370933
worldpolitics,they,3481,46.019,0,4,417,8,-3.0392215,0.30932352,1.1956563,-3.5051446,1.4383961,0.38971087
worldpolitics,money,1034,45.672,0,3,479,9,-1.2010847,-1.9206684,-2.5100577,-1.9954884,0.4445398,0.9005151
worldpolitics,0,1467,45.265,0,5,450,10,None,None,None,None,None,None
worldpolitics,i,2906,44.954,0,2,429,11,-3.0482647,-1.7803046,1.7942158,-3.6094012,-1.000925,-0.32947692
worldpolitics,any,1282,44.408,0,5,427,12,-1.5913076,-0.7308016,-0.21587825,-2.342283,0.63166964,0.83344096
worldpolitics,million,1055,44.305,0,4,439,13,0.21729414,0.272731,-3.2340007,-0.984038,0.5351191,1.3701212
worldpolitics,children,1411,44.254,0,5,389,14,-0.48771468,2.3188994,-1.7595615,-1.092414,1.7844715,0.7153154
worldpolitics,we,3750,44.087,0,4,460,15,-2.4860775,-0.80918473,1.223991,-2.914085,-0.52950966,0.6924777
worldpolitics,1,1520,43.723,0,3,439,16,None,None,None,None,None,None
worldpolitics,were,2028,43.086,0,5,417,17,-2.3144922,1.3802387,1.4919297,-2.7464306,1.3570955,-0.3241211
worldpolitics,killed,1912,42.137,0,4,363,18,-0.081616245,3.7451856,-0.13364692,-1.0808238,1.4438986,-0.62348306
worldpolitics,cia,1622,42.131,0,7,347,19,3.8060188,0.25601378,1.8642501,1.6633146,-0.730886,1.2055057
worldpolitics,public,1219,41.961,0,5,419,20,0.94490933,-1.3302827,-0.4386929,-0.67933446,0.67759895,2.1864817
worldpowers,meta,6643,4.558,1,3,16,1,4.0572305,-4.3163223,-1.3863553,1.7117507,-2.3647468,-0.0151174925
worldpowers,i,1500,3.779,0,3,13,2,-2.0963616,-0.45675054,-1.7438653,-3.6094012,-1.000925,-0.32947692
worldpowers,roleplay,1016,3.766,1,3,11,3,5.117417,0.081305176,-2.9745204,2.4864123,0.42683893,-0.17529128
worldpowers,war,2043,3.442,1,3,10,4,2.1055918,2.0865495,2.1932764,-0.28038254,-0.16365655,1.2089193
worldpowers,a,5568,3.206,1,3,11,5,-0.71764475,-3.898757,1.691361,-2.4333866,-2.5444493,0.38082778
worldpowers,an,1038,3.183,1,2,11,6,-0.5409055,-0.8430862,2.4774723,-2.1368263,-0.7357933,0.54226786
worldpowers,is,2732,3.071,1,2,10,7,-1.7257231,0.7903385,0.31321666,-3.179791,-0.04706385,0.24855019
worldpowers,all,1559,3.07,1,2,9,8,-1.5368361,0.8482408,-1.7103128,-3.2166746,-0.068885975,0.47858277
worldpowers,on,4585,3.018,1,2,9,9,-1.9156833,-0.24092746,-0.42880738,-2.7134001,-0.83771306,0.9725021
worldpowers,as,1218,3.004,1,2,10,10,-0.3781108,-2.006764,1.2950503,-2.2781217,-0.95820844,0.87362534
worldpowers,conflict,4382,2.96,1,2,8,11,4.2888694,2.036589,1.8578184,1.0516949,1.1034805,1.2770449
worldpowers,the,19998,2.941,1,2,9,12,-2.2775607,0.959039,-0.017175136,-3.2426047,-0.24358808,0.80810684
worldpowers,by,1012,2.917,1,2,10,13,-0.7997891,0.8792145,-0.24016973,-1.9502953,-0.116353825,0.59982204
worldpowers,be,2119,2.898,1,2,9,14,-1.3595423,-0.11202919,0.04388594,-3.2174866,0.08383241,0.17779635
worldpowers,of,15378,2.889,1,2,9,15,-1.7432549,1.7341204,0.25623804,-2.9982007,0.07186476,1.1668499
worldpowers,diplomacy,4631,2.821,1,2,8,16,5.348547,1.7524273,0.08239819,2.6011443,1.5500019,0.7824021
worldpowers,and,7958,2.809,1,2,9,17,-1.8620621,0.75339717,-0.9877704,-3.4310362,0.294699,0.15188493
worldpowers,for,5898,2.805,1,2,8,18,-1.6996971,0.072411515,-1.6281736,-3.0441322,-0.3696654,1.2194023
worldpowers,in,7953,2.804,1,2,8,19,-1.6408476,0.94293934,-0.5229547,-2.8785682,-0.5683023,1.1003566
worldpowers,has,1428,2.801,1,2,8,20,-0.6236472,-1.0619388,1.4293886,-2.2448533,-0.0649025,0.4776435
wow,years,2934,72.499,0,1,819,1,-0.25342476,1.5073514,-0.91316575,-2.0438457,0.7118587,0.2206025
wow,he,1731,69.114,0,1,633,2,-2.7146232,-1.29898,2.659319,-2.7646928,-0.82008827,-0.5936299
wow,guy,1857,66.326,0,1,654,3,-0.17736305,-1.2417692,0.91103745,-2.1731968,0.5513065,-1.1612861
wow,ago,1059,65.818,0,1,654,4,-0.1231717,2.94322,0.5036218,-1.4586748,0.15247318,-0.34578076
wow,his,1451,65.314,0,1,601,5,-2.51982,-2.5391626,0.90536696,-2.9064577,0.89347196,-0.6014442
wow,made,3464,62.819,0,2,614,6,0.663372,0.3387477,-0.012396215,-2.28509,0.5075963,-0.4901376
wow,found,3220,60.393,0,1,552,7,0.15809691,1.8809307,0.22290449,-1.6166267,1.0226976,-0.38971415
wow,our,1847,59.904,0,1,542,8,0.08243993,-1.2081735,-2.4143975,-2.6149535,0.50715643,1.1347957
wow,awesome,1267,56.029,0,2,521,9,1.374391,-0.5157076,-1.3457271,-1.758321,-0.16534692,-0.4866563
wow,always,1027,55.695,0,1,476,10,0.24726734,-1.4238881,-0.9689296,-3.0243287,0.41736296,-0.7060642
wow,life,1008,55.191,0,1,558,11,0.6054826,-1.2077224,-2.3527834,-2.8062446,-0.114754654,-0.030254032
wow,him,1096,53.968,0,1,589,12,-1.9684174,-1.5099808,0.91684294,-3.1272774,0.7650703,-0.98501414
wow,vanilla,1702,53.804,0,1,597,13,5.6662993,-1.6740816,2.7525191,0.7732259,-0.16294868,-1.6093372
wow,thought,1729,53.502,0,1,486,14,-0.14872053,1.4105737,0.34074622,-2.4158912,1.3569754,-0.9856474
wow,seen,1104,53.23,0,1,453,15,0.29239666,1.4027842,0.7833823,-1.7502369,0.7923969,-0.80985296
wow,decided,1127,53.154,0,1,511,16,0.9211539,1.1289445,0.761833,-0.9808099,1.5537151,-0.49320942
wow,was,7965,53.15,0,1,543,17,-1.4903696,1.1984094,0.3533479,-3.1935225,0.4661826,-0.7393948
wow,this,27676,51.724,0,1,503,18,0.015746344,-0.62321466,-1.7874503,-3.423039,0.12052153,0.25829396
wow,had,2769,51.374,0,1,475,19,-0.7968578,1.245355,0.7479749,-2.871008,0.79366267,-0.7124806
wow,today,3134,51.242,0,1,456,20,0.16611746,0.18636546,-2.0640478,-2.7574947,0.25998557,0.34778124
writing,r,2719,21.404,0,3,212,1,-0.44650632,-6.5896554,-0.22890222,-1.3318741,-2.923924,0.8412996
writing,ever,1136,20.539,0,3,158,2,-0.96388745,0.366873,0.3630221,-2.7880251,0.3631495,-0.6065687
writing,has,1342,17.895,0,2,195,3,-1.3885098,0.51495034,-2.418091,-2.2448533,-0.0649025,0.4776435
writing,it,1314,17.096,0,1,159,4,-2.2536926,0.83946157,-0.2512836,-3.6389697,0.21471155,0.22040805
writing,we,1020,16.673,0,1,142,5,-1.776441,-0.73670745,0.082633354,-2.914085,-0.52950966,0.6924777
writing,that,4507,16.304,0,2,160,6,-2.2639668,1.2611802,0.031537194,-3.7552161,0.8998972,-0.031067893
writing,from,4534,16.231,0,1,152,7,-1.0253733,0.30710223,0.08862554,-2.6115398,0.27107444,0.51758957
writing,who,1733,16.124,0,2,133,8,-1.2545719,0.13542306,0.9689588,-3.126877,0.843511,-0.12945189
writing,all,1767,15.778,0,1,141,9,-1.7496836,-0.2747689,1.6540034,-3.2166746,-0.068885975,0.47858277
writing,just,2688,15.505,0,1,147,10,-2.1370316,0.8698182,0.31396443,-3.5247202,0.3733556,-0.45759273
writing,i've,1348,15.256,0,2,135,11,None,None,None,None,None,None
writing,author,1756,15.148,0,1,138,12,4.3832345,0.012223331,-1.3495972,0.772555,0.7573053,0.34452847
writing,was,1473,14.997,0,1,138,13,-2.1864338,0.89262354,-1.4703966,-3.1935225,0.4661826,-0.7393948
writing,published,1604,14.837,0,2,119,14,3.9005082,0.42371798,-3.273161,1.0925714,1.535561,1.0527307
writing,this,6188,14.551,0,1,131,15,-2.0044215,0.444871,-0.23502786,-3.423039,0.12052153,0.25829396
writing,books,1549,14.42,0,2,135,16,3.2576203,-0.018552909,-0.04078114,-0.6932857,0.96618444,0.61111647
writing,now,1163,14.324,0,2,114,17,-1.5578537,-0.025355041,0.22923733,-2.8247273,-0.011966664,0.30824298
writing,advice,2483,14.267,0,2,125,18,2.0659232,0.78803045,1.3684889,-1.0216348,1.2479429,0.37754756
writing,writers,4687,14.146,0,2,121,19,4.53383,0.41764572,1.2754338,0.75789684,1.5582783,0.912576
writing,characters,1314,13.893,0,3,112,20,2.8672628,0.37111855,2.8913355,-0.11408483,1.1823809,-0.36837807
xboxone,2015,1229,44.131,0,1,386,1,None,None,None,None,None,None
xboxone,r,1681,39.99,0,1,359,2,1.0609738,-5.392036,-0.41797003,-1.3318741,-2.923924,0.8412996
xboxone,coming,2360,39.807,0,1,347,3,-0.69427013,0.8213049,-1.4422137,-1.9012007,0.13675703,0.10479872
xboxone,make,1500,38.775,0,1,336,4,-2.1518176,0.06766292,1.2120847,-2.8032298,0.14797789,0.20531139
xboxone,collection,1213,37.316,0,1,335,5,1.7563329,1.2860817,-2.5228791,0.2763002,-0.28919336,0.21068509
xboxone,halo,5392,36.384,0,1,325,6,3.3672416,0.7670199,0.5893964,0.8466638,-1.5869715,-0.4185197
xboxone,more,2625,36.047,0,1,342,7,-2.31524,-0.07865107,0.46312368,-2.698736,0.15690249,0.9707182
xboxone,x,1063,34.822,0,1,336,8,0.7730765,-3.6826892,0.104171105,-1.1175205,-3.2103586,-0.32081115
xboxone,trailer,1477,34.398,0,3,257,9,3.225168,0.85256743,-3.0647876,0.40215832,-1.5392607,0.28652993
xboxone,today,1438,34.343,0,1,325,10,-1.8547219,0.74349874,-0.37876096,-2.7574947,0.25998557,0.34778124
xboxone,over,1215,33.109,0,1,257,11,-1.7744069,0.07913031,0.6374337,-2.4282598,0.20016232,0.49509627
xboxone,post,1326,32.84,0,1,285,12,0.905678,0.19978426,0.22173451,-0.96799123,-0.9700228,1.1414212
xboxone,microsoft,5905,31.226,0,1,300,13,3.2645402,1.1053102,3.4996893,1.4053435,-0.79853916,2.6357322
xboxone,year,1033,30.75,0,1,276,14,-1.4056726,0.25756606,-0.606868,-2.3330073,0.2867338,0.3811472
xboxone,psa,1115,30.634,0,2,272,15,2.9414356,0.9061268,1.7161597,1.7375541,-0.10821458,0.41093138
xboxone,e3,1727,29.679,0,1,282,16,None,None,None,None,None,None
xboxone,than,1197,29.643,0,1,284,17,-2.5666244,0.3691876,0.6156455,-2.6687617,0.9965041,0.19805433
xboxone,first,2037,29.602,0,1,287,18,-1.0570067,0.86363155,-0.39348227,-2.34711,0.2744144,0.23318471
xboxone,next,1712,28.651,0,1,271,19,-0.95747155,0.57588905,-0.73488677,-2.1310658,-0.32094786,0.44393578
xboxone,it,1630,28.619,0,1,262,20,-2.5172176,0.25861675,0.50241023,-3.6389697,0.21471155,0.22040805
youtube,has,1033,6.318,0,1,43,1,0.18156189,-2.376975,-3.1975133,-2.2448533,-0.0649025,0.4776435
youtube,why,1475,4.651,0,1,29,2,-0.38726196,-0.05380291,1.6505541,-2.7720356,0.5529339,-0.0028814145
youtube,when,1032,4.595,0,1,29,3,-0.89616555,0.57023764,0.80710673,-3.621951,1.0671849,-0.3380017
youtube,just,1485,4.374,0,1,38,4,-0.81638265,0.2308941,0.09203172,-3.5247202,0.3733556,-0.45759273
youtube,so,1212,4.225,0,1,39,5,-0.03761594,-1.0607303,2.1135874,-3.1185777,-0.6882985,-0.21709311
youtube,that,1691,4.214,0,1,29,6,-1.3194059,-0.5754735,-0.085451104,-3.7552161,0.8998972,-0.031067893
youtube,is,5414,4.123,0,1,28,7,-1.3402308,-1.6780078,-0.9002817,-3.179791,-0.04706385,0.24855019
youtube,not,1784,4.009,0,1,25,8,-1.0248762,0.02105985,1.0188713,-3.244656,0.52007806,0.40083283
youtube,this,5316,3.958,0,1,28,9,-0.45199597,-0.20255795,-0.32622492,-3.423039,0.12052153,0.25829396
youtube,anyone,1422,3.815,0,1,23,10,0.036791086,0.95295936,1.0729864,-2.2393775,1.1760718,0.051271945
youtube,the,10721,3.688,0,1,24,11,-0.6732532,0.224169,-1.7031903,-3.2426047,-0.24358808,0.80810684
youtube,have,1570,3.637,0,1,23,12,-1.0858511,-0.38302058,-0.24474828,-3.513116,0.79508233,0.23116368
youtube,are,1597,3.603,0,1,25,13,-0.8175705,-0.5588088,1.2700961,-3.1324968,0.5529448,0.6463594
youtube,at,1318,3.559,0,1,20,14,-0.28334612,4.44993,-1.7066923,-2.569361,-0.56025684,0.48392066
youtube,there,1097,3.523,0,1,17,15,-0.9616431,0.40570778,0.27627227,-3.191409,0.9392001,0.11138632
youtube,one,1129,3.505,0,1,23,16,0.5904925,-0.17373478,-0.5391435,-2.7863765,-0.7878009,0.0035640583
youtube,youtube,16611,3.49,0,1,24,17,5.5261903,0.08344836,-0.13036782,-0.3034034,-1.989904,1.0400225
youtube,it,3233,3.473,0,1,22,18,-0.8905271,-0.1854437,0.025611326,-3.6389697,0.21471155,0.22040805
youtube,videos,4100,3.447,0,1,21,19,5.6789823,-0.19660656,0.39152664,-0.7219708,-1.4103347,0.47952825
youtube,be,1252,3.402,0,1,21,20,-1.0278901,0.50675607,0.11496968,-3.2174866,0.08383241,0.17779635
zelda,x,1332,103.387,0,18,888,1,None,None,None,-1.1175205,-3.2103586,-0.32081115
zelda,oc,1170,101.673,0,11,881,2,None,None,None,1.0525255,-1.1526995,-0.39761293
zelda,my,9786,98.623,0,16,873,3,None,None,None,-3.730388,-0.22782871,-0.46035725
zelda,when,1075,98.475,0,10,971,4,None,None,None,-3.621951,1.0671849,-0.3380017
zelda,made,2806,97.715,0,17,882,5,None,None,None,-2.28509,0.5075963,-0.4901376
zelda,today,1206,96.489,0,16,863,6,None,None,None,-2.7574947,0.25998557,0.34778124
zelda,got,1788,91.576,0,14,820,7,None,None,None,-2.9497821,0.37691778,-0.89768565
zelda,post,1678,91.289,0,14,810,8,None,None,None,-0.96799123,-0.9700228,1.1414212
zelda,this,8745,86.926,0,12,827,9,None,None,None,-3.423039,0.12052153,0.25829396
zelda,thought,1348,86.276,0,14,780,10,None,None,None,-2.4158912,1.3569754,-0.9856474
zelda,art,1044,85.422,0,13,696,11,None,None,None,-0.37708622,-0.688241,0.5922759
zelda,me,2991,84.657,0,10,812,12,None,None,None,-2.815495,-2.5236044,-0.39501652
zelda,r,2877,84.265,0,13,746,13,None,None,None,-1.3318741,-2.923924,0.8412996
zelda,at,1938,82.333,0,10,879,14,None,None,None,-2.569361,-0.56025684,0.48392066
zelda,found,1281,80.519,0,14,738,15,None,None,None,-1.6166267,1.0226976,-0.38971415
zelda,i,13062,80.004,0,9,785,16,None,None,None,-3.6094012,-1.000925,-0.32947692
zelda,was,2166,79.0,0,12,721,17,None,None,None,-3.1935225,0.4661826,-0.7393948
zelda,guys,1378,78.185,0,10,740,18,None,None,None,-2.5332708,0.02028608,-0.34945717
zelda,up,1130,77.157,0,8,852,19,None,None,None,-3.0872686,-0.26721498,0.050360076
zelda,from,3789,75.305,0,10,686,20,None,None,None,-2.6115398,0.27107444,0.51758957
